# Catalog: American shapes of the AISC Steel Construction Manual (W, M, S, HP, C, MC, L, WT, MT, ST, 2L, HSS, PIPE)
# Standard (declared by the source): AISC Steel Construction Manual, 16th Edition; ASTM A6/A6M (rolled shapes), ASTM A500/A1085 (HSS), ASTM A53 (pipes)
# Source: AISC Shapes Database v16.0, August 2023
# Source file: aisc-shapes-database-v160.xlsx, https://www.aisc.org (downloaded by the user)
# Source SHA256: 82D0CEB96A0D938AE1A6BD9637CB10A1E269225B5D668DCE5B0BDC8D86013496
# Extracted: 2026-09-30 by tools/section-catalogs/extract_aisc.py
# Units: mm, mm2, mm3, mm4, mm6 (Iw), kg/m (G), converted exactly from the US customary values of the database
# Axes as the other catalogs: y-y strong (AISC x-x), z-z weak (AISC y-y); Designation: AISC Manual label, Alias: metric label
# W, M, S, HP, C, MC, WT, MT, ST: h = d, b = bf, kdes = distance from the outer face of the flange to the web toe of the fillet; tf of S, C, MC is the average flange thickness; SlopedFlanges = 1 for the M shape with sloped flanges
# C, MC: ys = x (centroid) and eo (shear centre) from the back of the web; WT, MT, ST: zs = y from the outer face of the flange
# L: h = longer leg (vertical), b = shorter leg (horizontal), ys = x, zs = y; Iu, Iv principal moments (AISC w, z), tanAlpha = tan(alpha) of the Manual
# 2L: long, short, t legs; s spacing; config 0 equal legs, 1 long legs back to back (LLBB), 2 short legs back to back (SLBB); zs = y, ro polar radius of gyration about the shear centre
# HSS: t = tdes, the design thickness (0.93 tnom for ERW HSS); rectangular h = Ht, b = B, Ct = C; round and PIPE D = OD
Designation,Series,InStandard,Alias,G,h,b,tw,tf,t,kdes,D,tnom,long,short,s,config,SlopedFlanges,A,Iy,Iz,Wely,Welz,Wply,Wplz,It,Iw,Ct,I,Wel,Wpl,Iu,Iv,tanAlpha,ys,zs,eo,ro
W44X408,W,1,W1100X607,607.170888976,1137.92,408.94,30.988,55.118,,75.184,,,,,,,,77419.2,16108156170.719995,632671766.9119998,28349620.72,3097155.096,32774127.999999996,4866958.007999999,55775011.030399986,185558283779206.28,,,,,,,,,,,
W44X368,W,1,W1100X548,547.644331234,1127.76,406.4,27.94,50.038,,70.104,,,,,,,,69677.28,14443230468.319996,561912424.5599998,25563819.839999996,2769413.816,29496715.199999996,4342571.96,41623142.55999999,163269806856378.3,,,,,,,,,,,
W44X335,W,1,W1100X499,498.534921096,1117.6,403.86,26.162,44.958,,65.024,,,,,,,,63548.26,12944797336.159996,499477710.7199999,23105760.24,2458059.6,26547043.679999996,3867347.104,31092487.492319994,143666688598951.3,,,,,,,,,,,
W44X290,W,1,W1100X433,431.567543635,1107.44,401.32,21.971,40.132,,59.944,,,,,,,,55096.664,11238248491.199997,432880682.6239999,20319959.36,2163092.448,23105760.24,3359348.12,21186179.563039996,123795034474984.22,,,,,,,,,,,
W44X262,W,1,W1100X390,389.898953215,1099.82,401.32,19.939,36.068,,55.88,,,,,,,,49806.352,10031177356.959997,384181605.8287999,18189641.04,1917286.488,20811571.279999997,2982445.648,15525432.174879994,108757025948738.84,,,,,,,,,,,
W44X230,W,1,W1100X343,342.277707021,1089.66,401.32,18.034,30.988,,51.054,,,,,,,,43741.848,8657613652.479998,331320214.77759993,15911839.144,1655093.464,18025770.4,2572769.048,10364162.497439997,92913409822873.19,,,,,,,,,,,
W40X655,W,1,W1000X976,974.747383038,1107.44,429.26,50.038,89.916,,119.888,,,,,,,,124515.88,23517075546.399994,1194584191.4719996,42442495.76,5571601.76,50472157.12,8881788.688,245160309.67839995,308816246521110.3,,,,,,,,,,,
W40X593,W,1,W1000X883,882.481218537,1092.2,424.18,45.466,82.042,,112.014,,,,,,,,112257.84,20978063850.239994,1048903192.5119997,38345729.76,4948893.328,45228296.63999999,7882177.783999999,185222984.39199996,267730258940475.62,,,,,,,,,,,
W40X503,W,1,W1000X748,748.546463615,1069.34,416.56,39.116,70.104,,100.076,,,,,,,,95483.68,17315227304.959995,849112108.2239997,32446386.72,4080378.936,38017988.48,6456503.215999999,115296104.89119998,211874798700135.7,,,,,,,,,,,
W40X431,W,1,W1000X642,641.398659678,1049.02,411.48,34.036,59.944,,89.916,,,,,,,,81935.32,14484853610.879997,703431109.2639998,27694138.159999996,3408509.312,32118645.439999998,5374956.992,73672962.33119999,171325882852581.2,,,,,,,,,,,
W40X397,W,1,W1000X591,590.801085597,1041.4,408.94,30.988,55.88,,85.852,,,,,,,,75483.72,13319405619.199997,640996395.4239999,25563819.839999996,3129929.224,29496715.199999996,4916119.199999999,59104862.43519998,155482266726715.53,,,,,,,,,,,
W40X372,W,1,W1000X554,553.596987008,1031.24,408.94,29.464,52.07,,82.042,,,,,,,,70967.6,12320450197.759996,591048624.3519999,23925113.439999998,2900510.328,27530267.519999996,4539216.727999999,48282845.36959999,141786937533170.66,,,,,,,,,,,
W40X362,W,1,W1000X539,538.715347572,1031.24,406.4,28.448,51.054,,81.026,,,,,,,,68386.96,12029088199.839996,574399367.3279998,23269630.88,2834962.072,26874784.959999997,4424507.279999999,45369225.39039999,137758899535069.2,,,,,,,,,,,
W40X324,W,1,W1000X483,482.165117717,1021.08,403.86,25.4,45.974,,75.946,,,,,,,,61483.748,10655524495.359997,507802339.2319999,20975441.919999998,2507220.792,23925113.439999998,3916508.296,33048775.192639995,120304068209962.97,,,,,,,,,,,
W40X297,W,1,W1000X443,441.98469124,1010.92,401.32,23.622,41.91,,71.882,,,,,,,,56322.468,9656569073.919998,453692253.90399987,19172864.88,2261414.832,21794795.119999997,3523218.76,25473363.246719994,107145810749498.28,,,,,,,,,,,
W40X277,W,1,W1000X412,412.221412369,1008.38,401.32,21.082,40.132,,70.104,,,,,,,,52580.54,9115468220.639997,432880682.6239999,18025770.4,2163092.448,20483829.999999996,3342961.056,21435918.418399993,101775093418696.36,,,,,,,,,,,
W40X249,W,1,W1000X371,370.552821949,1000.76,401.32,19.05,36.068,,66.04,,,,,,,,47419.26,8158135941.759998,385430300.1055999,16272354.552,1933673.552,18353511.68,2982445.648,15858417.315359997,89690979424392.03,,,,,,,,,,,
W40X215,W,1,W1000X321,319.955247867,990.6,401.32,16.51,30.988,,60.96,,,,,,,,40967.66,6951064807.519999,334233834.75679994,14076487.975999998,1655093.464,15797129.695999999,2556381.984,10322539.354879998,76264186097387.25,,,,,,,,,,,
W40X199,W,1,W1000X296,296.14462477,982.98,401.32,16.51,27.178,,57.15,,,,,,,,37935.408,6201848241.439999,289280840.79199994,12618039.28,1445339.0448,14240358.615999999,2245027.768,7617035.088479999,66059823168863.59,,,,,,,,,,,
W40X392,W,1,W1000X584,583.360265879,1056.64,314.96,36.068,64.008,,93.98,,,,,,,,74838.56,12445319625.439997,334233834.75679994,23597372.159999996,2130318.32,28021879.439999998,3474057.568,71591805.20319998,82171975161269.36,,,,,,,,,,,
W40X331,W,1,W1000X494,492.582265322,1036.32,309.88,30.988,54.102,,84.074,,,,,,,,63032.132,10280916212.319998,268053038.08639994,19828347.439999998,1737028.784,23433501.52,2818575.008,43704299.687999986,64717143836163.12,,,,,,,,,,,
W40X327,W,1,W1000X486,486.629609547,1036.32,307.34,29.972,54.102,,84.074,,,,,,,,61870.844,10197669927.199997,266388112.38399994,19664476.799999997,1720641.72,23105760.24,2785800.88,42871836.83679999,64180072103082.93,,,,,,,,,,,
W40X294,W,1,W1000X438,437.520199409,1026.16,304.8,26.924,49.022,,78.994,,,,,,,,55612.792,9115468220.639997,233922061.18719995,17698029.119999997,1532190.484,20811571.279999997,2458059.6,31883327.20095999,55855460240339.95,,,,,,,,,,,
W40X278,W,1,W1000X415,413.709576312,1021.08,304.8,26.162,45.974,,75.946,,,,,,,,53096.668,8532744224.799998,216856572.73759994,16714805.28,1427313.2744,19500606.159999996,2294188.96,27055042.663999993,51558886375698.414,,,,,,,,,,,
W40X264,W,1,W1000X393,392.875281102,1016,302.26,24.384,43.942,,73.914,,,,,,,,49935.384,8074889656.639998,205202092.82079995,15911839.144,1353571.4864,18517382.319999997,2163092.448,23350582.976159994,48604991843757.36,,,,,,,,,,,
W40X235,W,1,W1000X350,349.718526739,1008.38,302.26,21.082,40.132,,70.104,,,,,,,,44580.556,7242426805.439999,184806752.96639997,14338680.999999998,1222474.9744,16550934.639999999,1933673.552,17190357.877279993,43234274512955.445,,,,,,,,,,,
W40X211,W,1,W1000X314,314.002592093,1000.76,299.72,19.05,36.068,,66.04,,,,,,,,40064.436,6451587096.799998,162330255.98399997,12880232.304,1083184.9304,14846679.984,1720641.72,12653435.338239996,37863557182153.52,,,,,,,,,,,
W40X183,W,1,W1000X272,272.334001673,990.6,299.72,16.51,30.48,,60.452,,,,,,,,34387.028,5494254817.919999,137772601.87359998,11061268.2,917675.584,12683587.535999998,1446977.7512,8033266.514079998,31687232251731.32,,,,,,,,,,,
W40X167,W,1,W1000X249,248.523378576,980.44,299.72,16.51,26.162,,56.134,,,,,,,,31806.388,4828284536.959999,117793493.44479997,9832238.399999999,784940.3656,11356235.351999998,1245416.864,5827239.958399999,26773025894047.562,,,,,,,,,,,
W40X149,W,1,W1000X222,221.736427592,970.28,299.72,16.002,21.082,,51.054,,,,,,,,28258.008,4079067970.879999,95316996.46239997,8406563.831999999,635818.0832,9799464.272,1019275.3808,3895926.143615999,21482869323207.676,,,,,,,,,,,
W36X925,W,1,W920X1377,1376.551647802,1094.74,472.44,76.708,115.062,,134.112,,,,,,,,175483.52,30384894068.79999,2056183242.4639995,55552146.95999999,8701530.984,67678574.32,14125649.168,595210938.6079998,494105994433776.5,,,,,,,,,,,
W36X853,W,1,W920X1269,1269.403843865,1094.74,462.28,64.008,115.062,,134.112,,,,,,,,161935.16,29136199791.999992,1914664557.7599995,53257957.99999999,8275467.319999999,64237290.879999995,13191586.52,516126967.7439999,459196331783564.06,,,,,,,,,,,
W36X802,W,1,W920X1194,1193.507482743,1082.04,457.2,60.452,108.966,,128.016,,,,,,,,152257.76,26971796378.879993,1752334301.7759995,49816674.559999995,7669145.952,59976654.239999995,12191975.615999999,437042996.8799999,413545234471747.75,,,,,,,,,,,
W36X723,W,1,W920X1077,1075.942531201,1061.72,452.12,55.118,99.06,,118.11,,,,,,,,137419.08,23850060686.879993,1540056274.7199996,44900555.36,6817018.624,53585699.279999994,10782688.112,326741669.0959999,357152702498327.56,,,,,,,,,,,
W36X652,W,1,W920X970,970.282891207,1043.94,447.04,50.038,89.916,,114.046,,,,,,,,123870.72,21061310135.359997,1344427504.6879997,40312177.44,6014052.488,47686356.239999995,9520884.183999998,246825235.38079995,303445529190308.4,,,,,,,,,,,
W36X529,W,1,W920X787,787.238726148,1010.92,436.88,40.894,73.914,,98.044,,,,,,,,100644.96,16482764453.759996,1036416249.7439997,32610257.359999996,4735861.495999999,38181859.12,7439727.055999999,136107676.17119998,227181343092921.16,,,,,,,,,,,
W36X487,W,1,W920X725,724.735840518,998.22,434.34,38.1,68.072,,92.202,,,,,,,,92257.88,14984331321.599997,936520707.5999998,29988327.119999997,4309797.831999999,34904446.32,6751470.368,107387707.80479997,202476043371232.3,,,,,,,,,,,
W36X441,W,1,W920X656,656.280299114,988.06,431.8,34.544,61.976,,86.106,,,,,,,,83870.8,13361028761.759996,828300536.9439998,27038655.599999998,3850960.04,31299292.24,6030439.551999999,80748896.56639998,177502207783003.4,,,,,,,,,,,
W36X395,W,1,W920X588,587.82475771,975.36,426.72,30.988,55.88,,80.01,,,,,,,,74838.56,11862595629.599997,728404994.7999998,24416725.36,3408509.312,28021879.439999998,5325795.8,59104862.43519998,154408123260555.16,,,,,,,,,,,
W36X361,W,1,W920X537,537.227183629,965.2,424.18,28.448,51.054,,75.184,,,,,,,,68386.96,10697147637.919998,653483338.1919998,22122536.4,3080768.032,25399949.2,4801409.751999999,45369225.39039999,136684756068908.83,,,,,,,,,,,
W36X330,W,1,W920X491,491.094101378,957.58,421.64,25.908,46.99,,71.12,,,,,,,,62516.004,9698192216.479998,591048624.3519999,20319959.36,2802187.944,23105760.24,4342571.96,35088309.17807999,122452355142283.73,,,,,,,,,,,
W36X302,W,1,W920X449,449.425510958,947.42,424.18,24.003,42.672,,66.802,,,,,,,,57419.24,8782483080.159998,541100853.2799999,18517382.319999997,2556381.984,20975441.919999998,3949282.424,26763680.66607999,110636777014519.52,,,,,,,,,,,
W36X282,W,1,W920X420,419.662232087,942.34,421.64,22.479,39.878,,64.008,,,,,,,,53483.764,8158135941.759998,499477710.7199999,17206417.2,2359737.216,19500606.159999996,3654315.272,21935396.129119996,101506557552156.27,,,,,,,,,,,
W36X262,W,1,W920X390,389.898953215,937.26,421.64,21.336,36.576,,60.706,,,,,,,,49806.352,7450542518.239998,453692253.90399987,15928226.207999999,2163092.448,18025770.4,3342961.056,17315227.304959998,91839266356712.81,,,,,,,,,,,
W36X247,W,1,W920X368,367.576494062,932.18,419.1,20.32,34.29,,58.42,,,,,,,,46774.1,6951064807.519999,420393739.8559999,14961389.431999998,2015608.872,16878675.919999998,3113542.16,14443230.468319997,84857333826670.31,,,,,,,,,,,
W36X231,W,1,W920X344,343.765870965,927.1,419.1,19.304,32.004,,56.134,,,,,,,,43999.912,6493210239.359999,391257540.0639999,13994552.656,1868125.296,15780742.632,2884123.264,11945841.914719997,78412473029708.02,,,,,,,,,,,
W36X387,W,1,W920X576,575.919446161,993.14,322.58,36.068,65.024,,84.074,,,,,,,,73548.24,11030132778.399998,367116117.3791999,22286407.04,2277801.896,26383173.04,3670702.336,71591805.20319998,78949544762788.2,,,,,,,,,,,
W36X350,W,1,W920X521,520.857380249,980.44,320.04,33.02,58.928,,77.978,,,,,,,,66451.48,9823061644.159998,324660511.96799994,19992218.08,2031995.936,23597372.159999996,3261025.736,53693853.90239999,69013717700804.66,,,,,,,,,,,
W36X318,W,1,W920X474,473.236134055,970.28,314.96,29.972,54.102,,73.152,,,,,,,,60257.944,8824106222.719997,283869832.2591999,18189641.04,1802577.04,21303183.2,2884123.264,40915549.13647999,59614962371901.3,,,,,,,,,,,
W36X286,W,1,W920X425,425.614887861,960.12,312.42,26.924,49.022,,68.072,,,,,,,,54128.924,7866773943.839998,250571318.21119994,16387063.999999998,1604293.5656,19008994.24,2556381.984,30301647.783679992,52095958108778.61,,,,,,,,,,,
W36X256,W,1,W920X381,380.969969554,949.96,309.88,24.384,43.942,,62.992,,,,,,,,48580.548,6992687950.079998,219770192.71679994,14666422.28,1417481.036,17042546.56,2245027.768,22018642.414239995,45114025578736.12,,,,,,,,,,,
W36X232,W,1,W920X345,345.254034908,942.34,307.34,22.098,39.878,,58.928,,,,,,,,43870.88,6243471383.999998,194796307.18079996,13257134.775999999,1265081.3408,15338291.904,1999221.808,16482764.453759996,39743308247934.195,,,,,,,,,,,
W36X210,W,1,W920X313,312.51442815,932.18,309.88,21.082,34.544,,53.594,,,,,,,,39935.404,5494254817.919999,171071115.92159995,11782299.015999999,1106126.82,13650424.311999999,1753415.848,11654479.916799998,34372590917132.277,,,,,,,,,,,
W36X194,W,1,W920X289,288.703805052,927.1,307.34,19.431,32.004,,51.054,,,,,,,,36774.12,5036400249.759998,156086784.59999996,10881010.496,1014359.2616,12568878.088,1601016.1528,9240337.648319997,31150160518651.13,,,,,,,,,,,
W36X182,W,1,W920X271,270.84583773,922.02,307.34,18.415,29.972,,49.022,,,,,,,,34580.576,4703415109.279999,144432304.68319997,10209140.872,943894.8864,11765911.952,1486306.7048,7700281.373599998,28733337719790.266,,,,,,,,,,,
W36X170,W,1,W920X253,252.987870407,919.48,304.8,17.272,27.94,,46.99,,,,,,,,32258,4370429968.799999,133194056.19199997,9520884.183999998,871791.8048,10946558.751999998,1373235.9632,6285094.526559998,26450782854199.45,,,,,,,,,,,
W36X160,W,1,W920X238,238.106230971,914.4,304.8,16.51,25.908,,44.958,,,,,,,,30322.52,4062418713.855999,122788270.55199997,8881788.688,804604.8424,10225527.935999999,1266720.0472,5161269.677439999,24221935161916.652,,,,,,,,,,,
W36X150,W,1,W920X223,223.224591535,911.86,304.8,15.875,23.876,,42.926,,,,,,,,28580.588,3762732087.4239993,112382484.91199997,8259080.255999999,739056.5864,9520884.183999998,1161842.8376,4203937.398559999,22073648229595.887,,,,,,,,,,,
W36X135,W,1,W920X201,200.902132382,904.24,304.8,15.24,20.066,,39.116,,,,,,,,25741.884,3246605119.6799994,93652070.75999998,7193921.095999999,617792.3128,8341015.575999999,978307.7208,2913619.979199999,18287292511380.53,,,,,,,,,,,
W33X387,W,1,W840X576,575.919446161,914.4,411.48,32.004,57.912,,77.978,,,,,,,,73548.24,10114423642.079998,674294909.4719999,22122536.4,3277412.8,25563819.839999996,5112763.967999999,61602250.98879998,123257962741904.03,,,,,,,,,,,
W33X354,W,1,W840X527,526.810036024,904.24,408.94,29.464,53.086,,73.152,,,,,,,,67096.64,9157091363.199997,607697881.3759998,20319959.36,2966058.584,23269630.88,4621152.047999999,47866613.94399999,109562633548359.14,,,,,,,,,,,
W33X318,W,1,W840X473,473.236134055,894.08,406.4,26.416,48.006,,68.072,,,,,,,,60451.492,8116512799.199998,536938539.0239999,18189641.04,2638317.304,20811571.279999997,4096766,35129932.32063999,95867304354814.25,,,,,,,,,,,
W33X291,W,1,W840X433,433.055707579,883.92,403.86,24.384,43.942,,64.008,,,,,,,,55225.696,7367296233.119998,482828453.69599986,16714805.28,2392511.344,19008994.24,3703476.464,27096665.80655999,85662941426290.6,,,,,,,,,,,
W33X263,W,1,W840X392,391.387117159,876.3,401.32,22.098,39.878,,59.944,,,,,,,,49935.384,6618079667.039998,432880682.6239999,15059711.815999998,2146705.384,17042546.56,3310186.928,20270470.426719997,75458578497766.95,,,,,,,,,,,
W33X241,W,1,W840X359,358.6475104,868.68,403.86,21.082,35.56,,55.626,,,,,,,,45870.876,5910486243.519999,388343920.0847999,13617650.183999998,1933673.552,15403840.159999998,2982445.648,15067577.606719997,67402502501564.08,,,,,,,,,,,
W33X221,W,1,W840X329,328.884231529,861.06,401.32,19.685,32.512,,52.324,,,,,,,,42128.948,5369385390.239999,349634397.5039999,12437781.576,1737028.784,14043713.848,2687478.496,11571233.631679997,60152034104981.484,,,,,,,,,,,
W33X201,W,1,W840X299,299.120952657,855.98,398.78,18.161,29.21,,49.276,,,,,,,,38128.956,4828284536.959999,311757337.77439994,11241525.904,1560048.4928,12667200.472,2408898.408,8657613.652479999,53170101574938.99,,,,,,,,,,,
W33X169,W,1,W840X251,251.499706463,858.52,292.1,17.018,30.988,,48.768,,,,,,,,31935.42,3866789943.823999,129031741.93599997,8996498.136,883262.7496,10307463.256,1383068.2016,7367296.233119998,22127355402903.902,,,,,,,,,,,
W33X152,W,1,W840X226,226.200919423,850.9,294.64,16.129,26.924,,44.704,,,,,,,,28967.684,3396448432.895999,113631179.18879998,7980500.168,773469.4208,9160368.775999999,1211004.0296,5161269.677439999,19254021630924.88,,,,,,,,,,,
W33X141,W,1,W840X210,209.831116043,845.82,292.1,15.367,24.384,,42.164,,,,,,,,26774.14,3100924120.7199993,102392930.69759998,7341404.671999999,699727.6328,8422950.896,1096294.5816,4037444.828319999,17293709805182.178,,,,,,,,,,,
W33X130,W,1,W840X193,193.461312664,840.74,292.1,14.732,21.717,,39.624,,,,,,,,24709.628,2792912865.7759995,90738450.78079998,6653147.983999999,621069.7256,7652758.887999999,975030.308,3067625.606671999,15199130046169.43,,,,,,,,,,,
W33X118,W,1,W840X176,175.603345341,835.66,292.1,13.97,18.796,,36.576,,,,,,,,22387.052,2455765411.0399995,77835276.58719999,5882955.976,534218.2864,6800631.56,840656.3832,2206026.555679999,12970282353886.633,,,,,,,,,,,
W30X391,W,1,W760X582,581.872101936,843.28,396.24,34.544,61.976,,82.042,,,,,,,,74193.4,8615990509.919998,645158709.6799998,20483829.999999996,3244638.672,23761242.799999997,5079989.84,72008036.62879999,98284127153675.11,,,,,,,,,,,
W30X357,W,1,W760X531,531.274527854,833.12,393.7,31.496,56.896,,76.962,,,,,,,,67741.8,7783527658.719998,578561681.5839999,18681252.959999997,2933284.456,21630924.479999997,4571990.856,55775011.030399986,87005620758991.08,,,,,,,,,,,
W30X326,W,1,W760X484,485.141445604,822.96,391.16,28.956,52.07,,72.136,,,,,,,,61870.844,6992687950.079998,516126967.7439999,17042546.56,2654704.368,19500606.159999996,4129540.128,42871836.83679999,77069793697007.53,,,,,,,,,,,
W30X292,W,1,W760X434,434.543871522,812.8,388.62,25.908,46.99,,67.056,,,,,,,,55483.76,6201848241.439999,457854568.1599999,15239969.519999998,2359737.216,17370287.84,3654315.272,31300603.205119994,67133966635023.984,,,,,,,,,,,
W30X261,W,1,W760X389,388.410789272,802.64,386.08,23.622,41.91,,61.976,,,,,,,,49677.32,5452631675.359999,399165937.1503999,13584876.055999998,2081157.128,15453001.351999998,3211864.544,22518120.124959994,57735211306120.625,,,,,,,,,,,
W30X235,W,1,W760X350,349.718526739,795.02,383.54,21.082,38.1,,58.166,,,,,,,,44709.588,4869907679.519999,355877868.8879999,12257523.872,1868125.296,13879843.207999999,2867736.2,16774126.451679995,51021814642618.23,,,,,,,,,,,
W30X211,W,1,W760X314,314.002592093,784.86,383.54,19.685,33.528,,53.34,,,,,,,,40193.468,4287183683.679999,315087189.17919993,10897397.559999999,1638706.4,12306685.064,2539994.92,11820972.487039996,44576953845655.92,,,,,,,,,,,
W30X191,W,1,W760X284,284.239313222,779.78,381,18.034,30.226,,50.038,,,,,,,,36193.476,3829329115.519999,280123749.4287999,9832238.399999999,1466642.228,11061268.2,2261414.832,8740859.937599998,39206236514854.01,,,,,,,,,,,
W30X173,W,1,W760X257,257.452362238,772.16,381,16.637,27.178,,46.99,,,,,,,,32838.644,3425584632.6879992,248906392.50879994,8865401.624,1307687.7072,9946947.848,2015608.872,6493210.239359998,34641126783672.375,,,,,,,,,,,
W30X148,W,1,W760X220,220.248263648,779.78,266.7,16.51,29.972,,46.482,,,,,,,,28128.976,2780425923.0079994,94484533.61119998,7144759.903999999,709559.8712,8193531.999999999,1114320.352,6035355.671199999,13265671807080.738,,,,,,,,,,,
W30X132,W,1,W760X196,196.437640551,769.62,266.7,15.621,25.4,,41.91,,,,,,,,25032.208,2401655325.7119994,81581359.41759998,6227084.319999999,609598.7808,7161146.967999999,957004.5376,4045769.456831999,11305359981338.04,,,,,,,,,,,
W30X124,W,1,W760X185,184.532329003,767.08,266.7,14.859,23.622,,40.132,,,,,,,,23548.34,2231000441.2159996,75337888.03359999,5817407.72,563715.0016,6685922.112,884901.456,3325689.090543999,10365484448447.703,,,,,,,,,,,
W30X116,W,1,W760X173,172.627017454,762,266.7,14.351,21.59,,38.1,,,,,,,,22064.472,2052020928.2079995,68261953.79839998,5391344.056,512915.1032,6194310.192,806243.5488,2676368.066607999,9371901742249.348,,,,,,,,,,,
W30X108,W,1,W760X161,160.721705906,756.92,266.7,13.843,19.304,,35.814,,,,,,,,20451.572,1860554472.4319994,60769788.13759998,4899732.136,457199.0856,5669924.143999999,719392.1096,2076994.813744,8297758276088.964,,,,,,,,,,,
W30X99,W,1,W760X147,147.328230413,754.38,266.7,13.208,17.018,,33.528,,,,,,,,18709.64,1660763388.1439996,53277622.47679999,4408120.216,401483.068,5112763.967999999,632540.6704,1569192.474512,7196761223274.57,,,,,,,,,,,
W30X90,W,1,W760X134,133.934754921,749.3,264.16,11.938,15.494,,32.004,,,,,,,,16967.708,1502595446.4159997,47866613.94399999,4014830.68,362154.1144,4637539.112,568631.1208,1182097.248704,6444860796962.302,,,,,,,,,,,
W27X539,W,1,W690X802,802.120365584,825.5,388.62,50.038,89.916,,109.982,,,,,,,,102580.44,10655524495.359997,878248308.0159998,25727690.479999997,4539216.727999999,30971550.959999997,7161146.967999999,206450787.09759995,118961388877262.5,,,,,,,,,,,
W27X368,W,1,W690X548,547.644331234,772.16,373.38,35.052,62.992,,83.058,,,,,,,,70322.44,6742949094.719998,545263167.5359999,17370287.84,2933284.456,20319959.36,4571990.856,70759342.35199998,68476645967724.46,,,,,,,,,,,
W27X336,W,1,W690X500,500.023085039,762,370.84,32.004,57.912,,77.978,,,,,,,,63999.872,6076978813.759998,491153082.2079999,15928226.207999999,2654704.368,18517382.319999997,4129540.128,54526316.75359999,60689105838061.68,,,,,,,,,,,
W27X307,W,1,W690X457,456.866330676,751.84,365.76,29.464,53.086,,73.152,,,,,,,,58193.432,5452631675.359999,437042996.8799999,14535325.768,2392511.344,16878675.919999998,3719863.527999999,42039373.98559999,53438637441479.086,,,,,,,,,,,
W27X281,W,1,W690X419,418.174068143,744.22,365.76,26.924,49.022,,69.088,,,,,,,,53612.796,4953153964.639998,396668548.5967999,13339070.095999999,2179479.512,15338291.904,3375735.184,33090398.335199993,47799384244137.08,,,,,,,,,,,
W27X258,W,1,W690X384,383.946297441,736.6,363.22,24.892,44.958,,65.024,,,,,,,,49096.676,4495299396.479999,357542794.5903999,12208362.68,1966447.68,13961778.527999999,3064380.968,25639855.816959996,42697202779875.25,,,,,,,,,,,
W27X235,W,1,W690X350,349.718526739,728.98,360.68,23.114,40.894,,60.96,,,,,,,,44774.104,4037444828.319999,320081966.2863999,11094042.328,1769802.912,12650813.407999998,2753026.752,19562877.003199995,37863557182153.52,,,,,,,,,,,
W27X217,W,1,W690X323,322.931575755,721.36,358.14,21.082,38.1,,58.166,,,,,,,,41225.724,3708622002.0959992,293026923.6223999,10274689.127999999,1638706.4,11651202.503999999,2523607.856,15650301.602559997,34372590917132.277,,,,,,,,,,,
W27X194,W,1,W690X289,288.703805052,713.74,355.6,19.05,34.036,,54.102,,,,,,,,36838.636,3271579005.215999,257647252.44639993,9160368.775999999,1443700.3384,10340237.384,2228640.704,11279871.633759998,29807481185950.65,,,,,,,,,,,
W27X178,W,1,W690X265,264.893181955,706.12,358.14,18.415,30.226,,50.292,,,,,,,,33870.9,2921944607.7119994,231008441.20799994,8275467.319999999,1291300.6432,9340626.479999999,1999221.808,8366251.654559999,26423929267545.438,,,,,,,,,,,
W27X161,W,1,W690X240,239.594394915,701.04,355.6,16.764,27.432,,47.498,,,,,,,,30709.616,2626420295.5359993,206867018.52319995,7505275.311999999,1161842.8376,8439337.959999999,1786189.976,6285094.526559998,23443181148950.375,,,,,,,,,,,
W27X146,W,1,W690X217,217.271935761,695.96,355.6,15.367,24.765,,44.704,,,,,,,,27870.912,2355869868.8959994,184390521.54079995,6784244.495999999,1040578.564,7603597.696,1601016.1528,4703415.10928,20730968896895.406,,,,,,,,,,,
W27X129,W,1,W690X192,191.97314872,701.04,254,15.494,27.94,,43.18,,,,,,,,24387.048,1981261585.8559995,76586582.31039998,5653537.079999999,603043.9552,6472890.279999999,943894.8864,4620168.824159998,8727415662553.117,,,,,,,,,,,
W27X114,W,1,W690X170,169.650689567,693.42,256.54,14.478,23.622,,38.862,,,,,,,,21677.376,1698224216.4479995,66180796.670399986,4899732.136,516192.516,5620762.952,807882.2552,3050976.349647999,7411589916506.647,,,,,,,,,,,
W27X102,W,1,W690X152,151.792722244,688.34,254,13.081,21.082,,36.322,,,,,,,,19354.8,1506757760.6719997,57856168.158399984,4375346.088,455560.3792,4998054.52,711198.5776,2197701.927168,6444860796962.302,,,,,,,,,,,
W27X94,W,1,W690X140,139.887410696,683.26,254,12.446,18.923,,34.036,,,,,,,,17806.416,1361076761.7119997,51612696.77439999,3982056.552,406399.1872,4555603.791999999,635818.0832,1677412.645168,5719813957304.043,,,,,,,,,,,
W27X84,W,1,W690X125,125.00577126,678.18,254,11.684,16.256,,31.496,,,,,,,,15935.452,1186259562.9599998,44120531.113599986,3490444.632,347405.7568,3998443.615999999,544050.5248,1169610.305936,4806792011067.717,,,,,,,,,,,
W24X370,W,1,W610X551,550.620659121,711.2,347.98,38.608,69.088,,81.788,,,,,,,,70322.44,5577501103.039999,482828453.69599986,15682420.247999998,2785800.88,18517382.319999997,4375346.088,83662516.54559998,49947671176457.84,,,,,,,,,,,
W24X335,W,1,W610X498,498.534921096,698.5,342.9,35.052,62.992,,75.692,,,,,,,,63419.228,4953153964.639998,428718368.3679999,14158423.295999998,2490833.728,16714805.28,3900121.232,63267176.69119999,43234274512955.445,,,,,,,,,,,
W24X306,W,1,W610X455,455.378166732,688.34,340.36,32.004,57.912,,70.612,,,,,,,,57870.852,4453676253.919999,382516680.12639993,12929393.496,2245027.768,15108873.008,3506831.696,48699076.79519999,38132093048693.625,,,,,,,,,,,
W24X279,W,1,W610X415,415.197740256,678.18,337.82,29.464,53.086,,65.786,,,,,,,,52838.604,3995821685.7599993,342558463.2687999,11765911.952,2031995.936,13683198.44,3162703.351999999,37668944.016799994,33566983317511.992,,,,,,,,,,,
W24X250,W,1,W610X372,372.040985892,668.02,335.28,26.416,48.006,,60.706,,,,,,,,47419.26,3533804803.3439994,301351552.13439995,10553269.215999998,1802577.04,12191975.615999999,2802187.944,27721012.94495999,29001873586330.36,,,,,,,,,,,
W24X229,W,1,W610X341,340.789543077,660.4,332.74,24.384,43.942,,56.642,,,,,,,,43354.752,3184170405.839999,270966658.0655999,9635593.632,1628874.1616,11061268.2,2523607.856,21352672.133279994,25806296774503.22,,,,,,,,,,,
W24X207,W,1,W610X307,308.049936319,652.78,330.2,22.098,39.878,,52.578,,,,,,,,39161.212,2838698322.5919995,240581763.99679995,8701530.984,1455171.2832,9930560.784,2245027.768,15941663.600479996,22583866376022.066,,,,,,,,,,,
W24X192,W,1,W610X285,285.727477165,647.7,330.2,20.574,37.084,,49.784,,,,,,,,36451.54,2605608724.2559996,220602655.56799996,8046048.424,1340461.8352,9160368.775999999,2064770.064,12819927.908479998,20489286617009.32,,,,,,,,,,,
W24X176,W,1,W610X262,261.916854068,640.08,327.66,19.05,34.036,,46.736,,,,,,,,33354.772,2364194497.4079995,199374852.86239997,7374178.799999999,1217558.8552,8373789.703999999,1884512.36,9947931.071839998,18367853271342.562,,,,,,,,,,,
W24X162,W,1,W610X241,241.082558858,635,330.2,17.907,30.988,,43.688,,,,,,,,30838.648,2151916470.3519993,184390521.54079995,6784244.495999999,1120875.1776,7669145.952,1720641.72,7700281.373599998,16810345245410.006,,,,,,,,,,,
W24X146,W,1,W610X217,217.271935761,627.38,327.66,16.51,27.686,,40.386,,,,,,,,27741.88,1906339929.2479994,162746487.40959996,6079600.743999999,991417.372,6849792.751999999,1527274.3648,5577501.103039999,14662058313089.238,,,,,,,,,,,
W24X131,W,1,W610X195,194.949476608,622.3,327.66,15.367,24.384,,37.084,,,,,,,,24903.176,1673250330.9119997,141518684.70399997,5391344.056,868514.392,6063213.68,1335545.716,3954198.543199999,12648039314038.518,,,,,,,,,,,
W24X117,W,1,W610X174,174.115181398,617.22,325.12,13.97,21.59,,34.29,,,,,,,,22193.504,1473459246.6239996,123620733.40319997,4768635.624,761998.476,5358569.927999999,1170036.3696,2797075.180031999,10956263354835.914,,,,,,,,,,,
W24X104,W,1,W610X155,154.769050131,612.14,325.12,12.7,19.05,,31.75,,,,,,,,19806.412,1290317419.3599997,107803939.23039998,4227862.511999999,666953.5048,4735861.495999999,1022552.7936,1964612.328831999,9452462502211.377,,,,,,,,,,,
W24X103,W,1,W610X153,153.280886188,622.3,228.6,13.97,24.892,,37.592,,,,,,,,19548.348,1248694276.7999997,49531539.64639999,4014830.68,434257.196,4588377.92,680063.156,2942756.178991999,4457695384565.593,,,,,,,,,,,
W24X94,W,1,W610X140,139.887410696,617.22,230.378,13.081,22.225,,35.052,,,,,,,,17870.932,1123824849.1199996,45369225.39039999,3637928.208,393289.536,4162314.256,614514.9,2189377.298655999,4028037998101.439,,,,,,,,,,,
W24X84,W,1,W610X125,125.00577126,612.14,229.108,11.938,19.558,,32.258,,,,,,,,15935.452,986468478.6719998,39292246.576639995,3211864.544,342489.6376,3670702.336,534218.2864,1540056.27472,3437259091713.228,,,,,,,,,,,
W24X76,W,1,W610X113,113.100459711,607.06,228.346,11.176,17.272,,29.972,,,,,,,,14451.584,874085993.7599998,34339092.61199999,2884123.264,301521.9776,3277412.8,468670.0304,1115500.220608,2980748118595.065,,,,,,,,,,,
W24X68,W,1,W610X101,101.195148163,601.98,227.838,10.541,14.859,,27.686,,,,,,,,12967.716,761703508.8479998,29302692.362239994,2523607.856,257276.9048,2900510.328,401483.068,778352.765872,2532293221473.1045,,,,,,,,,,,
W24X62,W,1,W610X92,92.266164501,601.98,178.816,10.922,14.986,,27.686,,,,,,,,11741.912,645158709.6799998,14359984.183199996,2146705.384,160593.2272,2507220.792,257276.9048,711755.737776,1240635703415.2432,,,,,,,,,,,
W24X55,W,1,W610X82,81.849016896,599.44,178.054,10.033,12.827,,25.654,,,,,,,,10451.592,561912424.5599998,12112334.484959997,1868125.296,136012.6312,2195866.576,217947.9512,491153.082208,1039233803510.1713,,,,,,,,,,,
W21X275,W,1,W530X409,409.245084482,612.14,327.66,30.988,55.626,,85.598,,,,,,,,52774.088,3200819662.8639994,327574131.94719994,10454946.831999999,1999221.808,12273910.935999999,3129929.224,44536762.53919999,25349785801385.055,,,,,,,,,,,
W21X248,W,1,W530X369,369.064658005,601.98,325.12,27.94,50.546,,80.518,,,,,,,,47612.808,2842860636.847999,290945766.4943999,9438948.864,1786189.976,10995719.943999998,2785800.88,33589876.04591999,22127355402903.902,,,,,,,,,,,
W21X223,W,1,W530X332,331.860559416,594.36,322.58,25.4,45.466,,75.438,,,,,,,,42903.14,2530687067.6479993,255566095.31839994,8521273.28,1584629.0888,9848625.464,2458059.6,24765769.823199995,19254021630924.88,,,,,,,,,,,
W21X201,W,1,W530X300,299.120952657,584.2,320.04,23.114,41.402,,54.102,,,,,,,,38257.988,2210188869.9359994,225597432.67519996,7554436.504,1410926.2104,8685143.92,2179479.512,17023865.307039995,16649223725485.947,,,,,,,,,,,
W21X182,W,1,W530X272,270.84583773,576.58,317.5,21.082,37.592,,50.292,,,,,,,,34580.576,1968774643.0879996,201039778.56479996,6833405.687999999,1265081.3408,7800242.464,1950060.616,12778304.765919996,14608351139781.219,,,,,,,,,,,
W21X166,W,1,W530X248,247.035214633,571.5,314.96,19.05,34.544,,47.244,,,,,,,,31483.808,1781470501.5679996,181060670.13599995,6227084.319999999,1147094.48,7079211.647999999,1769802.912,9823061.644159999,13023989527194.652,,,,,,,,,,,
W21X147,W,1,W530X219,218.760099705,561.34,317.5,18.288,29.21,,41.91,,,,,,,,27870.912,1510920074.9279997,156503016.02559996,5391344.056,984862.5464,6112374.872,1517442.1264,6409963.954239999,11036824114797.943,,,,,,,,,,,
W21X132,W,1,W530X196,196.437640551,553.72,314.96,16.51,26.416,,39.116,,,,,,,,25032.208,1340265190.4319997,138605064.72479996,4834183.88,876707.924,5456892.312,1348655.3672,4703415.10928,9667291195443.453,,,,,,,,,,,
W21X122,W,1,W530X182,181.556001115,551.18,314.96,15.24,24.384,,37.084,,,,,,,,23161.244,1232045019.7759998,126950584.80799997,4473668.471999999,806243.5488,5030828.647999999,1238862.0384,3737758.201887999,8781122835861.137,,,,,,,,,,,
W21X111,W,1,W530X165,165.186197736,546.1,312.42,13.97,22.225,,35.052,,,,,,,,21032.216,1111337906.3519998,114047410.61439997,4080378.936,729224.348,4571990.856,1117597.7648,2842860.636847999,7841247302970.801,,,,,,,,,,,
W21X101,W,1,W530X150,150.304558301,543.56,312.42,12.7,20.32,,33.02,,,,,,,,19225.768,1007280049.9519998,103225393.54879998,3719863.527999999,660398.6792,4145927.192,1011081.8488,2168565.727376,7035639703350.514,,,,,,,,,,,
W21X93,W,1,W530X138,138.399246752,548.64,213.868,14.732,23.622,,36.322,,,,,,,,17612.868,861599050.9919997,38667899.43823999,3146316.288,362154.1144,3621541.144,568631.1208,2509875.496367999,2669246513408.5537,,,,,,,,,,,
W21X83,W,1,W530X123,123.517607316,543.56,212.344,13.081,21.209,,34.036,,,,,,,,15741.904,761703508.8479998,33881238.04383999,2802187.944,319547.748,3211864.544,499805.452,1806444.387103999,2317464528241.028,,,,,,,,,,,
W21X73,W,1,W530X109,108.635967881,538.48,210.82,11.557,18.796,,31.496,,,,,,,,13870.94,665970280.9599998,29385938.64735999,2474446.664,278580.088,2818575.008,435895.9024,1257018.905312,1989850771062.1108,,,,,,,,,,,
W21X68,W,1,W530X101,101.195148163,535.94,210.058,10.922,17.399,,30.226,,,,,,,,12903.2,616022509.8879999,26930173.236319996,2294188.96,257276.9048,2621930.24,399844.3616,1019766.99272,1815302457811.0483,,,,,,,,,,,
W21X62,W,1,W530X92,92.266164501,533.4,209.296,10.16,15.621,,28.448,,,,,,,,11806.428,553587796.0479999,23933306.971999995,2081157.128,229418.896,2359737.216,355599.2888,761703.508848,1600473764578.9717,,,,,,,,,,,
W21X55,W,1,W530X82,81.849016896,528.32,208.788,9.525,13.2588,,25.908,,,,,,,,10451.592,474503825.1839999,20145600.999039996,1802577.04,193367.3552,2064770.064,301521.9776,516126.967744,1337308615369.6777,,,,,,,,,,,
W21X48,W,1,W530X72,71.431869291,523.24,206.756,8.89,10.922,,23.622,,,,,,,,9096.756,399165937.1503999,16108156.170719998,1523996.952,156004.84928,1753415.848,244167.2536,334233.8347568,1060716672833.3789,,,,,,,,,,,
W21X57,W,1,W530X85,84.825344783,535.94,166.624,10.287,16.51,,29.21,,,,,,,,10774.172,486990767.9519999,12736681.623359997,1818964.104,153219.0484,2113931.256,242528.5472,736729.623312,856629414262.906,,,,,,,,,,,
W21X50,W,1,W530X74,74.408197178,528.32,165.862,9.652,13.589,,26.416,,,,,,,,9483.852,409571722.7903999,10364162.497439997,1548577.548,125197.16896,1802577.04,199922.1808,474503.825184,690137177008.0465,,,,,,,,,,,
W21X44,W,1,W530X66,65.479213517,525.78,165.1,8.89,11.43,,24.13,,,,,,,,8387.08,350883091.7807999,8615990.509919997,1337184.4224,104385.59768,1563325.9056,167148.0528,320498.197712,566610678399.6024,,,,,,,,,,,
W18X311,W,1,W460X464,462.81898645,566.42,304.8,38.608,69.596,,82.296,,,,,,,,59096.656,2901133036.431999,330903983.35199994,10225527.935999999,2163092.448,12355846.256,3392122.248,73256730.90559998,20462433030355.31,,,,,,,,,,,
W18X283,W,1,W460X421,421.15039603,556.26,302.26,35.56,63.5,,76.2,,,,,,,,53741.828,2568147895.951999,293026923.6223999,9258691.159999998,1933673.552,11077655.263999999,3031606.84,55775011.030399986,17696513604992.32,,,,,,,,,,,
W18X258,W,1,W460X384,383.946297441,546.1,299.72,32.512,58.42,,68.58,,,,,,,,49032.16,2293435155.0559993,261393335.27679995,8422950.896,1753415.848,10012496.103999998,2720252.624,42871836.83679999,15467665912709.525,,,,,,,,,,,
W18X234,W,1,W460X349,348.230362795,535.94,297.18,29.464,53.594,,63.754,,,,,,,,44257.976,2039533985.4399996,232257135.48479995,7636371.823999999,1569880.7312,8996498.136,2441672.536,32757413.194719993,13453646913658.807,,,,,,,,,,,
W18X211,W,1,W460X315,314.002592093,525.78,294.64,26.924,48.514,,58.674,,,,,,,,40193.468,1802282072.8479996,205202092.82079995,6866179.816,1397816.5592,8029661.359999999,2163092.448,24391161.540159997,11654456607840.164,,,,,,,,,,,
W18X192,W,1,W460X286,285.727477165,518.16,292.1,24.384,44.45,,54.61,,,,,,,,36257.992,1610815617.0719995,183141827.26399997,6227084.319999999,1258526.5152,7243082.288,1950060.616,18605544.72432,10204362928523.645,,,,,,,,,,,
W18X175,W,1,W460X260,260.428690125,508,289.56,22.606,40.386,,50.546,,,,,,,,33161.224,1435998418.3199997,162746487.40959996,5637150.016,1127430.0032,6522051.471999999,1737028.784,14068622.185279995,8942244355785.193,,,,,,,,,,,
W18X158,W,1,W460X235,235.129903084,500.38,287.02,20.574,36.576,,46.736,,,,,,,,29870.908,1273668162.3359997,144432304.68319997,5079989.84,1006165.7296,5833794.783999999,1553493.6672,10489031.925119998,7787540129662.782,,,,,,,,,,,
W18X143,W,1,W460X213,212.80744393,495.3,284.48,18.542,33.528,,43.688,,,,,,,,27096.72,1144636420.3999996,129447973.36159997,4621152.047999999,909482.052,5276634.607999999,1399455.2656,7991643.371519998,6901371770080.465,,,,,,,,,,,
W18X130,W,1,W460X193,193.461312664,490.22,284.48,17.018,30.48,,40.64,,,,,,,,24709.628,1023929306.9759997,115712336.31679997,4195088.384,817714.4936,4752248.56,1256887.8088,6035355.671199999,6095764170460.178,,,,,,,,,,,
W18X119,W,1,W460X177,177.091509285,482.6,287.02,16.637,26.924,,37.084,,,,,,,,22645.116,911546822.0639998,105306550.67679997,3785411.784,735779.1736,4293410.767999999,1132346.1224,4412053.111359999,5451278090763.947,,,,,,,,,,,
W18X106,W,1,W460X158,157.745378018,474.98,284.48,14.986,23.876,,34.036,,,,,,,,20064.476,795002022.8959998,91570913.63199998,3342961.056,645650.3216,3769024.72,991417.372,3113411.063488,4672524077797.669,,,,,,,,,,,
W18X97,W,1,W460X144,144.351902526,472.44,281.94,13.589,22.098,,32.258,,,,,,,,18387.06,728404994.7999998,83662516.54559998,3080768.032,591573.0104,3457670.504,906204.6392,2439116.154016,4242866691333.5156,,,,,,,,,,,
W18X86,W,1,W460X128,127.982099147,467.36,281.94,12.192,19.558,,29.718,,,,,,,,16322.548,636834081.1679999,72840499.47999999,2720252.624,517831.2224,3047993.904,793133.8976,1706548.844959999,3652087784945.3047,,,,,,,,,,,
W18X76,W,1,W460X113,113.100459711,462.28,279.4,10.795,17.272,,27.432,,,,,,,,14387.068,553587796.0479999,63267176.69119999,2392511.344,452282.9664,2671091.432,691534.1008,1177934.934448,3141869638519.1226,,,,,,,,,,,
W18X71,W,1,W460X106,105.659639993,469.9,194.056,12.573,20.574,,30.734,,,,,,,,13483.844,486990767.9519999,25098754.96367999,2081157.128,258915.6112,2392511.344,404760.4808,1452647.675344,1262118572738.451,,,,,,,,,,,
W18X65,W,1,W460X97,96.730656332,467.36,192.786,11.43,19.05,,29.21,,,,,,,,12322.556,445367625.3919999,22809482.122879993,1917286.488,235973.7216,2179479.512,368708.94,1136311.791888,1138592074130.0068,,,,,,,,,,,
W18X60,W,1,W460X89,89.289836614,462.28,192.024,10.541,17.653,,27.94,,,,,,,,11354.816,409571722.7903999,20853194.422559995,1769802.912,217947.9512,2015608.872,337573.5184,903222.193552,1033863086179.3693,,,,,,,,,,,
W18X55,W,1,W460X82,81.849016896,459.74,191.262,9.906,16.002,,26.162,,,,,,,,10451.592,370445968.7839999,18688791.009439994,1610848.3912,195006.0616,1835351.168,303160.684,690944.166496,921078022232.529,,,,,,,,,,,
W18X50,W,1,W460X74,74.408197178,457.2,190.5,9.017,14.478,,24.6888,,,,,,,,9483.852,332985140.4799999,16690880.166559996,1456809.9896,175341.5848,1655093.464,272025.2624,516126.967744,816349034281.8916,,,,,,,,,,,
W18X46,W,1,W460X68,68.455541404,459.74,153.924,9.144,15.367,,25.654,,,,,,,,8709.66,296356775.0271999,9365207.075999998,1291300.6432,121755.88552,1486306.7048,191728.6488,507802.339232,461881690448.96497,,,,,,,,,,,
W18X40,W,1,W460X60,59.526557743,454.66,152.908,8.001,13.335,,23.5458,,,,,,,,7612.888,254733632.46719995,7950020.228959999,1120875.1776,104057.8564,1284745.8176,163870.64,337147.454736,386691647817.73816,,,,,,,,,,,
W18X35,W,1,W460X52,52.085738025,449.58,152.4,7.62,10.795,,21.0058,,,,,,,,6645.148,212278027.05599993,6368340.811679998,943894.8864,83901.76768,1089739.756,132079.73584,210613.1013536,306130887855.70935,,,,,,,,,,,
W16X100,W,1,W410X149,148.816394357,431.8,264.16,14.859,25.019,,35.306,,,,,,,,18967.704,620184824.1439998,77419045.16159998,2867736.2,585018.1848,3244638.672,899649.8136,3217468.919888,3195576811827.1416,,,,,,,,,,,
W16X89,W,1,W410X132,132.446590978,426.72,264.16,13.335,22.225,,32.512,,,,,,,,16903.192,541100853.2799999,67845722.37279998,2539994.92,514553.8096,2867736.2,788217.7784,2268461.26952,2739065838708.9785,,,,,,,,,,,
W16X77,W,1,W410X114,114.588623655,419.1,261.62,11.557,19.304,,29.464,,,,,,,,14580.616,462016882.4159999,57439936.732799985,2195866.576,440812.0216,2458059.6,673508.3304,1485946.189392,2306723093579.424,,,,,,,,,,,
W16X67,W,1,W410X100,99.706984219,414.02,259.08,10.033,16.891,,27.178,,,,,,,,12645.136,397084780.0223999,49531539.64639999,1917286.488,380179.8848,2130318.32,581740.772,994793.107184,1960311825742.7002,,,,,,,,,,,
W16X57,W,1,W410X85,84.825344783,416.56,180.848,10.922,18.161,,28.448,,,,,,,,10838.688,315503420.6047999,17939574.443359997,1510887.3008,198283.4744,1720641.72,309715.5096,924033.764832,714305404996.6552,,,,,,,,,,,
W16X50,W,1,W410X75,74.408197178,414.02,179.578,9.652,16.002,,26.162,,,,,,,,9483.852,274296509.4703999,15483809.032319998,1327352.184,172064.172,1507609.888,267109.1432,632671.766912,609576417046.0177,,,,,,,,,,,
W16X45,W,1,W410X67,66.967377461,408.94,178.816,8.763,14.351,,24.5618,,,,,,,,8580.628,243911615.40159994,13652390.759679995,1191339.5528,153055.17776,1348655.3672,237612.428,462016.882416,534386374414.7909,,,,,,,,,,,
W16X40,W,1,W410X60,59.526557743,406.4,177.8,7.747,12.827,,23.0378,,,,,,,,7612.888,215607878.46079996,12029088.199839996,1060243.0408,135193.278,1196255.672,208115.7128,330487.7519264,464567049114.36597,,,,,,,,,,,
W16X36,W,1,W410X53,53.573901969,403.86,177.546,7.493,10.922,,21.1328,,,,,,,,6838.696,186471678.66879997,10197669.927199997,925869.116,114709.448,1048772.096,176980.2912,226846.126952,392062365148.54004,,,,,,,,,,,
W16X31,W,1,W410X46.1,46.133082251,403.86,140.462,6.985,11.176,,21.3868,,,,,,,,5890.3108,156086784.59999996,5161269.677439999,773469.4208,73577.91736,884901.456,115201.05992,191882.6872016,198448005373.1309,,,,,,,,,,,
W16X26,W,1,W410X38.8,38.692262533,398.78,139.7,6.35,8.763,,18.9738,,,,,,,,4954.8288,125285659.10559997,3991659.371503999,629263.2576,57190.85336,724308.2288,89801.11072,109052.6335072,151722764595.1542,,,,,,,,,,,
W14X873,W,1,W360X1299,1299.167122736,599.44,477.52,100.076,139.954,,154.94,,,,,,,,165806.12,7533788803.359998,2568147895.951999,25072207.919999998,10749913.984,33265739.919999998,16714805.28,944845336.1119998,135610612602748.44,,,,,,,,,,,
W14X808,W,1,W360X1202,1202.436466404,579.12,472.44,94.996,130.048,,145.034,,,,,,,,153548.08,6618079667.039998,2310084412.0799994,22778018.959999997,9783077.207999999,29988327.119999997,15239969.519999998,765865823.1039999,116544566078401.62,,,,,,,,,,,
W14X730,W,1,W360X1086,1086.359678806,568.96,454.66,77.978,124.714,,139.954,,,,,,,,138709.4,5952109386.079999,1964612328.8319995,20975441.919999998,8635982.728,27202526.24,13371844.224,603535567.1199999,97209983687514.72,,,,,,,,,,,
W14X665,W,1,W360X990,989.629022474,548.64,449.58,71.882,114.808,,130.048,,,,,,,,126451.36,5161269677.439999,1735685044.7519996,18845123.599999998,7734694.208,24252854.72,11962556.719999999,466179196.6719999,81903439294729.25,,,,,,,,,,,
W14X605,W,1,W360X900,900.33918586,530.86,441.96,66.04,105.664,,120.904,,,,,,,,114838.48,4495299396.479999,1531731646.2079997,17042546.56,6931728.072,21630924.479999997,10684365.727999998,361705108.8463999,69282253567344.75,,,,,,,,,,,
W14X550,W,1,W360X818,818.490168963,513.08,436.88,60.452,97.028,,112.268,,,,,,,,104515.92,3925062343.407999,1352752133.1999996,15256356.583999999,6194310.192,19336735.52,9553658.311999999,278458823.72639996,58809354772281.01,,,,,,,,,,,
W14X500,W,1,W360X744,744.081971785,497.84,431.8,55.626,88.9,,104.14,,,,,,,,94838.52,3417260004.175999,1198746505.7279997,13732359.632,5555214.696,17206417.2,8554047.408,213942952.75839996,50216207042997.94,,,,,,,,,,,
W14X455,W,1,W360X677,677.114594324,482.6,426.72,51.308,81.534,,96.774,,,,,,,,86451.44,2992703950.063999,1065552449.5359998,12388620.384,4981667.455999999,15338291.904,7669145.952,164411413.11199996,42965738646415.35,,,,,,,,,,,
W14X426,W,1,W360X634,633.957839961,474.98,424.18,47.752,77.216,,92.202,,,,,,,,80645,2747127408.9599996,982306164.4159998,11569267.183999998,4637539.112,14240358.615999999,7111985.776,137772601.87359998,38669164781773.81,,,,,,,,,,,
W14X398,W,1,W360X592,592.289249541,464.82,421.64,44.958,72.39,,87.376,,,,,,,,75483.72,2497388553.5999994,903222193.5519998,10749913.984,4293410.767999999,13126038.263999999,6587599.727999999,113631179.18879998,34641126783672.375,,,,,,,,,,,
W14X370,W,1,W360X551,550.620659121,454.66,419.1,42.164,67.564,,82.804,,,,,,,,70322.44,2264298955.2639995,828300536.9439998,9946947.848,3949282.424,12060879.103999998,6063213.68,92403376.48319998,31150160518651.13,,,,,,,,,,,
W14X342,W,1,W360X509,508.952068701,444.5,416.56,39.116,62.738,,77.978,,,,,,,,65161.16,2039533985.4399996,753378880.3359998,9143981.712,3621541.144,11012107.008,5538827.631999999,74089193.75679998,27659194253629.88,,,,,,,,,,,
W14X311,W,1,W360X463,462.81898645,434.34,411.48,35.814,57.404,,72.644,,,,,,,,58967.624,1802282072.8479996,670132595.2159998,8291854.384,3261025.736,9881399.591999998,4981667.455999999,56607473.881599985,23926545708722.547,,,,,,,,,,,
W14X283,W,1,W360X421,421.15039603,424.18,408.94,32.766,52.578,,67.818,,,,,,,,53741.828,1598328674.3039997,599373252.8639998,7521662.375999999,2933284.456,8881788.688,4490055.535999999,43288068.26239999,20865236830165.453,,,,,,,,,,,
W14X257,W,1,W360X382,382.458133497,416.56,406.4,29.972,48.006,,63.246,,,,,,,,48774.096,1415186847.0399997,536938539.0239999,6800631.56,2638317.304,7980500.168,4031217.743999999,32923905.76495999,18206731751418.504,,,,,,,,,,,
W14X233,W,1,W360X347,346.742198852,406.4,403.86,27.178,43.688,,58.928,,,,,,,,44193.46,1252856591.0559998,478666139.4399999,6145148.999999999,2376124.28,7144759.903999999,3621541.144,24765769.823199995,15843616125865.66,,,,,,,,,,,
W14X211,W,1,W360X314,314.002592093,398.78,401.32,24.892,39.624,,54.864,,,,,,,,39999.92,1107175592.0959997,428718368.3679999,5538827.631999999,2130318.32,6390954.959999999,3244638.672,18563921.581759997,13829597126814.94,,,,,,,,,,,
W14X193,W,1,W360X287,287.215641109,393.7,398.78,22.606,36.576,,51.816,,,,,,,,36645.088,998955421.4399998,387511457.2335999,5079989.84,1950060.616,5817407.72,2949671.52,14484853.610879995,12325796274190.402,,,,,,,,,,,
W14X176,W,1,W360X262,261.916854068,386.08,398.78,21.082,33.274,,48.514,,,,,,,,33419.288,890735250.7839998,348801934.6527999,4604764.983999999,1753415.848,5243860.48,2671091.432,11030132.778399996,10875702594873.885,,,,,,,,,,,
W14X159,W,1,W360X237,236.618067028,381,396.24,18.923,30.226,,45.466,,,,,,,,30128.972,790839708.6399999,311341106.34879994,4162314.256,1576435.5568,4703087.368,2392511.344,8199759.084319998,9559876848827.414,,,,,,,,,,,
W14X145,W,1,W360X216,215.783771818,375.92,393.7,17.272,27.686,,42.926,,,,,,,,27548.332,711755737.7759998,281788675.13119996,3801798.848,1430590.6872,4260636.64,2179479.512,6326717.669119998,8512586969321.041,,,,,,,,,,,
W14X132,W,1,W360X196,196.437640551,373.38,373.38,16.383,26.162,,41.402,,,,,,,,25032.208,636834081.1679999,228094821.22879994,3424896.376,1220836.268,3834572.976,1851738.232,5119646.534879999,6847664596772.446,,,,,,,,,,,
W14X120,W,1,W360X179,178.579673228,368.3,373.38,14.986,23.876,,39.116,,,,,,,,22774.148,574399367.3279998,206034555.67199996,3113542.16,1106126.82,3474057.568,1671480.528,3900088.457871999,6095764170460.178,,,,,,,,,,,
W14X109,W,1,W360X162,162.209869849,363.22,370.84,13.335,21.844,,37.084,,,,,,,,20645.12,516126967.7439999,186055447.24319994,2834962.072,1002888.3168,3146316.288,1519080.8328,2963567.750271999,5424424504109.9375,,,,,,,,,,,
W14X99,W,1,W360X147,147.328230413,360.68,370.84,12.319,19.812,,35.052,,,,,,,,18774.156,462016882.4159999,167325033.09119996,2572769.048,904565.9328,2834962.072,1369958.5504,2235162.755471999,4833645597721.727,,,,,,,,,,,
W14X90,W,1,W360X134,133.934754921,355.6,368.3,11.176,18.034,,33.274,,,,,,,,17096.74,415815194.1743999,150675776.06719998,2343350.152,817714.4936,2572769.048,1238862.0384,1689899.587936,4296573864641.5347,,,,,,,,,,,
W14X82,W,1,W360X122,122.029443373,363.22,256.54,12.954,21.717,,36.83,,,,,,,,15483.84,366699885.95359993,61602250.98879998,2015608.872,480140.9752,2277801.896,734140.4672,2110293.327792,1801875664484.0437,,,,,,,,,,,
W14X74,W,1,W360X110,110.124131824,360.68,256.54,11.43,19.939,,35.052,,,,,,,,14064.488,330903983.35199994,55775011.030399986,1835351.168,435895.9024,2064770.064,663676.092,1610815.617072,1608529840575.1746,,,,,,,,,,,
W14X68,W,1,W360X101,101.195148163,355.6,254,10.541,18.288,,33.274,,,,,,,,12903.2,300519089.2831999,50364002.49759999,1687867.592,396566.9488,1884512.36,604682.6616,1252856.591056,1444722961985.716,,,,,,,,,,,
W14X61,W,1,W360X91,90.778000558,353.06,254,9.525,16.383,,31.496,,,,,,,,11548.364,266388112.38399994,44536762.53919999,1509248.5944,352321.876,1671480.528,537495.6992,911546.822064,1264803931403.8518,,,,,,,,,,,
W14X53,W,1,W360X79,78.872689009,353.06,204.724,9.398,16.764,,31.75,,,,,,,,10064.496,225181201.24959993,24016553.257119995,1274913.5792,234335.0152,1427313.2744,360515.408,807488.965664,682081101011.8436,,,,,,,,,,,
W14X48,W,1,W360X72,71.431869291,350.52,203.962,8.636,15.113,,30.226,,,,,,,,9096.756,201456009.99039996,21394295.275839996,1150371.8928,209754.4192,1284745.8176,321186.4544,603535.56712,601520341049.8148,,,,,,,,,,,
W14X43,W,1,W360X64,63.991049573,347.98,203.2,7.747,13.462,,28.448,,,,,,,,8129.016,178147050.15679997,18813660.437119998,1025830.2064,185173.8232,1140539.6544,283496.2072,437042.99688,523644939753.1871,,,,,,,,,,,
W14X38,W,1,W360X57.8,56.550229856,358.14,171.958,7.874,13.081,,23.241,,,,,,,,7225.792,160249098.85599998,11113379.063519998,894733.6944,129130.06432,1007804.436,198283.4744,332152.6776288,330299115844.318,,,,,,,,,,,
W14X34,W,1,W360X51,50.597574081,355.6,171.45,7.239,11.557,,21.717,,,,,,,,6451.6,141518684.70399997,9698192.216479998,796411.3104,113234.61224,894733.6944,173702.8784,236835.6811664,287333377197.90265,,,,,,,,,,,
W14X30,W,1,W360X44,44.644918307,350.52,170.942,6.858,9.779,,19.939,,,,,,,,5709.666,121123344.84959997,8158135.941759999,688256.688,95372.71248,775108.1272,147319.70536,158167.941728,238191313621.0651,,,,,,,,,,,
W14X26,W,1,W360X39,38.692262533,353.06,127.762,6.477,10.668,,20.828,,,,,,,,4961.2804,101976699.27199997,3708622.002095999,578463.3592,58174.0772,658759.9728,90784.33456,149010.8503648,108757025948.73885,,,,,,,,,,,
W14X22,W,1,W360X32.9,32.739606759,347.98,127,5.842,8.509,,18.669,,,,,,,,4187.0884,82830053.69439998,2913619.979199999,475224.856,45883.7792,544050.5248,71939.21096,86576.1365248,84320262093.59012,,,,,,,,,,,
W12X336,W,1,W310X500,500.023085039,426.72,340.36,45.212,75.184,,90.17,,,,,,,,63806.324,1689899587.9359996,495315396.46399987,7914951.912,2900510.328,9881399.591999998,4490055.535999999,101144236.42079997,15306544392785.467,,,,,,,,,,,
W12X305,W,1,W310X454,453.890002789,414.02,335.28,41.402,68.834,,83.82,,,,,,,,57741.82,1477621560.8799996,437042996.8799999,7128372.839999999,2605543.176,8799853.367999999,3998443.615999999,77002813.73599999,13050843113848.662,,,,,,,,,,,
W12X279,W,1,W310X415,415.197740256,403.86,332.74,38.862,62.738,,77.978,,,,,,,,52838.604,1294479733.6159997,390008845.7871999,6440116.152,2343350.152,7882177.783999999,3605154.08,59521093.86079998,11278506394684.03,,,,,,,,,,,
W12X252,W,1,W310X375,375.01731378,391.16,330.2,35.56,57.15,,72.39,,,,,,,,47806.356,1132149477.6319997,344639620.3967999,5784633.591999999,2081157.128,7013663.391999999,3211864.544,44952993.96479999,9613584022135.434,,,,,,,,,,,
W12X230,W,1,W310X342,342.277707021,383.54,327.66,32.766,52.578,,67.818,,,,,,,,43677.332,1007280049.9519998,308843717.79519993,5260247.544,1884512.36,6325406.703999999,2900510.328,34880193.46527999,8378319036050.993,,,,,,,,,,,
W12X210,W,1,W310X313,312.51442815,373.38,325.12,29.972,48.26,,63.5,,,,,,,,39870.888,890735250.7839998,276377666.59839994,4785022.687999999,1704254.656,5702698.272,2605543.176,26930173.236319996,7304175569890.609,,,,,,,,,,,
W12X190,W,1,W310X283,282.751149278,365.76,322.58,26.924,44.196,,59.182,,,,,,,,36128.96,786677394.3839998,245160309.67839995,4309797.831999999,1523996.952,5096376.903999999,2343350.152,20312093.569279995,6337446450346.264,,,,,,,,,,,
W12X170,W,1,W310X253,252.987870407,355.6,320.04,24.384,39.624,,54.864,,,,,,,,32258,686781852.2399999,215191647.03519994,3850960.04,1348655.3672,4506442.6,2064770.064,14817838.751359997,5397570917455.928,,,,,,,,,,,
W12X152,W,1,W310X226,226.200919423,347.98,317.5,22.098,35.56,,50.8,,,,,,,,28838.652,595210938.6079998,188969067.22239995,3424896.376,1192978.2592,3982056.552,1818964.104,10738770.780479997,4618816904489.65,,,,,,,,,,,
W12X136,W,1,W310X202,202.390296325,340.36,314.96,20.066,31.75,,46.99,,,,,,,,25741.884,516126967.7439999,165660107.38879997,3047993.904,1052049.5088,3506831.696,1605932.272,7700281.373599998,3947477238139.41,,,,,,,,,,,
W12X120,W,1,W310X179,178.579673228,332.74,312.42,18.034,28.194,,43.18,,,,,,,,22709.632,445367625.3919999,143599841.83199996,2671091.432,917675.584,3047993.904,1399455.2656,5369385.390239999,3329844745097.1895,,,,,,,,,,,
W12X106,W,1,W310X158,157.745378018,327.66,309.88,15.494,25.146,,40.386,,,,,,,,20128.992,388343920.0847999,125285659.10559997,2376124.28,807882.2552,2687478.496,1230668.5064,3800192.915728,2873333771979.0264,,,,,,,,,,,
W12X96,W,1,W310X143,142.863738583,322.58,309.88,13.97,22.86,,38.1,,,,,,,,18193.512,346720777.52479994,112382484.91199997,2146705.384,727585.6416,2408898.408,1106126.82,2851185.265359999,2526922504142.3027,,,,,,,,,,,
W12X87,W,1,W310X129,129.470263091,317.5,307.34,13.081,20.574,,35.814,,,,,,,,16516.096,308011254.94399995,100311773.56959997,1933673.552,650566.4408,2163092.448,989778.6656,2122780.270559999,2220791616286.5933,,,,,,,,,,,
W12X79,W,1,W310X117,117.564951542,314.96,307.34,11.938,18.669,,33.782,,,,,,,,14967.712,275545203.74719995,89905987.92959999,1753415.848,586656.8912,1950060.616,889817.5752,1598328.674304,1968367901738.903,,,,,,,,,,,
W12X72,W,1,W310X107,107.147803937,312.42,304.8,10.922,17.018,,32.258,,,,,,,,13612.876,248490161.08319995,81165127.99199998,1596100.0336,530940.8736,1769802.912,806243.5488,1219558.077008,1756224567172.2273,,,,,,,,,,,
W12X65,W,1,W310X97,96.730656332,307.34,304.8,9.906,15.367,,30.48,,,,,,,,12322.556,221851349.84479994,72424268.05439998,1440422.9256,476863.5624,1586267.7952,722669.5224,907384.507808,1552137308601.7544,,,,,,,,,,,
W12X58,W,1,W310X86,86.313508727,309.88,254,9.144,16.256,,31.496,,,,,,,,10967.72,197709927.15999997,44536762.53919999,1278190.992,350683.1696,1415842.3296,532579.58,874085.99376,958673043548.1425,,,,,,,,,,,
W12X53,W,1,W310X79,78.872689009,307.34,254,8.763,14.605,,29.972,,,,,,,,10064.496,176898355.87999997,39874970.572479986,1156926.7184,314631.6288,1276552.2856,476863.5624,657645.652448,848573338266.7031,,,,,,,,,,,
W12X50,W,1,W310X74,74.408197178,309.88,205.232,9.398,16.256,,28.956,,,,,,,,9419.336,162746487.40959996,23433829.261279993,1052049.5088,227780.1896,1178229.9016,349044.4632,711755.737776,504847429095.3803,,,,,,,,,,,
W12X45,W,1,W310X67,66.967377461,307.34,204.47,8.509,14.605,,27.432,,,,,,,,8451.596,144848536.10879996,20811571.279999994,945533.5928,203199.5936,1052049.5088,311354.216,524451.596256,443084179791.15826,,,,,,,,,,,
W12X40,W,1,W310X60,59.526557743,302.26,203.454,7.493,13.081,,25.908,,,,,,,,7548.372,127783047.65919997,18355805.868959997,843933.796,180257.704,934062.648,275302.6752,377105.6715936,386691647817.73816,,,,,,,,,,,
W12X35,W,1,W310X52,52.085738025,317.5,166.624,7.62,13.208,,20.828,,,,,,,,6645.148,118625956.29599997,10197669.927199997,747250.1184,122411.36808,839017.6768,188451.236,308427.4863696,236043026688.74432,,,,,,,,,,,
W12X30,W,1,W310X44.5,44.644918307,312.42,165.608,6.604,11.176,,18.796,,,,,,,,5670.9564,99063079.29279998,8449497.939679999,632540.6704,102255.27936,706282.4584,156660.33184,190217.7614992,193345823908.86908,,,,,,,,,,,
W12X26,W,1,W310X38.7,38.692262533,309.88,164.846,5.842,9.652,,17.272,,,,,,,,4935.474,84911210.82239997,7200803.662879999,547327.9376,87506.92176,609598.7808,133882.31288,124869.42768,163001270989.83823,,,,,,,,,,,
W12X22,W,1,W310X32.7,32.739606759,312.42,102.362,6.604,10.795,,18.415,,,,,,,,4180.6368,64932102.39359999,1939638.443296,416231.4256,37854.11784,480140.9752,59976.65424,121955.8077008,44039882112.57573,,,,,,,,,,,
W12X19,W,1,W310X28.3,28.275114928,309.88,101.854,5.969,8.89,,16.51,,,,,,,,3593.5412,54110085.32799999,1565030.160256,349044.4632,30807.68032,404760.4808,48833.45072,74921.656608,35178198516.75256,,,,,,,,,,,
W12X16,W,1,W310X23.8,23.810623097,304.8,101.346,5.588,6.731,,14.351,,,,,,,,3038.7036,42871836.83679999,1173772.620192,280218.7944,23105.76024,329379.9864,37034.76464,42871.8368368,26021125467.7353,,,,,,,,,,,
W12X14,W,1,W310X21,20.83429521,302.26,100.838,5.08,5.715,,13.335,,,,,,,,2683.8656,36878104.30815999,982306.164416,244167.2536,19500.60616,285134.9136,31135.4216,29302.69236224,21590283669.823715,,,,,,,,,,,
W10X112,W,1,W250X167,166.67436168,289.56,264.16,19.177,31.75,,44.45,,,,,,,,21225.764,298021700.72959995,98230616.44159998,2064770.064,742333.9992,2408898.408,1133984.8288,6285094.526559998,1616585916571.3774,,,,,,,,,,,
W10X100,W,1,W250X149,148.816394357,281.94,261.62,17.272,28.448,,41.148,,,,,,,,18903.188,259312178.14879993,86159905.09919998,1835351.168,655482.56,2130318.32,999610.904,4536922.539039999,1382959712681.494,,,,,,,,,,,
W10X88,W,1,W250X131,130.958427034,274.32,261.62,15.367,25.146,,37.846,,,,,,,,16774.16,222267581.27039996,74505425.18239999,1614125.804,570269.8272,1851738.232,870153.0984,3134222.634767999,1162760302118.6155,,,,,,,,,,,
W10X77,W,1,W250X115,114.588623655,269.24,259.08,13.462,22.098,,34.798,,,,,,,,14645.132,189385298.64799994,64099639.54239999,1407648.7976,493250.6264,1599377.4464,752166.2376,2126942.584815999,974785195540.5482,,,,,,,,,,,
W10X68,W,1,W250X101,101.195148163,264.16,256.54,11.938,19.558,,32.258,,,,,,,,12838.684,163995181.68639997,55775011.030399986,1240500.7448,432618.4896,1397816.5592,657121.2664,1481783.875136,832461186274.2974,,,,,,,,,,,
W10X60,W,1,W250X89,89.289836614,259.08,256.54,10.668,17.272,,29.972,,,,,,,,11419.332,141934916.12959996,48282845.36959999,1093017.1688,376902.472,1222474.9744,573547.24,1032253.935488,708934687665.8533,,,,,,,,,,,
W10X54,W,1,W250X80,80.360852953,256.54,254,9.398,15.621,,28.448,,,,,,,,10193.528,126118121.95679997,42871836.83679999,983223.84,337573.5184,1091378.4624,512915.1032,757541.194592,623003210373.0226,,,,,,,,,,,
W10X49,W,1,W250X73,72.920033235,254,254,8.636,14.224,,26.924,,,,,,,,9290.304,113214947.76319997,38876015.151039995,894733.6944,306438.0968,989778.6656,463753.9112,578561.681584,555869243737.9985,,,,,,,,,,,
W10X45,W,1,W250X67,66.967377461,256.54,203.708,8.89,15.748,,28.448,,,,,,,,8580.628,103225393.54879998,22226758.127039995,804604.8424,217947.9512,899649.8136,332657.3992,628509.452656,322243039848.1151,,,,,,,,,,,
W10X39,W,1,W250X58,58.038393799,251.968,202.946,8.001,13.462,,26.162,,,,,,,,7419.34,86992367.95039998,18730414.151999995,689895.3944,185173.8232,766914.5952,281857.5008,406241.8713856,266387579607.77515,,,,,,,,,,,
W10X33,W,1,W250X49.1,49.109410138,247.142,202.184,7.366,11.049,,23.749,,,,,,,,6264.5036,71175573.77759999,15234070.176959997,573547.24,150760.9888,635818.0832,229418.896,242662.9211248,212411870433.21588,,,,,,,,,,,
W10X30,W,1,W250X44.8,44.644918307,266.7,147.574,7.62,12.954,,20.574,,,,,,,,5703.2144,70759342.35199998,6951064.807519998,530940.8736,94225.618,599766.5424,144861.64576,258895.9467232,111173848747.59972,,,,,,,,,,,
W10X26,W,1,W250X38.5,38.692262533,261.62,146.558,6.604,11.176,,18.796,,,,,,,,4909.6676,59937325.28639998,5868863.100959999,457199.0856,80132.74296,512915.1032,122902.98,167325.0330912,92644873956.3331,,,,,,,,,,,
W10X22,W,1,W250X32.7,32.739606759,259.08,146.05,6.096,9.144,,16.764,,,,,,,,4187.0884,49115308.22079999,4745038.251839999,380179.8848,65056.64408,426063.664,99961.0904,99479.3107184,73847363298.52638,,,,,,,,,,,
W10X19,W,1,W250X28.4,28.275114928,259.08,102.108,6.35,10.033,,17.653,,,,,,,,3625.7992,40083086.28527999,1785632.815824,308076.8032,35068.31696,353960.5824,54896.6644,96981.9221648,27927730120.169975,,,,,,,,,,,
W10X17,W,1,W250X25.3,25.298787041,256.54,101.854,6.096,8.382,,16.002,,,,,,,,3219.3484,34089353.756639995,1481783.875136,265470.4368,29168.97392,306438.0968,45883.7792,64932.1023936,22852402242.56216,,,,,,,,,,,
W10X15,W,1,W250X22.3,22.322459154,253.746,101.6,5.842,6.858,,14.478,,,,,,,,2845.1556,28678345.223839995,1202908.819984,226141.4832,23761.2428,262193.024,37690.2472,43288.0682624,18340999684.68855,,,,,,,,,,,
W10X12,W,1,W250X17.9,17.857967323,250.698,100.584,4.826,5.334,,12.954,,,,,,,,2283.8664,22393250.697279993,907384.507808,178618.9976,18025.7704,206477.0064,28513.49136,22767.85898032,13668475606.890882,,,,,,,,,,,
W8X67,W,1,W200X100,99.706984219,228.6,210.312,14.478,23.749,,33.782,,,,,,,,12709.652,113214947.76319997,36878104.30815999,989778.6656,350683.1696,1148733.1864,535856.9928,2101968.699279999,386691647817.73816,,,,,,,,,,,
W8X58,W,1,W200X86,86.313508727,222.25,208.788,12.954,20.574,,30.48,,,,,,,,11032.236,94900765.03679998,31258980.06255999,852127.328,299883.2712,979946.4272,457199.0856,1386050.647248,316872322517.3132,,,,,,,,,,,
W8X48,W,1,W200X71,71.431869291,215.9,205.994,10.16,17.399,,27.432,,,,,,,,9096.756,76586582.31039998,25348493.819039993,707921.1648,245805.96,802966.136,375263.7656,815813.594176,250006891748.8293,,,,,,,,,,,
W8X40,W,1,W200X59,59.526557743,209.55,204.978,9.144,14.224,,24.2316,,,,,,,,7548.372,60769788.13759998,20436962.996959995,581740.772,199922.1808,652205.1472,303160.684,466179.196672,194957039108.10965,,,,,,,,,,,
W8X35,W,1,W200X52,52.085738025,206.248,203.708,7.874,12.573,,22.5806,,,,,,,,6645.148,52861391.05119999,17731458.730559997,511276.3968,173702.8784,568631.1208,263831.7304,320081.9662864,166223701388.31937,,,,,,,,,,,
W8X31,W,1,W200X46.1,46.133082251,203.2,203.2,7.239,11.049,,21.0566,,,,,,,,5890.3108,45785456.81599999,15442185.889759997,450644.26,151908.08328,498166.7456,231057.6024,223100.0441216,142324009266.25085,,,,,,,,,,,
W8X28,W,1,W200X41.7,41.66859042,204.724,166.116,7.239,11.811,,21.8186,,,,,,,,5322.57,40790679.70879999,9032221.935519997,398205.6552,108646.23432,445728.1408,165509.3464,223516.2755472,83783190360.50993,,,,,,,,,,,
W8X24,W,1,W200X35.9,35.715934646,201.422,165.1,6.223,10.16,,20.1676,,,,,,,,4567.7328,34422338.89711999,7617035.088479999,342489.6376,92259.17032,378541.1784,140437.13848,144016.0732576,69550789433.88484,,,,,,,,,,,
W8X21,W,1,W200X31.3,31.251442815,210.312,133.858,6.35,10.16,,17.78,,,,,,,,3974.1856,31342226.34767999,4066581.028111999,298244.5648,60796.00744,334296.1056,93242.39416,117377.2620192,40817451714.09458,,,,,,,,,,,
W8X18,W,1,W200X26.6,26.786950984,206.756,133.35,5.842,8.382,,16.002,,,,,,,,3393.5416,25764725.244639993,3317364.462031999,249083.3728,49816.67456,278580.088,76363.71824,71591.8052032,32761375717.891705,,,,,,,,,,,
W8X15,W,1,W200X22.5,22.322459154,205.994,102.108,6.223,8.001,,15.621,,,,,,,,2864.5104,19979108.428799994,1419349.161296,193367.3552,27858.0088,222864.0704,43753.46088,57023.7053072,13910157886.776968,,,,,,,,,,,
W8X13,W,1,W200X19.3,19.346131266,202.946,101.6,5.842,6.477,,14.097,,,,,,,,2477.4144,16482764.453759996,1136311.791888,162395.80424,22450.27768,186812.5296,35232.1876,36253.75716976,10956263354.835913,,,,,,,,,,,
W8X10,W,1,W200X15,14.881639436,200.406,100.076,4.318,5.207,,12.827,,,,,,,,1909.6736,12819927.908479998,869923.679504,127982.96984,17370.28784,145353.25768,27202.52624,17731.45873056,8297758276.0889635,,,,,,,,,,,
W6X25,W,1,W150X37.1,37.204098589,162.052,154.432,8.128,11.557,,17.907,,,,,,,,4735.4744,22226758.127039995,7117557.377759999,273663.9688,91931.42904,309715.5096,140273.26784,191882.6872016,40280379981.01439,,,,,,,,,,,
W6X20,W,1,W150X29.8,29.763278871,157.48,152.908,6.604,9.271,,15.621,,,,,,,,3787.0892,17231981.019839995,5535877.960479999,219586.6576,72266.95224,244167.2536,110121.07008,99895.542144,30344552919.030838,,,,,,,,,,,
W6X15,W,1,W150X22.5,22.322459154,152.146,152.146,5.842,6.604,,12.954,,,,,,,,2858.0588,12112334.484959997,3879276.886591999,159282.26208,50963.76904,176980.2912,77838.554,42039.3739856,20542993790.317337,,,,,,,,,,,
W6X16,W,1,W150X24,23.810623097,159.512,102.362,6.604,10.287,,16.637,,,,,,,,3058.0584,13361028.761759998,1843905.215407999,167148.0528,36051.5408,191728.6488,55552.14696,92819.6079088,10258070101.831665,,,,,,,,,,,
W6X12,W,1,W150X18,17.857967323,153.162,101.6,5.842,7.112,,13.462,,,,,,,,2290.318,9198714.50576,1244531.962544,119789.43784,24580.596,136012.6312,38017.98848,37585.69773168,6632835903.540369,,,,,,,,,,,
W6X9,W,1,W150X13.5,13.393475492,149.86,100.076,4.318,5.461,,11.811,,,,,,,,1729.0288,6826195.379839998,915709.13632,91112.07584,18189.64104,102091.40872,28185.75008,16857.3727368,4753084837.759698,,,,,,,,,,,
W6X8.5,W,1,W150X13,12.64939352,148.082,100.076,4.318,4.953,,11.303,,,,,,,,1625.8032,6201848.241439999,828300.536944,83574.0264,16550.93464,93897.87672,25563.81984,13860.50647248,4242866691.3335156,,,,,,,,,,,
W5X19,W,1,W130X28.1,28.275114928,130.81,127.762,6.858,10.922,,18.542,,,,,,,,3587.0896,10946886.493279997,3800192.915728,167148.0528,59485.04232,190089.9424,90620.46392,131529.1304896,13668475606.890882,,,,,,,,,,,
W5X16,W,1,W130X23.8,23.810623097,127.254,127,6.096,9.144,,16.764,,,,,,,,3038.7036,8907352.507839996,3125898.006255999,140109.3972,49161.192,157807.42632,75052.75312,79916.4337152,10902556181.527895,,,,,,,,,,,
W4X13,W,1,W100X19.3,19.346131266,105.664,103.124,7.112,8.763,,15.113,,,,,,,,2470.9628,4703415.10928,1606653.302816,89473.36944,31135.4216,102910.76192,47850.22688,62850.9452656,3759502131.561343,,,,,,,,,,,
M12.5X12.4,M,1,M318X18.5,18.4532329,317.5,95.25,3.937,5.7912,,14.3002,,,,,,,,2341.9308,37169466.30607999,836625.165456,232696.3088,17534.15848,270386.556,27530.26752,20520.20928208,20408725857.04729,,,,,,,,,,,
M12.5X11.6,M,1,M318X17.3,17.262701745,317.5,88.9,3.937,5.3594,,14.3002,,,,,,,,2193.544,33423383.47567999,628509.452656,209754.4192,14158.423296,245805.96,22450.27768,17231.98101984,15333397979.439478,,,,,,,,,,,
M12X11.8,M,1,M310X17.6,17.560334534,304.8,77.978,4.4958,5.715,,14.3002,,,,,,,,2238.7052,30051908.928319994,453692.253904,196644.768,11618.428376,234335.0152,18845.1236,20811.57128,10123802168.561617,,,,,,,,,,,
M12X10.8,M,1,M310X16.1,16.072170591,304.8,77.978,4.064,5.334,,14.3002,,,,,,,,2051.6088,27762636.087519996,420393.739856,181896.4104,10831.849304,216309.2448,17534.15848,16357.89502608,9398755328.903357,,,,,,,,,,,
M12X10,M,1,M310X14.9,14.881639436,304.8,82.55,3.7846,4.572,,12.7,,,,,,,,1903.222,25681478.959519994,428718.368368,168786.7592,10422.172704,199922.1808,16714.80528,12153.95762752,9640437608.789444,,,,,,,,,,,
M10X9,M,1,M250X13.4,13.393475492,254,68.326,3.9878,5.2324,,14.3002,,,,,,,,1709.674,16233025.598399997,279707.5180032,127655.22856,8193.532,151088.73008,13257.134776,13069.66676384,4323427451.295545,,,,,,,,,,,
M10X8,M,1,M250X11.9,11.905311549,252.73,68.326,3.5814,4.6228,,14.3002,,,,,,,,1529.0292,14401607.325759998,246825.2353808,113890.0948,7226.695224,134373.9248,11651.202504,9323.58393344,3813209304.869362,,,,,,,,,,,
M10X7.5,M,1,M250X11.2,11.161229577,253.746,68.326,3.302,4.3942,,11.1252,,,,,,,,1432.2552,13735637.044799997,233922.0611872,108154.6224,6849.792752,127327.48728,10979.33288,7783.52765872,3625234198.291295,,,,,,,,,,,
M8X6.5,M,1,M200X9.7,9.673065633,203.2,57.912,3.429,4.8006,,14.3002,,,,,,,,1238.7072,7700281.373599998,156503.0160256,75872.10632,5391.344056,88981.75752,8668.756856,7658.65823104,1538710515.2747498,,,,,,,,,,,
M8X6.2,M,1,M200X9.2,9.22661645,203.2,57.912,3.2766,4.4958,,11.1252,,,,,,,,1174.1912,7325673.090559999,146513.4618112,71939.21096,5047.215712,84393.3796,8111.59668,6493.21023936,1444722961.985716,,,,,,,,,,,
M6X4.4,M,1,M150X6.6,6.547921352,152.4,46.736,2.8956,4.3434,,9.525,,,,,,,,832.2564,3009353.207088,74921.656608,39492.82424,3195.47748,45883.7792,5096.376904,4120.69111344,410859875.8063468,,,,,,,,,,,
M6X3.7,M,1,M150X5.5,5.506206591,150.368,50.8,2.4892,3.2766,,7.9502,,,,,,,,703.2244,2480739.296575999,72008.0366288,32937.99864,2834.962072,38181.85912,4473.668472,2206.02655568,389377006.4831391,,,,,,,,,,,
M5X18.9,M,1,M130X28.1,28.126298533,127,127,8.0264,10.5664,,20.6502,,,,,,,1,3587.0896,10072800.499519998,3621213.402719999,158462.90888,57026.98272,181896.4104,87343.05112,130280.4362128,12272089100.882385,,,,,,,,,,,
M4X6,M,1,M100X8.9,8.928983661,96.52,96.52,3.302,4.064,,12.7,,,,,,,,1129.03,1964612.328831999,611860.195632,40639.91872,12634.426344,44900.55536,19336.73552,7658.65823104,1307769670.0502672,,,,,,,,,,,
M4X4.08,M,1,M100X6.1,6.07170889,101.6,57.15,2.921,4.318,,14.3002,,,,,,,,819.3532,1469296.932368,135275.21332,29005.10328,4735.861496,32774.128,7423.339992,6118.60195632,319557681.18271416,,,,,,,,,,,
M3X2.9,M,1,M100X4.3,4.315675436,76.2,57.15,2.286,3.302,,12.7,,,,,,,,589.67624,624347.1384,103225.3935488,16387.064,3621.541144,18353.51168,5637.150016,3288.22826224,137221827.80198902,,,,,,,,,,,
S24X121,S,1,S610X180,180.067837172,622.3,204.47,20.32,27.686,,50.8,,,,,,,,22903.18,1315291304.8959997,34547208.32479999,4227862.511999999,337573.5184,5014441.584,594850.4232,5327762.247679999,3061308878557.0938,,,,,,,,,,,
S24X106,S,1,S610X158,157.745378018,622.3,199.898,15.748,27.686,,50.8,,,,,,,,20064.476,1223720391.2639997,31966573.48607999,3932895.359999999,319547.748,4571990.856,547327.9376,4203937.398559999,2819626598671.0073,,,,,,,,,,,
S24X100,S,1,S610X149,148.816394357,609.6,184.15,18.923,22.098,,44.45,,,,,,,,18903.188,990630792.9279997,19729369.573439993,3261025.736,214670.5384,3916508.296,393289.536,3159196.520303999,1705202752529.6091,,,,,,,,,,,
S24X90,S,1,S610X134,133.934754921,609.6,181.102,15.875,22.098,,44.45,,,,,,,,17096.74,936520707.5999998,18605544.72432,3064380.968,204838.3,3637928.208,367070.2336,2518200.12488,1605844481909.7737,,,,,,,,,,,
S24X80,S,1,S610X119,119.053115486,609.6,177.8,12.7,22.098,,44.45,,,,,,,,15161.26,874085993.7599998,17481719.875199996,2867736.2,196644.768,3342961.056,340850.9312,2035371.671183999,1509171569955.339,,,,,,,,,,,
S20X96,S,1,S510X143,142.863738583,515.62,182.88,20.32,23.368,,44.45,,,,,,,,18193.512,695106480.7519999,20769948.137439996,2703865.56,227780.1896,3244638.672,408037.8936,3496343.975039999,1259433214073.0498,,,,,,,,,,,
S20X86,S,1,S510X128,127.982099147,515.62,179.324,16.764,23.368,,44.45,,,,,,,,16322.548,653483338.1919998,19396384.432959996,2539994.92,216309.2448,2998832.712,378541.1784,2767938.980239999,1173501736780.2192,,,,,,,,,,,
S20X75,S,1,S510X112,111.612295768,508,162.306,16.129,20.193,,41.402,,,,,,,,14193.52,532776224.7679999,12278827.055199997,2097544.192,151580.342,2490833.728,273663.9688,1910502.243503999,730417556989.0609,,,,,,,,,,,
S20X66,S,1,S510X98.2,98.218820276,508,159.004,12.827,20.193,,41.402,,,,,,,,12516.104,495315396.46399987,11446364.203999998,1950060.616,143878.42192,2277801.896,252360.7856,1490108.503648,679395742346.4427,,,,,,,,,,,
S18X70,S,1,S460X104,104.17147605,457.2,158.75,18.0594,17.5514,,38.1,,,,,,,,13225.78,384181605.8287999,9989554.214399997,1687867.592,126016.52216,2031995.936,234335.0152,1706548.844959999,483364559772.17267,,,,,,,,,,,
S18X54.7,S,1,S460X81.4,81.402567713,457.2,152.4,11.7094,17.5514,,38.1,,,,,,,,10322.56,333401371.9055999,8615990.509919997,1458448.696,113234.61224,1704254.656,198283.4744,969819.221648,416230593137.1487,,,,,,,,,,,
S15X50,S,1,S380X74,74.408197178,381,143.256,13.97,15.7988,,35.052,,,,,,,,9483.852,201872241.41599995,6493210.239359998,1060243.0408,90620.46392,1261803.928,163870.64,882410.622272,216171372564.77722,,,,,,,,,,,
S15X42.9,S,1,S380X64,63.842233179,381,139.7,10.4394,15.7988,,35.052,,,,,,,,8129.016,185639215.81759995,5952109.386079999,973391.6016,85048.86216,1133984.8288,148794.54112,640996.395424,197910933640.0507,,,,,,,,,,,
S12X50,S,1,S310X74,74.408197178,304.8,139.192,17.4498,16.7386,,36.576,,,,,,,,9483.852,126118121.95679997,6493210.239359998,829185.4384,93242.39416,997972.1976,168786.7592,1152961.048912,134536469136.58806,,,,,,,,,,,
S12X40.8,S,1,S310X60.7,60.717088898,304.8,133.35,11.7348,16.7386,,36.576,,,,,,,,7677.404,112382484.91199997,5619124.245599999,739056.5864,84065.63832,863598.2728,145189.38704,703431.109264,116276030211.86154,,,,,,,,,,,
S12X35,S,1,S310X52,52.085738025,304.8,129.032,10.8712,13.8176,,30.226,,,,,,,,6580.632,94900765.03679998,4095717.227903999,624347.1384,63581.80832,730863.0544,111432.0352,437042.99688,86737084892.45099,,,,,,,,,,,
S12X31.8,S,1,S310X47.3,47.323613406,304.8,127,8.89,13.8176,,30.226,,,,,,,,6006.4396,90322219.35519998,3883439.200847999,593211.7168,61123.74872,684979.2752,105532.69216,365451.1916768,82171975161.26935,,,,,,,,,,,
S10X35,S,1,S250X52,52.085738025,254,125.476,15.0876,12.4714,,28.702,,,,,,,,6645.148,61186019.56319998,3454720.832479999,481779.6816,55060.53504,580102.0656,101435.92616,536938.539024,50484742909.53803,,,,,,,,,,,
S10X25.4,S,1,S250X37.8,37.799364167,254,118.364,7.8994,12.4714,,28.702,,,,,,,,4806.442,51196465.34879999,2801237.494287999,403121.7744,47358.61496,463753.9112,81771.44936,250987.5496368,40817451714.09458,,,,,,,,,,,
S8X23,S,1,S200X34,34.227770702,203.2,105.918,11.2014,10.795,,25.4,,,,,,,,4361.2816,26930173.236319996,1777308.187311999,265470.4368,33593.4812,314631.6288,60140.52488,228927.28408,16434395032.253872,,,,,,,,,,,
S8X18.4,S,1,S200X27.4,27.382216562,203.2,101.6,6.8834,10.795,,25.4,,,,,,,,3483.864,23933306.971999995,1535893.960464,235973.7216,30152.19776,270386.556,52110.86352,139437.527576,14205547339.971073,,,,,,,,,,,
S6X17.25,S,1,S150X25.7,25.670828027,152.4,90.678,11.811,9.1186,,20.6502,,,,,,,,3258.058,10905263.350719998,953169.964624,143222.93936,20975.44192,172064.172,38509.6004,154421.8588976,4887352771.029746,,,,,,,,,,,
S6X12.5,S,1,S150X18.6,18.602049295,152.4,84.582,5.8928,9.1186,,20.6502,,,,,,,,2361.2856,9157091.363199998,749216.56608,120281.04976,17698.02912,138470.6908,30479.93904,69510.6480752,3840062891.5233717,,,,,,,,,,,
S5X10,S,1,S130X15,14.881639436,127,76.2,5.4356,8.2804,,19.05,,,,,,,,1890.3188,5119646.534879999,495315.396464,80296.6136,13027.71588,92750.78224,22450.27768,47450.3825184,1750853849.8414254,,,,,,,,,,,
S4X9.5,S,1,S100X14.1,14.137557464,101.6,71.12,8.2804,7.4422,,19.05,,,,,,,,1799.9964,2813724.437055999,369197.2745072,55388.27632,10405.78564,66203.73856,18517.38232,49947.771072,819034392.9472926,,,,,,,,,,,
S4X7.7,S,1,S100X11.5,11.458862365,101.6,67.564,4.9022,7.4422,,19.05,,,,,,,,1458.0616,2518200.12488,311341.1063488,49652.80392,9209.529968,57354.724,15895.45208,30468.14035392,690137177.0080465,,,,,,,,,,,
S3X7.5,S,1,S75X11.2,11.161229577,76.2,63.754,8.8646,6.604,,15.875,,,,,,,,1419.352,1211233.448496,240581.7639968,31790.90416,7554.436504,38509.6004,13453.779544,37294.33573376,290018735.8633036,,,,,,,,,,,
S3X5.7,S,1,S75X8.5,8.482534478,76.2,59.182,4.318,6.604,,15.875,,,,,,,,1070.9656,1040578.564,186055.4472432,27366.39688,6276.245512,31790.90416,10749.913984,18022.82072848,225033056.16060036,,,,,,,,,,,
HP18X204,HP,1,HP460X304,303.585444488,464.82,459.74,28.702,28.702,,58.674,,,,,,,,38838.632,1448485361.0879996,466179196.6719999,6227084.319999999,2031995.936,7095598.711999999,3129929.224,12278827.055199997,22154208989557.914,,,,,,,,,,,
HP18X181,HP,1,HP460X269,269.357673786,457.2,457.2,25.4,25.4,,55.372,,,,,,,,34322.512,1257018905.3119998,405409408.5343999,5506053.504,1769802.912,6210697.255999999,2736639.688,8615990.509919997,18904925004422.754,,,,,,,,,,,
HP18X157,HP,1,HP460X234,233.64173914,449.58,454.66,22.098,22.098,,52.07,,,,,,,,29806.392,1069714763.7919997,346720777.52479994,4752248.56,1525635.6584,5358569.927999999,2343350.152,5785616.815839998,15843616125865.66,,,,,,,,,,,
HP18X135,HP,1,HP460X202,200.902132382,444.5,452.12,19.05,19.05,,49.022,,,,,,,,25741.884,915709136.3199998,293859386.4735999,4113153.064,1299494.1752,4604764.983999999,1999221.808,3796030.601471999,13292525393734.748,,,,,,,,,,,
HP16X183,HP,1,HP410X272,272.334001673,419.1,414.02,28.702,28.702,,58.674,,,,,,,,34903.156,1044740878.2559998,340477306.14079994,4981667.455999999,1638706.4,5719085.335999999,2556381.984,11196625.348639997,12970282353886.633,,,,,,,,,,,
HP16X162,HP,1,HP410X242,241.082558858,414.02,408.94,25.4,25.4,,55.372,,,,,,,,30774.132,911546822.0639998,290113303.6431999,4408120.216,1419119.7424,5014441.584,2195866.576,7825150.801279998,10956263354835.914,,,,,,,,,,,
HP16X141,HP,1,HP410X211,209.831116043,406.4,406.4,22.225,22.225,,52.324,,,,,,,,26903.172,778352765.8719999,249322623.93439993,3834572.976,1227391.0936,4326184.896,1900899.424,5369385.390239999,9210780222325.291,,,,,,,,,,,
HP16X121,HP,1,HP410X181,180.067837172,401.32,403.86,19.05,19.05,,49.022,,,,,,,,23096.728,661807966.7039999,209780638.50239995,3293799.864,1038939.8576,3703476.464,1599377.4464,3475532.403759999,7653272196392.733,,,,,,,,,,,
HP16X101,HP,1,HP410X151,150.304558301,393.7,401.32,15.875,15.875,,45.974,,,,,,,,19290.284,541100853.2799999,171487347.34719995,2753026.752,855404.7408,3064380.968,1312603.8264,2110293.327792,6122617757114.1875,,,,,,,,,,,
HP16X88,HP,1,HP410X131,130.958427034,388.62,398.78,13.716,13.716,,43.688,,,,,,,,16645.128,462016882.4159999,145264767.53439996,2376124.28,729224.348,2638317.304,1117597.7648,1435998.41832,5102181464261.822,,,,,,,,,,,
HP14X117,HP,1,HP360X174,174.115181398,360.68,378.46,20.447,20.447,,38.1,,,,,,,,22193.504,507802339.2319999,184390521.54079995,2818575.008,975030.308,3179090.416,1497777.6496,3338176.033311999,5343863744147.909,,,,,,,,,,,
HP14X102,HP,1,HP360X152,151.792722244,355.6,375.92,17.907,17.907,,35.052,,,,,,,,19419.316,437042996.8799999,158167941.72799996,2458059.6,842295.0896,2769413.816,1291300.6432,2243487.383983999,4511402557873.611,,,,,,,,,,,
HP14X89,HP,1,HP360X132,132.446590978,350.52,373.38,15.621,15.621,,33.274,,,,,,,,16838.676,376273208.74239993,135691444.74559996,2146705.384,725946.9352,2392511.344,1109404.2328,1494270.817903999,3813209304869.3623,,,,,,,,,,,
HP14X73,HP,1,HP360X108,108.635967881,345.44,370.84,12.827,12.827,,30.226,,,,,,,,13806.424,303432709.2623999,108636402.08159998,1753415.848,586656.8912,1933673.552,894733.6944,836625.165456,3007601705249.074,,,,,,,,,,,
HP12X89,HP,1,HP310X132,132.446590978,314.96,312.42,18.288,18.288,,33.528,,,,,,,,16709.644,288448377.94079995,93235839.33439998,1835351.168,596489.1296,2081157.128,917675.584,2047858.613951999,2051614020366.3328,,,,,,,,,,,
HP12X84,HP,1,HP310X125,125.00577126,312.42,312.42,17.399,17.399,,35.052,,,,,,,,15870.936,270550426.6399999,88657293.65279998,1737028.784,566992.4144,1966447.68,871791.8048,1764821.244544,1917346087096.285,,,,,,,,,,,
HP12X74,HP,1,HP310X110,110.124131824,307.34,309.88,15.367,15.494,,33.274,,,,,,,,14064.488,236835681.16639996,77419045.16159998,1537106.6032,498166.7456,1720641.72,763637.1824,1240369.648288,1654180937886.991,,,,,,,,,,,
HP12X63,HP,1,HP310X93,93.754328445,302.26,307.34,13.081,13.081,,31.75,,,,,,,,11870.944,196461232.88319996,63683408.11679999,1296216.7624,414592.7192,1446977.7512,634179.3768,761703.508848,1342679332700.4797,,,,,,,,,,,
HP12X53,HP,1,HP310X79,78.872689009,299.72,304.8,11.049,11.049,,28.702,,,,,,,,9999.98,163578950.26079997,52861391.05119999,1093017.1688,345767.0504,1212642.736,527663.4608,466179.196672,1095626335483.5914,,,,,,,,,,,
HP10X57,HP,1,HP250X85,84.825344783,253.746,259.08,14.351,14.351,,31.75,,,,,,,,10774.172,122372039.12639996,42039373.98559999,963559.3632,322825.1608,1089739.756,496528.0392,819975.908432,601520341049.8148,,,,,,,,,,,
HP10X42,HP,1,HP250X62,62.50288563,246.38,256.54,10.541,10.668,,28.702,,,,,,,,7999.984,87408599.37599997,29843793.215519994,711198.5776,232696.3088,791495.1912,357237.9952,338396.1490128,413545234471.74774,,,,,,,,,,,
HP8X36,HP,1,HP200X53,53.573901969,203.708,207.264,11.303,11.303,,28.702,,,,,,,,6838.696,49531539.64639999,16774126.451679995,488334.5072,161904.19232,550605.3504,249083.3728,320498.197712,155213730860.17545,,,,,,,,,,,
C15X50,C,1,C380X74,74.408197178,381,94.488,18.1864,16.51,,36.576,,,,,,,,9483.852,168157495.94239995,4578545.681599999,881624.0432,61779.23128,1122513.884,133390.70096,1103013.27784,132119646337.72719,,,,,,,,20.2946,,14.8082,
C15X40,C,1,C380X60,59.526557743,381,89.408,13.208,16.51,,36.576,,,,,,,,7612.888,144848536.10879996,3816842.172751999,761998.476,54732.79376,942256.18,112087.51776,603535.56712,110099705281.43933,,,,,,,,19.7612,,19.4818,
C15X33.9,C,1,C380X50.4,50.448757687,381,86.36,10.16,16.51,,36.576,,,,,,,,6451.6,131112899.06399997,3358987.604591999,688256.688,50636.02776,832462.8512,101435.92616,420393.739856,96135840221.35434,,,,,,,,20.0152,,22.7584,
C12X30,C,1,C310X45,44.644918307,304.8,80.518,12.954,12.7254,,28.702,,,,,,,,5683.8596,67429490.94719999,2131104.899071999,442450.728,33593.4812,553882.7632,70792.11648,358375.2574416,40548915847.55448,,,,,,,,17.1196,,15.6972,
C12X25,C,1,C310X37,37.204098589,304.8,77.47,9.8298,12.7254,,28.702,,,,,,,,4735.4744,59937325.28639998,1852229.84392,393289.536,30643.80968,481779.6816,62598.58448,223932.5069728,34909662650.21247,,,,,,,,17.1196,,18.9484,
C12X20.7,C,1,C310X30.8,30.804993632,304.8,74.676,7.1628,12.7254,,28.702,,,,,,,,3922.5728,53693853.90239999,1606653.302816,352321.876,28185.75008,419508.8384,56863.11208,153589.3960464,30076017052.490746,,,,,,,,17.7292,,22.098,
C10X30,C,1,C250X45,44.644918307,254,76.962,17.0942,11.0744,,25.4,,,,,,,,5683.8596,42871836.83679999,1635789.502608,339212.2248,27038.6556,437534.6088,61943.10192,507802.339232,21348601389.937626,,,,,,,,16.4846,,9.3472,
C10X25,C,1,C250X37,37.204098589,254,73.406,13.3604,11.0744,,25.4,,,,,,,,4741.926,37918682.87215999,1390212.961504,298244.5648,24088.98408,378541.1784,52110.86352,285950.9893872,18340999684.68855,,,,,,,,15.6718,,12.5476,
C10X20,C,1,C250X30,29.763278871,254,69.596,9.6266,11.0744,,25.4,,,,,,,,3787.0892,32840659.479839996,1165447.99168,258915.6112,21467.05384,317909.0416,44245.0728,153173.1646208,15279690806.131458,,,,,,,,15.3924,,16.1544,
C10X15.3,C,1,C250X22.8,22.768908337,254,66.04,6.096,11.0744,,25.4,,,,,,,,2890.3168,28012374.942879993,944845.336112,221225.364,18845.1236,260554.3176,38345.72976,86992.3679504,12218381927.574364,,,,,,,,16.1036,,20.2184,
C9X20,C,1,C230X30,29.763278871,228.6,67.31,11.3792,10.4902,,25.4,,,,,,,,3787.0892,25348493.819039993,1003117.735696,221225.364,19172.86488,276941.3816,40312.17744,177730.8187312,10580313141.67978,,,,,,,,14.8082,,13.081,
C9X15,C,1,C230X22,22.322459154,228.6,63.246,7.239,10.4902,,25.4,,,,,,,,2838.704,21227802.705599993,795002.022896,185173.8232,16550.93464,222864.0704,33429.61056,86576.1365248,8324611862.742973,,,,,,,,14.8844,,17.2974,
C9X13.4,C,1,C230X19.9,19.941396844,228.6,61.722,5.9182,10.4902,,25.4,,,,,,,,2541.9304,19895862.143679995,728404.9948,173702.8784,15633.259056,206477.0064,31790.90416,69926.8795008,7572711436.430705,,,,,,,,15.2654,,18.8468,
C8X18.75,C,1,C200X27.9,27.903073942,203.2,64.262,12.3698,9.906,,23.8252,,,,,,,,3554.8316,18272559.583839994,819975.908432,180257.704,16550.93464,227780.1896,35559.92888,180644.4387104,6740250250.156408,,,,,,,,14.351,,10.9474,
C8X13.75,C,1,C200X20.5,20.462254224,203.2,59.436,7.6962,9.906,,23.8252,,,,,,,,2599.9948,15025954.464159997,632671.766912,147811.31728,13896.230272,180257.704,28349.62072,77419.0451616,5155888637.569841,,,,,,,,14.0716,,15.3416,
C8X11.5,C,1,C200X17.1,17.113885351,203.2,57.404,5.588,9.906,,23.8252,,,,,,,,2174.1892,13527521.331999997,545263.167536,133390.70096,12699.9746,157807.42632,25727.69048,54110.085328,4430841797.911583,,,,,,,,14.5288,,17.7038,
C7X14.75,C,1,C180X22,21.950418168,177.8,58.42,10.6426,9.2964,,22.225,,,,,,,,2793.5428,11321494.776319997,570237.053072,127491.35792,12650.813408,159773.874,26710.91432,111133.7906352,3517819851.6752567,,,,,,,,13.5128,,11.2014,
C7X12.25,C,1,C180X18.2,18.230008309,177.8,55.626,7.9756,9.2964,,22.225,,,,,,,,2316.1244,10072800.499519998,482828.453696,113398.48288,11405.396544,138634.56144,23269.63088,67013.2595216,3007601705.249074,,,,,,,,13.335,,13.6652,
C7X9.8,C,1,C180X14.6,14.584006647,177.8,53.086,5.334,9.2964,,22.225,,,,,,,,1851.6092,8824106.222719997,398333.4742992,99469.47848,10110.818488,117822.99016,20647.70064,41456.64998976,2457103178.841878,,,,,,,,13.7414,,16.4338,
C6X13,C,1,C150X19.3,19.346131266,152.4,54.864,11.0998,8.7122,,20.6502,,,,,,,,2464.5112,7200803.662879999,437042.99688,94717.22992,10454.946832,119461.69656,22122.5364,98646.8478672,1930772880.4232898,,,,,,,,13.0556,,9.652,
C6X10.5,C,1,C150X15.6,15.625721407,152.4,51.562,7.9756,8.7122,,20.6502,,,,,,,,1980.6412,6285094.526559998,357959.026016,82590.80256,9193.142904,101272.05552,18681.25296,53277.6224768,1587046971.251967,,,,,,,,12.7,,12.3444,
C6X8.2,C,1,C150X12.2,12.202944337,152.4,48.768,5.08,8.7122,,20.6502,,,,,,,,1541.9324,5452631.675359999,285950.9893872,71283.7284,7996.887232,84557.25024,16174.032168,30634.63292416,1262118572.738451,,,,,,,,13.0048,,15.2146,
C5X9,C,1,C130X13,13.393475492,127,48.006,8.255,8.128,,19.05,,,,,,,,1703.2224,3700297.373583999,259728.4095744,58337.94784,7275.856416,71939.21096,14961.389432,45369.2253904,786810088.9624811,,,,,,,,12.1412,,10.8458,
C5X6.7,C,1,C130X10.4,9.970698422,127,44.45,4.826,8.128,,19.05,,,,,,,,1270.9652,3113411.063488,195628.770032,48997.32136,6095.987808,58174.0772,12405.007448,22851.10526544,596149623.719013,,,,,,,,12.2936,,14.0208,
C4X7.25,C,1,C100X10.8,10.789188591,101.6,43.688,8.1534,7.5184,,19.05,,,,,,,,1374.1908,1906339.929248,176898.35588,37526.37656,5522.440568,46539.26176,11389.00948,34006.10747152,332984474.50971895,,,,,,,,11.6586,,9.8044,
C4X6.25,C,1,C100X9.3,9.301024647,101.6,41.91,6.2738,7.5184,,19.05,,,,,,,,1187.0944,1744009.673264,155670.5531744,34412.8344,5112.763968,41787.0132,10209.140872,22851.10526544,287333377.1979027,,,,,,,,11.5062,,11.3538,
C4X5.4,C,1,C100X8,8.036085295,101.6,40.132,4.6736,7.5184,,19.05,,,,,,,,1019.3528,1602490.98856,129864.2047872,31463.16288,4539.216728,37526.37656,9258.69116,16607.63388144,247321533.08342835,,,,,,,,11.6078,,12.7254,
C4X4.5,C,1,C100X6.7,6.696737746,101.6,38.608,3.175,7.5184,,19.05,,,,,,,,864.5144,1469296.932368,110301.327784,29005.10328,4145.927192,33593.4812,8111.59668,12736.68162336,208920904.16819462,,,,,,,,12.0142,,14.1224,
C3X6,C,1,C75X8.9,8.928983661,76.2,40.64,9.0424,6.9342,,17.4752,,,,,,,,1135.4816,861599.050992,124869.42768,22614.14832,4309.797832,28513.49136,8898.175752,30176.778356,124063570.34152432,,,,,,,,11.557,,8.1788,
C3X5,C,1,C75X7.4,7.440819718,76.2,38.1,6.5532,6.9342,,17.4752,,,,,,,,948.3852,770028.13736,100311.7735696,20156.08872,3736.250592,24908.33728,7603.597696,17689.835588,101775093.41869636,,,,,,,,11.1506,,9.9568,
C3X4.1,C,1,C75X6.1,6.101472169,76.2,35.814,4.318,6.9342,,17.4752,,,,,,,,774.192,686781.85224,79500.2022896,18025.7704,3211.864544,21630.92448,6538.438536,11196.62534864,82440511.02780944,,,,,,,,11.0998,,11.7094,
C3X3.5,C,1,C75X5.2,5.208573802,76.2,34.798,3.3528,6.9342,,17.4752,,,,,,,,703.2244,653483.338192,70343.1109264,17042.54656,2982.445648,20319.95936,5964.891296,9406.83021856,74115899.16506648,,,,,,,,11.2522,,12.5222,
MC18X58,MC,1,MC460X86,86.313508727,457.2,106.68,17.78,15.875,,36.576,,,,,,,,11032.236,280956212.2799999,7325673.090559999,1229029.8,86523.69792,1563325.9056,175341.5848,1169610.305936,287333377197.90265,,,,,,,,21.8948,,17.653,
MC18X51.9,MC,1,MC460X77.2,77.235708671,457.2,104.14,15.24,15.875,,36.576,,,,,,,,9870.948,260977103.85119992,6784572.237279999,1140539.6544,82263.06128,1430590.6872,161576.45104,844949.793968,264507828541.99448,,,,,,,,21.7932,,20.2438,
MC18X45.8,MC,1,MC460X68.2,68.157908615,457.2,101.6,12.7,15.875,,36.576,,,,,,,,8709.66,240581763.99679995,6201848.241439999,1052049.5088,78166.29528,1297855.4688,149777.76496,603535.56712,240876672286.46603,,,,,,,,21.9964,,23.0886,
MC18X42.7,MC,1,MC460X63.5,63.54460039,457.2,100.33,11.43,15.875,,36.576,,,,,,,,8129.016,230592209.78239995,5952109.386079999,1007804.436,76035.97696,1230668.5064,144533.90448,511964.653488,228792558292.16174,,,,,,,,22.2758,,24.6126,
MC13X50,MC,1,MC330X74,74.408197178,330.2,112.014,19.9898,15.494,,36.576,,,,,,,,9483.852,130696667.63839997,6826195.379839998,791495.1912,78166.29528,996333.4912,167148.0528,1232045.019776,149843013529.37354,,,,,,,,24.7396,,20.701,
MC13X40,MC,1,MC330X60,59.526557743,330.2,106.426,14.224,15.494,,36.576,,,,,,,,7548.372,113631179.18879998,5702370.530719998,686617.9816,69481.15136,839017.6768,141911.97424,645158.70968,124063570341.52432,,,,,,,,24.4602,,26.162,
MC13X35,MC,1,MC330X52,52.085738025,330.2,103.378,11.3538,15.494,,36.576,,,,,,,,6645.148,104890319.25119998,5119646.534879999,635818.0832,65056.64408,761998.476,131751.99456,470341.510928,110636777014.51952,,,,,,,,24.892,,29.464,
MC13X31.8,MC,1,MC330X47.3,47.323613406,330.2,101.6,9.525,15.494,,36.576,,,,,,,,6032.246,99479310.71839997,4745038.251839999,601405.2488,62106.97256,711198.5776,126016.52216,390008.8457872,102043629285.23645,,,,,,,,25.4,,31.496,
MC12X50,MC,1,MC310X74,74.408197178,304.8,105.156,21.209,17.78,,33.274,,,,,,,,9483.852,111966253.48639998,7242426.805439997,735779.1736,92423.04096,925869.116,178618.9976,1344427.504688,110368241147.97943,,,,,,,,26.67,,18.8214,
MC12X45,MC,1,MC310X67,66.967377461,304.8,101.854,18.034,17.78,,33.274,,,,,,,,8516.112,104474087.82559997,6576456.524479998,686617.9816,86851.4392,852127.328,165509.3464,969819.221648,100163878219.45578,,,,,,,,26.416,,21.4376,
MC12X40,MC,1,MC310X60,59.526557743,304.8,98.806,14.986,17.78,,33.274,,,,,,,,7612.888,97398153.59039998,5910486.243519998,639095.496,81607.57872,781662.9528,152563.56584,703431.109264,90228051157.47223,,,,,,,,26.416,,24.1808,
MC12X35,MC,1,MC310X52,52.085738025,304.8,95.758,11.811,17.78,,33.274,,,,,,,,6645.148,89905987.92959999,5244515.962559999,589934.304,76035.97696,707921.1648,141256.49168,516126.967744,79755152362.4085,,,,,,,,26.67,,27.178,
MC12X31,MC,1,MC310X46,46.133082251,304.8,93.218,9.398,17.78,,33.274,,,,,,,,5883.8592,84078747.97119997,4703415.10928,552244.0568,71611.46968,650566.4408,133554.5716,416231.4256,71699076366.20561,,,,,,,,27.432,,29.718,
MC12X14.3,MC,1,MC310X21.3,21.280744393,304.8,53.848,6.35,7.9502,,19.05,,,,,,,,2696.7688,31675211.48815999,416231.4256,208115.7128,9406.174736,260554.3176,19828.34744,48699.0767952,8807976422.515146,,,,,,,,9.5758,,11.049,
MC12X10.6,MC,1,MC310X15.8,15.774537802,304.8,38.1,4.826,7.8486,,19.05,,,,,,,,1999.996,23017597.835679993,157335.4788768,151088.73008,5030.828648,190089.9424,10405.78564,24807.39296576,3141869638.519122,,,,,,,,6.8326,,7.2136,
MC10X41.1,MC,1,MC250X61.2,61.163538081,254,109.728,20.2184,14.605,,33.274,,,,,,,,7806.436,65348333.81919999,6534833.381919998,516192.516,79477.2604,644011.6152,155513.23736,940683.021856,72236148099.2858,,,,,,,,27.686,,21.9456,
MC10X33.6,MC,1,MC250X50,50.002308504,254,104.14,14.605,14.605,,33.274,,,,,,,,6367.7292,57856168.158399984,5452631.675359999,455560.3792,71283.7284,552244.0568,135684.88992,499477.71072,60152034104.98149,,,,,,,,27.686,,26.924,
MC10X28.5,MC,1,MC250X42.4,42.412672392,254,100.33,10.795,14.605,,33.274,,,,,,,,5399.9892,52445159.62559999,4703415.10928,414592.7192,65384.38536,491611.92,124377.81576,329239.0576496,51827422242.23851,,,,,,,,28.448,,30.734,
MC10X25,MC,1,MC250X37,37.204098589,254,86.614,9.652,14.605,,33.274,,,,,,,,4735.4744,45785456.81599999,3017677.835599999,360515.408,48505.70944,429341.0768,92586.9116,265555.6495328,33298447450.971893,,,,,,,,24.2062,,26.162,
MC10X22,MC,1,MC250X33,32.739606759,254,84.328,7.366,14.605,,33.274,,,,,,,,4161.282,42455605.41119999,2663881.12384,335934.812,45064.426,391650.8296,86687.56856,212278.027056,29538945319.410553,,,,,,,,25.146,,28.448,
MC10X8.4,MC,1,MC250X12.5,12.500577126,254,38.1,4.318,7.112,,19.05,,,,,,,,1587.0936,13277782.476639995,135691.4447456,104713.33896,4391.733152,129785.54688,8980.111072,17190.35787728,1879751065.7806716,,,,,,,,7.2136,,8.4328,
MC10X6.5,MC,1,MC250X9.7,9.673065633,254,29.718,3.8608,5.1308,,14.3002,,,,,,,,1258.062,9531699.646239998,55358.7796048,75216.62376,2245.027768,96683.6776,4653.926176,7950.02022896,741158991.6506647,,,,,,,,4.9276,,4.6228,
MC9X25.4,MC,1,MC230X37.8,37.799364167,228.6,88.9,11.43,13.97,,31.75,,,,,,,,4819.3452,36586742.31023999,3150871.891791999,319547.748,48997.32136,385096.004,93406.2648,287615.9150896,27927730120.169975,,,,,,,,24.638,,25.0444,
MC9X23.9,MC,1,MC230X35.6,35.567118251,228.6,87.63,10.16,13.97,,31.75,,,,,,,,4529.0232,35338048.033439994,2971892.378783999,309715.5096,47358.61496,368708.94,90292.72264,249322.6239344,26316514920.9294,,,,,,,,24.9174,,26.416,
MC8X22.8,MC,1,MC200X33.9,33.930137913,203.2,88.9,10.8458,13.335,,30.226,,,,,,,,4322.572,26555564.95327999,2917782.293455999,260554.3176,46047.64984,312992.9224,87998.53368,238084.3754432,20193897163.815216,,,,,,,,25.654,,26.416,
MC8X21.4,MC,1,MC200X31.8,31.846708392,203.2,87.63,9.525,13.335,,30.226,,,,,,,,4051.6048,25598232.674399994,2738802.780447999,252360.7856,44408.94344,298244.5648,84884.99152,206034.555672,19012339351.03879,,,,,,,,25.908,,27.686,
MC8X20,MC,1,MC200X29.8,29.763278871,203.2,76.962,10.16,12.7,,28.702,,,,,,,,3787.0892,22642989.552639995,1839742.901152,222864.0704,33101.86928,268747.8496,63254.06704,183558.0586896,12836014420.616585,,,,,,,,21.336,,21.4122,
MC8X18.7,MC,1,MC200X27.8,27.828665745,203.2,75.692,8.9662,12.7,,28.702,,,,,,,,3548.38,21810526.701439995,1727360.41624,214670.5384,31954.7748,255638.1984,60959.87808,158167.941728,12084113994.304317,,,,,,,,21.5646,,22.5806,
MC8X8.5,MC,1,MC200X12.6,12.64939352,203.2,47.498,4.5466,7.8994,,20.6502,,,,,,,,1612.9,9698192.216479998,259728.4095744,95372.71248,7062.824584,113890.0948,14338.681,24432.78468272,2204679464.2941875,,,,,,,,10.8712,,13.7668,
MC7X22.7,MC,1,MC180X33.8,33.781321519,177.8,91.44,12.7762,12.7,,28.702,,,,,,,,4303.2172,19729369.573439993,3013515.521344,221225.364,46375.39112,268747.8496,88162.40432,260144.641,15655641019.287592,,,,,,,,26.416,,25.654,
MC7X19.1,MC,1,MC180X28.4,28.423931322,177.8,87.63,8.9408,12.7,,28.702,,,,,,,,3619.3476,17939574.443359997,2522362.439135999,201560.8872,41787.0132,237612.428,79477.2604,169406.1902192,13238818220.42673,,,,,,,,27.432,,29.21,
MC6X18,MC,1,MC150X26.8,26.786950984,152.4,88.9,9.6266,12.065,,26.924,,,,,,,,3412.8964,12362073.340319997,2447440.782527999,162068.06296,40476.04808,191728.6488,76691.45952,157751.7103024,9291340982.28732,,,,,,,,28.448,,29.718,
MC6X15.3,MC,1,MC150X22.8,22.768908337,152.4,88.9,8.636,9.779,,22.225,,,,,,,,2896.7684,10530655.067679998,2043696.299696,138306.82016,32937.99864,162395.80424,63090.1964,92819.6079088,8056075996.202878,,,,,,,,26.67,,29.464,
MC6X16.3,MC,1,MC150X24.3,24.25707228,152.4,76.2,9.525,12.065,,26.924,,,,,,,,3090.3164,10822017.065599997,1569192.474512,141911.97424,29824.45648,170425.4656,56863.11208,139853.7590016,5934642650.53612,,,,,,,,23.5458,,23.622,
MC6X15.1,MC,1,MC150X22.5,22.471275548,152.4,74.676,8.0264,12.065,,26.924,,,,,,,,2864.5104,10364162.497439997,1440160.732576,136012.6312,28349.62072,161084.83912,54077.3112,118625.956296,5504985264.071966,,,,,,,,23.876,,24.9428,
MC6X12,MC,1,MC150X17.9,17.857967323,152.4,63.5,7.874,9.525,,22.225,,,,,,,,2277.4148,7783527.658719998,770028.13736,102255.27936,16878.67592,122411.36808,32282.51608,64515.870968,3034455291.9030843,,,,,,,,17.8816,,18.415,
MC6X7,MC,1,MC150X10.4,10.417147605,152.4,47.752,4.5466,7.3914,,19.05,,,,,,,,1348.3844,4745038.251839999,250987.5496368,62434.71384,7193.921096,73741.788,14174.81036,19313.13814784,1074143466.1603837,,,,,,,,12.7254,,14.8082,
MC6X6.5,MC,1,MC150X9.7,9.673065633,152.4,46.99,3.937,7.3914,,19.05,,,,,,,,1258.062,4578545.681599999,235170.755464,59976.65424,6915.341008,70136.63392,13699.585504,17148.73473472,1007009499.5253597,,,,,,,,13.0302,,15.5448,
MC4X13.8,MC,1,MC100X20.5,20.536662421,101.6,63.5,12.7,12.7,,25.4,,,,,,,,2599.9948,3683648.116559999,886572.936528,72594.69352,21139.31256,90620.46392,39328.9536,155254.3217488,1299713594.0540643,,,,,,,,21.5646,,16.3322,
MC3X7.1,MC,1,MC75X10.6,10.565963999,76.2,49.276,7.9248,8.9154,,20.6502,,,,,,,,1361.2876,1132149.477632,277210.1294496,29660.58584,8488.499152,36707.02336,16354.289872,38626.27629568,245710317.8841878,,,,,,,,16.5862,,14.5796,
L12X12X1-3/8,L,1,L305X305X34.9,156.257214075,304.8,304.8,,,35.052,53.086,,,,,,,,20064.476,171903578.77279997,171903578.77279997,796411.3104,796411.3104,1443700.3384,1443700.3384,8283005.369439998,56661067839.96024,,,,,275128972.32159996,68678185.22399998,1,88.9,88.9,,
L12X12X1-1/4,L,1,L305X305X31.8,143.45900416,304.8,304.8,,,31.75,49.784,,,,,,,,18322.544,158584173.15359995,158584173.15359995,730863.0544,730863.0544,1322436.0648,1322436.0648,6201848.241439999,42965738646.415344,,,,,253901169.61599994,63267176.69119999,1,87.63,87.63,,
L12X12X1-1/8,L,1,L305X305X28.6,129.767895879,304.8,304.8,,,28.702,46.736,,,,,,,,16645.128,145680998.95999998,145680998.95999998,666953.5048,666953.5048,1207726.6168,1207726.6168,4620168.824159998,32224303984.811512,,,,,233089598.33599994,58272399.583999984,1,86.614,86.614,,
L12X12X1,L,1,L305X305X25.4,115.77915481,304.8,304.8,,,25.4,43.434,,,,,,,,14838.68,131112899.06399997,131112899.06399997,598127.836,598127.836,1079907.5176,1079907.5176,3246605.119679999,22691280722.638107,,,,,209780638.50239995,52445159.62559999,1,85.344,85.344,,
L10X10X1-3/8,L,1,L254X254X34.9,129.619079485,254,254,,,35.052,55.372,,,,,,,,16516.096,96149459.31359997,96149459.31359997,540773.112,540773.112,981585.1336,979946.4272,6826195.379839998,31687232251.73132,,,,,153589396.04639995,38834392.00847999,1,76.2,76.2,,
L10X10X1-1/4,L,1,L254X254X31.8,118.904299091,254,254,,,31.75,52.07,,,,,,,,15096.744,88657293.65279998,88657293.65279998,494889.3328,494889.3328,899649.8136,899649.8136,5119646.534879999,24007106468.684578,,,,,141934916.12959996,35546163.74624,1,74.93,74.93,,
L10X10X1-1/8,L,1,L254X254X28.6,107.59425312,254,254,,,28.702,49.022,,,,,,,,13741.908,81581359.41759998,81581359.41759998,452282.9664,452282.9664,822630.6128,822630.6128,3833491.429775999,18072463818.148457,,,,,130696667.63839997,32549297.481919993,1,73.66,73.66,,
L10X10X1,L,1,L254X254X25.4,96.284207149,254,254,,,25.4,45.72,,,,,,,,12258.04,73672962.33119999,73672962.33119999,406399.1872,406399.1872,737417.88,737417.88,2688855.009375999,12782307247.308567,,,,,118209724.87039997,29302692.362239994,1,72.644,72.644,,
L10X10X7/8,L,1,L254X254X22.2,84.676528389,254,254,,,22.225,42.672,,,,,,,,10838.688,65764565.24479999,65764565.24479999,358876.7016,358876.7016,653843.8536,653843.8536,1827255.958384,8727415662.553118,,,,,105306550.67679997,26139333.52767999,1,71.12,71.12,,
L10X10X3/4,L,1,L254X254X19,73.068849629,254,254,,,19.05,39.37,,,,,,,,9354.82,57856168.158399984,57856168.158399984,314631.6288,314631.6288,566992.4144,566992.4144,1165447.99168,5612399610.6880045,,,,,92403376.48319998,23184090.405919995,1,70.104,70.104,,
L8X8X1-1/8,L,1,L203X203X28.6,84.676528389,203.2,203.2,,,28.702,44.45,,,,,,,,10838.688,40832302.851359986,40832302.851359986,286773.62,286773.62,517831.2224,517831.2224,2967730.064527999,8727415662.553118,,,,,64515870.96799999,16940619.021919996,1,60.96,60.96,,
L8X8X1,L,1,L203X203X25.4,75.896361122,203.2,203.2,,,25.4,41.402,,,,,,,,9741.916,37086220.02095999,37086220.02095999,258915.6112,258915.6112,467031.324,467031.324,2114455.642047999,6283739277.038244,,,,,58688631.00959998,15317316.462079994,1,59.944,59.944,,
L8X8X7/8,L,1,L203X203X22.2,66.967377461,203.2,203.2,,,22.225,38.1,,,,,,,,8580.628,33173644.620319992,33173644.620319992,229418.896,229418.896,414592.7192,414592.7192,1440160.732576,4323427451.295545,,,,,52861391.05119999,13610767.617119998,1,58.674,58.674,,
L8X8X3/4,L,1,L203X203X19,57.889577405,203.2,203.2,,,19.05,35.052,,,,,,,,7419.34,29094576.649439994,29094576.649439994,199922.1808,199922.1808,360515.408,360515.408,919871.450576,2792773012.016998,,,,,46201688.24159999,11862595.629599998,1,57.404,57.404,,
L8X8X5/8,L,1,L203X203X15.9,48.662960955,203.2,203.2,,,15.875,31.75,,,,,,,,6251.6004,24807392.965759996,24807392.965759996,168786.7592,168786.7592,304799.3904,304799.3904,541100.85328,1654180937.886991,,,,,39541985.43199999,10072800.499519998,1,56.134,56.134,,
L8X8X9/16,L,1,L203X203X14.3,44.04965273,203.2,203.2,,,14.3002,30.226,,,,,,,,5658.0532,22559743.267519996,22559743.267519996,152891.30712,152891.30712,275302.6752,275302.6752,399998.4000016,1221838192.7574365,,,,,35962395.17184,9115468.220639998,1,55.626,55.626,,
L8X8X1/2,L,1,L203X203X12.7,39.28752811,203.2,203.2,,,12.7,28.702,,,,,,,,5058.0544,20312093.569279995,20312093.569279995,136995.85504,136995.85504,247444.6664,247444.6664,284286.0636848,867370848.9245099,,,,,32424428.054239996,8241382.226879998,1,55.118,55.118,,
L8X6X1,L,1,L203X152X25.4,65.776846306,203.2,152.4,,,25.4,38.1,,,,,,,,8451.596,33673122.331039995,16149779.313279996,247444.6664,146172.61088,447366.8472,265470.4368,1806444.387103999,4377134624.603563,,,,,40957172.279039994,8865729.365279999,0.542,41.91,67.31,,
L8X6X7/8,L,1,L203X152X22.2,58.187210194,203.2,152.4,,,22.225,35.052,,,,,,,,7419.34,30135155.213439994,14526476.753439996,219586.6576,130113.28816,398205.6552,235973.7216,1232045.019776,3034455291.9030843,,,,,36794858.02304,7866773.943839998,0.546,40.64,66.04,,
L8X6X3/4,L,1,L203X152X19,50.299941293,203.2,152.4,,,19.05,31.75,,,,,,,,6445.1484,26430695.525599994,12819927.908479998,191728.6488,113398.48288,345767.0504,204838.3,790839.70864,1954941108.4118984,,,,,32382804.91167999,6909441.664959999,0.55,39.624,64.77,,
L8X6X5/8,L,1,L203X152X15.9,42.412672392,203.2,152.4,,,15.875,28.702,,,,,,,,5425.7956,22559743.267519996,10988509.635839997,161576.45104,96355.93632,293328.4456,172064.172,466179.196672,1162760302.1186154,,,,,27679389.802399993,5868863.100959999,0.554,38.354,63.5,,
L8X6X9/16,L,1,L203X152X14.3,38.24581335,203.2,152.4,,,14.3002,26.924,,,,,,,,4909.6676,20561832.424639996,10031177.356959999,146500.35216,87506.92176,265470.4368,156004.84928,342558.4632688,859314772.928307,,,,,25265247.533919994,5327762.247679999,0.556,37.846,62.992,,
L8X6X1/2,L,1,L203X152X12.7,34.227770702,203.2,152.4,,,12.7,25.4,,,,,,,,4387.088,18480675.296639994,9032221.935519997,131260.38264,78494.03656,239251.1344,139617.78528,243079.1525504,612261775.7114186,,,,,22726235.837759994,4786661.394399999,0.557,37.084,62.484,,
L8X6X7/16,L,1,L203X152X11.1,30.06091166,203.2,152.4,,,11.1252,23.8252,,,,,,,,3864.5084,16357895.026079996,8033266.514079998,115692.67184,69317.28072,211393.1256,122902.98,164827.6445376,416230593.1371487,,,,,20145600.999039996,4245560.541119998,0.559,36.576,61.722,,
L8X4X1,L,1,L203X102X25.4,55.65733149,203.2,101.6,,,25.4,38.1,,,,,,,,7161.276,29011330.364319995,4828284.536959998,229418.896,64565.03216,398205.6552,126672.00472,1531731.646208,3464112678.3672376,,,,,30551386.639039993,3259092.062447999,0.247,26.416,76.962,,
L8X4X7/8,L,1,L203X102X22.2,49.258226532,203.2,101.6,,,22.225,35.052,,,,,,,,6316.1164,26056087.242559996,4370429.968799999,204838.3,57518.59464,355599.2888,110940.42328,1044740.878256,2387283853.541453,,,,,27512897.23215999,2901133.036431999,0.252,25.3238,75.946,,
L8X4X3/4,L,1,L203X102X19,42.71030518,203.2,101.6,,,19.05,31.75,,,,,,,,5477.4084,22892728.407999996,3900088.457871999,178618.9976,50308.28648,309715.5096,95372.71248,670132.595216,1544081232.6055515,,,,,24224668.969919994,2555660.953183999,0.257,24.1046,74.676,,
L8X4X5/8,L,1,L203X102X15.9,36.013567434,203.2,101.6,,,15.875,28.702,,,,,,,,4619.3456,19562877.003199995,3375636.861615999,150760.9888,42934.10768,263831.7304,79641.13104,397501.011448,918392663.5671281,,,,,20769948.137439996,2181052.670144,0.262,22.9108,73.406,,
L8X4X9/16,L,1,L203X102X14.3,32.590790364,203.2,101.6,,,14.3002,26.924,,,,,,,,4187.0884,17856328.158239994,3096761.806463999,136668.11376,39001.21232,239251.1344,71939.21096,293026.9236224,679395742.3464426,,,,,18980153.007359996,1989586.214368,0.264,22.3012,72.644,,
L8X4X1/2,L,1,L203X102X12.7,29.168013294,203.2,101.6,,,12.7,25.4,,,,,,,,3741.928,16066533.028159996,2809562.1228,122575.23872,35232.1876,214670.5384,64073.42024,208531.9442256,483364559.7721727,,,,,17065488.449599996,1798119.758592,0.266,21.6916,72.136,,
L8X4X7/16,L,1,L203X102X11.1,25.596419829,203.2,101.6,,,11.1252,23.8252,,,,,,,,3296.7676,14235114.755519997,2509875.496367999,107990.75176,31135.4216,190089.9424,56043.75888,141518.684704,327613757.17891705,,,,,15150823.891839996,1598328.674304,0.268,21.0566,71.374,,
L7X4X3/4,L,1,L178X102X19,38.989895322,177.8,101.6,,,19.05,31.75,,,,,,,,4993.5384,15733547.887679996,3746082.830399999,137487.46696,49325.06264,242528.5472,91767.5584,611860.195632,1066087390.1641809,,,,,17148734.734719995,2343382.926128,0.324,25.4,63.5,,
L7X4X5/8,L,1,L178X102X15.9,32.888423153,177.8,101.6,,,15.875,28.702,,,,,,,,4193.54,13485898.189439997,3242442.805423999,116675.89568,41950.88384,204838.3,76855.33016,361288.8774208,636430003.7000273,,,,,14734592.466239996,2002073.157135999,0.329,24.3332,62.23,,
L7X4X1/2,L,1,L178X102X12.7,26.63813459,177.8,101.6,,,12.7,25.4,,,,,,,,3393.5416,11071755.920959998,2697179.637887999,94881.10056,34412.8344,167148.0528,61779.23128,189801.5300736,335669833.1751199,,,,,12112334.484959997,1639951.816863999,0.334,23.114,60.96,,
L7X4X7/16,L,1,L178X102X11.1,23.364173914,177.8,101.6,,,11.1252,23.8252,,,,,,,,2987.0908,9823061.644159999,2409979.954223999,83737.89704,30479.93904,147975.18792,54241.18184,129031.741936,228524022.42562163,,,,,10780393.923039997,1456809.9896,0.337,22.5044,60.452,,
L7X4X3/8,L,1,L178X102X9.5,20.239029633,177.8,101.6,,,9.525,22.225,,,,,,,,2580.64,8532744.224799998,2106131.013535999,72430.82288,26383.17304,127982.96984,46539.26176,82413.8222688,146083511.3978122,,,,,9365207.075999998,1265343.533824,0.339,21.8694,59.69,,
L6X6X1,L,1,L152X152X25.4,55.65733149,152.4,152.4,,,25.4,38.1,,,,,,,,7096.76,14734592.466239996,14734592.466239996,140109.3972,140109.3972,252360.7856,252360.7856,1531731.646208,2481271406.8304863,,,,,23225713.548479993,6201848.241439999,1,47.244,47.244,,
L6X6X7/8,L,1,L152X152X22.2,49.258226532,152.4,152.4,,,22.225,35.052,,,,,,,,6290.31,13277782.476639995,13277782.476639995,124705.55704,124705.55704,224502.7768,224502.7768,1044740.878256,1721314904.5220149,,,,,21019686.992799994,5535877.960479999,1,45.974,45.974,,
L6X6X3/4,L,1,L152X152X19,42.71030518,152.4,152.4,,,19.05,31.75,,,,,,,,5458.0536,11696103.059359998,11696103.059359998,108810.10496,108810.10496,195006.0616,195006.0616,670132.595216,1119794563.4722,,,,,18563921.581759997,4828284.536959998,1,44.958,44.958,,
L6X6X5/8,L,1,L152X152X15.9,36.013567434,152.4,152.4,,,15.875,28.702,,,,,,,,4599.9908,10031177.356959999,10031177.356959999,92423.04096,92423.04096,165509.3464,165509.3464,397501.011448,671339666.3502398,,,,,15983286.743039995,4083230.285135999,1,43.688,43.688,,
L6X6X9/16,L,1,L152X152X14.3,32.590790364,152.4,152.4,,,14.3002,26.924,,,,,,,,4161.282,9157091.363199998,9157091.363199998,83901.76768,83901.76768,150433.24752,150433.24752,293026.9236224,496791353.0991775,,,,,14609723.038559997,3704459.687839999,1,43.18,43.18,,
L6X6X1/2,L,1,L152X152X12.7,29.168013294,152.4,152.4,,,12.7,25.4,,,,,,,,3722.5732,8283005.369439998,8283005.369439998,75216.62376,75216.62376,134701.66608,134701.66608,208531.9442256,354467343.83292663,,,,,13236159.334079998,3354825.290335999,1,42.418,42.418,,
L6X6X7/16,L,1,L152X152X11.1,25.596419829,152.4,152.4,,,11.1252,23.8252,,,,,,,,3277.4128,7325673.090559999,7325673.090559999,66531.47984,66531.47984,118806.214,118806.214,141518.684704,241413744.01954624,,,,,11696103.059359998,2934431.550479999,1,41.91,41.91,,
L6X6X3/8,L,1,L152X152X9.5,22.173642759,152.4,152.4,,,9.525,22.225,,,,,,,,2825.8008,6409963.954239999,6409963.954239999,57518.59464,57518.59464,102746.89128,102746.89128,90738.4507808,154408123.26055515,,,,,10239293.069759998,2584797.152975999,1,41.148,41.148,,
L6X6X5/16,L,1,L152X152X7.9,18.4532329,152.4,152.4,,,7.9502,20.6502,,,,,,,,2367.7372,5411008.532799998,5411008.532799998,48341.8388,48341.8388,86195.95664,86195.95664,53693.8539024,90765122.89055243,,,,,8657613.652479999,2164403.41312,1,40.64,40.64,,
L6X4X7/8,L,1,L152X102X22.2,40.478059265,152.4,101.6,,,22.225,35.052,,,,,,,,5161.28,11529610.489119997,4037444.828319999,116839.76632,55224.40568,208115.7128,102583.02064,844949.793968,1084884900.8219876,,,,,13152913.048959997,2422466.896991999,0.421,28.448,53.848,,
L6X4X3/4,L,1,L152X102X19,35.120669068,152.4,101.6,,,19.05,31.75,,,,,,,,4477.4104,10197669.927199997,3592077.202928,102091.40872,48341.8388,181896.4104,88817.88688,545263.167536,708934687.6658533,,,,,11696103.059359998,2114455.642047999,0.428,27.178,52.578,,
L6X4X5/8,L,1,L152X102X15.9,29.763278871,152.4,101.6,,,15.875,28.702,,,,,,,,3780.6376,8740859.937599998,3113411.063488,86687.56856,41295.40128,154693.88416,74725.01184,322579.35484,426972027.79875255,,,,,10072800.499519998,1798119.758592,0.435,26.162,51.562,,
L6X4X9/16,L,1,L152X102X14.3,26.935767379,152.4,101.6,,,14.3002,26.924,,,,,,,,3425.7996,7991643.371519998,2855347.579615999,78821.77784,37526.37656,140764.87976,67678.57432,238084.3754432,316872322.5173132,,,,,9198714.50576,1635789.502608,0.438,25.4,50.8,,
L6X4X1/2,L,1,L152X102X12.7,24.108255886,152.4,101.6,,,12.7,25.4,,,,,,,,3064.51,7200803.662879999,2588959.467231999,70628.24584,33757.35184,126344.26344,60468.26616,169406.1902192,226375735.49330086,,,,,8324628.511999998,1473459.246624,0.44,24.9174,50.292,,
L6X4X7/16,L,1,L152X102X11.1,21.280744393,152.4,101.6,,,11.1252,23.8252,,,,,,,,2696.7688,6409963.954239999,2314246.726335999,62434.71384,29988.32712,111595.90584,53094.08736,114879.8734656,154408123.26055515,,,,,7408919.375679999,1306966.676384,0.443,24.3078,49.53,,
L6X4X3/8,L,1,L152X102X9.5,18.304416506,152.4,101.6,,,9.525,22.225,,,,,,,,2329.0276,5577501.103039999,2022884.728416,54077.3112,25891.56112,96519.80696,45719.90856,73672.9623312,99089734.75329539,,,,,6451587.096799999,1136311.791888,0.446,23.6982,49.022,,
L6X4X5/16,L,1,L152X102X7.9,15.328088619,152.4,101.6,,,7.9502,20.6502,,,,,,,,1954.8348,4745038.251839999,1719035.787728,45392.16728,21958.66576,81279.83744,38181.85912,43288.0682624,58272283.03920081,,,,,5494254.817919998,961494.593136,0.449,23.0632,48.26,,
L6X3-1/2X1/2,L,1,L152X89X12.7,22.768908337,152.4,88.9,,,12.7,25.4,,,,,,,,2903.22,6909441.664959999,1764821.244544,69317.28072,26055.43176,122739.10936,47194.74432,160665.3302816,209189440.03473473,,,,,7617035.088479999,1078039.392304,0.343,21.0566,52.578,,
L6X3-1/2X3/8,L,1,L152X89X9.5,17.41151814,152.4,88.9,,,9.525,22.225,,,,,,,,2219.3504,5369385.390239999,1386050.647248,52930.21672,19992.21808,94061.74736,35723.79952,69926.8795008,91570730.49017271,,,,,5910486.243519998,836625.165456,0.349,19.8374,51.308,,
L6X3-1/2X5/16,L,1,L152X89X7.9,14.584006647,152.4,88.9,,,7.9502,20.6502,,,,,,,,1864.5124,4536922.539039999,1182097.248704,44572.81408,16878.67592,79313.38976,29824.45648,41206.9111344,53975709.17455929,,,,,4994777.107199999,707593.42352,0.352,19.2024,50.8,,
L5X5X7/8,L,1,L127X127X22.2,40.478059265,127,127,,,22.225,35.052,,,,,,,,5161.28,7408919.375679999,7408919.375679999,84557.25024,84557.25024,152563.56584,152563.56584,861599.050992,947931608.8865385,,,,,11654479.916799998,3163358.834559999,1,39.624,39.624,,
L5X5X3/4,L,1,L127X127X19,35.120669068,127,127,,,19.05,31.75,,,,,,,,4503.2168,6534833.381919998,6534833.381919998,74069.52928,74069.52928,133390.70096,133390.70096,553587.796048,623003210.3730226,,,,,10322539.354879998,2726315.837679999,1,38.608,38.608,,
L5X5X5/8,L,1,L127X127X15.9,29.763278871,127,127,,,15.875,28.702,,,,,,,,3806.444,5660747.388159999,5660747.388159999,63090.1964,63090.1964,113562.35352,113562.35352,329655.2890752,375950213.15613425,,,,,8990598.79296,2339220.611872,1,37.338,37.338,,
L5X5X1/2,L,1,L127X127X12.7,24.108255886,127,127,,,12.7,25.4,,,,,,,,3090.3164,4703415.10928,4703415.10928,51619.2516,51619.2516,92750.78224,92750.78224,173568.5044752,199790684.70583138,,,,,7492165.660799998,1931313.814783999,1,36.068,36.068,,
L5X5X7/16,L,1,L127X127X11.1,21.280744393,127,127,,,11.1252,23.8252,,,,,,,,2722.5752,4162314.255999999,4162314.255999999,45556.03792,45556.03792,81935.32,81935.32,118209.7248704,136416220.20236874,,,,,6618079.667039999,1681574.959424,1,35.56,35.56,,
L5X5X3/8,L,1,L127X127X9.5,18.304416506,127,127,,,9.525,22.225,,,,,,,,2354.834,3646187.288255999,3646187.288255999,39492.82424,39492.82424,70955.98712,70955.98712,76170.3508848,87811228.35861138,,,,,5827239.958399999,1477621.56088,1,34.798,34.798,,
L5X5X5/16,L,1,L127X127X7.9,15.328088619,127,127,,,7.9502,20.6502,,,,,,,,1980.6412,3096761.806463999,3096761.806463999,33429.61056,33429.61056,59812.7836,59812.7836,44952.9939648,51827422.242238514,,,,,4953153.964639999,1248694.2768,1,34.29,34.29,,
L5X3-1/2X3/4,L,1,L127X89X19,29.465646083,127,88.9,,,19.05,30.226,,,,,,,,3774.186,5785616.815839998,2297597.469311999,69808.89264,36051.5408,124541.6864,66695.35048,453692.253904,408174517.1409458,,,,,6742949.094719999,1344427.504688,0.464,25.2222,44.196,,
L5X3-1/2X5/8,L,1,L127X89X15.9,25.001154252,127,88.9,,,15.875,26.924,,,,,,,,3180.6388,4994777.107199999,1997910.842879999,59485.04232,30807.68032,106515.916,56207.62952,270966.6580656,246515925.48380807,,,,,5868863.100959999,1140474.106144,0.472,24.0538,42.926,,
L5X3-1/2X1/2,L,1,L127X89X12.7,20.239029633,127,88.9,,,12.7,23.8252,,,,,,,,2580.64,4162314.255999999,1673250.330911999,48669.58008,25399.9492,87343.05112,45719.90856,142767.3789808,131851110.4711871,,,,,4911530.822079999,940683.021856,0.479,22.8854,41.91,,
L5X3-1/2X3/8,L,1,L127X89X9.5,15.476905013,127,88.9,,,9.525,20.6502,,,,,,,,1967.738,3225793.548399999,1311128.99064,37362.50592,19500.60616,67023.09176,34740.57568,62434.71384,58272283.03920081,,,,,3812679.858495999,720080.366288,0.485,21.6916,40.64,,
L5X3-1/2X5/16,L,1,L127X89X7.9,12.947026309,127,88.9,,,7.9502,19.05,,,,,,,,1651.6096,2738802.780447999,1119662.534864,31463.16288,16550.93464,56535.3708,29005.10328,36753.23488048,34372590.91713228,,,,,3246605.119679999,611860.195632,0.489,21.0566,39.878,,
L5X3-1/2X1/4,L,1,L127X89X6.4,10.417147605,127,88.9,,,6.35,17.4752,,,,,,,,1335.4812,2231000.441215999,915709.13632,25399.9492,13371.844224,45556.03792,23269.63088,19313.13814784,17991903.058186427,,,,,2651394.181071999,495315.396464,0.491,20.4216,39.37,,
L5X3X1/2,L,1,L127X76X12.7,19.048498478,127,76.2,,,12.7,23.8252,,,,,,,,2419.35,3925062.343407999,1061390.13528,47358.61496,18517.38232,83901.76768,34085.09312,134026.5190432,119229924.74380259,,,,,4328806.826239999,645158.70968,0.357,18.9484,44.196,,
L5X3X7/16,L,1,L127X76X11.1,16.816252562,127,76.2,,,11.1252,22.225,,,,,,,,2135.4796,3500506.289295999,953169.964624,41950.88384,16387.064,74233.39992,29824.45648,91570.913632,81634903.42818916,,,,,3883439.200847999,570237.053072,0.361,18.3388,43.688,,
L5X3X3/8,L,1,L127X76X9.5,14.584006647,127,76.2,,,9.525,20.6502,,,,,,,,1845.1576,3059300.978159999,836625.165456,36379.28208,14322.293936,64401.16152,25727.69048,58688.6310096,52633029.841858804,,,,,3396448.432895999,499477.71072,0.364,17.7292,42.926,,
L5X3X5/16,L,1,L127X76X7.9,12.202944337,127,76.2,,,7.9502,19.05,,,,,,,,1554.8356,2597284.095743999,715918.052032,30643.80968,12110.040296,54405.05248,21467.05384,34630.45460992,31150160.518651128,,,,,2892808.407919999,420393.739856,0.368,17.0942,42.418,,
L5X3X1/4,L,1,L127X76X6.4,9.821882028,127,76.2,,,6.35,17.4752,,,,,,,,1251.6104,2118617.956303999,586886.310096,24744.46664,9832.2384,43917.33152,17206.4172,18230.93644128,16273273.512329813,,,,,2364194.497407999,343390.92612,0.371,16.4592,41.656,,
L4X4X3/4,L,1,L102X102X19,27.531032956,101.6,101.6,,,19.05,28.702,,,,,,,,3509.6704,3171683.463071999,3171683.463071999,45719.90856,45719.90856,82263.06128,82263.06128,424556.054112,300760170.52490747,,,,,4994777.107199999,1352752.1332,1,32.258,32.258,,
L4X4X5/8,L,1,L102X102X15.9,23.364173914,101.6,101.6,,,15.875,25.4,,,,,,,,2974.1876,2755452.037471999,2755452.037471999,39001.21232,39001.21232,70136.63392,70136.63392,253901.169616,182604389.24726525,,,,,4370429.968799999,1148798.734656,1,30.988,30.988,,
L4X4X1/2,L,1,L102X102X12.7,19.048498478,101.6,101.6,,,12.7,22.225,,,,,,,,2419.35,2297597.469311999,2297597.469311999,32118.64544,32118.64544,57354.724,57354.724,134026.5190432,98284127.15367511,,,,,3658674.231023999,936520.7076,1,29.972,29.972,,
L4X4X7/16,L,1,L102X102X11.1,16.816252562,101.6,101.6,,,11.1252,20.6502,,,,,,,,2129.028,2052020.928207999,2052020.928207999,28349.62072,28349.62072,50799.8984,50799.8984,91570.913632,67671038.36810417,,,,,3271579.005215999,828300.536944,1,29.21,29.21,,
L4X4X3/8,L,1,L102X102X9.5,14.584006647,101.6,101.6,,,9.525,19.05,,,,,,,,1845.1576,1798119.758592,1798119.758592,24580.596,24580.596,44081.20216,44081.20216,58688.6310096,43502810.37949554,,,,,2876159.150895999,720080.366288,1,28.702,28.702,,
L4X4X5/16,L,1,L102X102X7.9,12.202944337,101.6,101.6,,,7.9502,17.4752,,,,,,,,1548.384,1527569.331952,1527569.331952,20811.57128,20811.57128,37034.76464,37034.76464,34630.45460992,25860003.94781124,,,,,2447440.782527999,607697.881376,1,28.194,28.194,,
L4X4X1/4,L,1,L102X102X6.4,9.821882028,101.6,101.6,,,6.35,15.875,,,,,,,,1245.1588,1248694.2768,1248694.2768,16878.67592,16878.67592,29824.45648,29824.45648,18230.93644128,13561061.260274844,,,,,2006235.471392,495315.396464,1,27.432,27.432,,
L4X3-1/2X1/2,L,1,L102X89X12.7,17.709150928,101.6,88.9,,,12.7,22.225,,,,,,,,2258.06,2206026.555679999,1565030.160256,31463.16288,24580.596,56699.24144,44081.20216,125285.6591056,81097831.69510897,,,,,3021840.149855999,745054.251824,0.75,25.2476,31.496,,
L4X3-1/2X3/8,L,1,L102X89X9.5,13.542291886,101.6,88.9,,,9.525,19.05,,,,,,,,1729.0288,1727360.41624,1232045.019776,24252.85472,19008.99424,43589.59024,33757.35184,54942.5481792,35983806.11637285,,,,,2385006.068688,578561.681584,0.755,24.0538,30.48,,
L4X3-1/2X5/16,L,1,L102X89X7.9,11.458862365,101.6,88.9,,,7.9502,17.4752,,,,,,,,1451.61,1469296.932368,1048903.192512,20483.83,16059.32272,36707.02336,28513.49136,32549.29748192,21429162.149899654,,,,,2031209.356928,482828.453696,0.757,23.4442,29.718,,
L4X3-1/2X1/4,L,1,L102X89X6.4,9.22661645,101.6,88.9,,,6.35,15.875,,,,,,,,1174.1912,1202908.819984,861599.050992,16550.93464,13011.328816,29660.58584,22941.8896,17148.73473472,11251652.808030019,,,,,1669088.016655999,396668.5485968,0.759,22.7838,28.956,,
L4X3X5/8,L,1,L102X76X15.9,20.239029633,101.6,76.2,,,15.875,25.4,,,,,,,,2574.1884,2501550.867855999,1186259.56296,37362.50592,21958.66576,66859.22112,40148.3068,220186.4241424,126748929.00692527,,,,,3026002.464111999,661807.966704,0.534,22.0218,34.798,,
L4X3X1/2,L,1,L102X76X12.7,16.518619774,101.6,76.2,,,12.7,22.225,,,,,,,,2096.77,2089481.756511999,998955.42144,30643.80968,18025.7704,55060.53504,32610.25736,116961.0305936,68476645.96772446,,,,,2547336.324672,541100.85328,0.542,20.8788,33.528,,
L4X3X3/8,L,1,L102X76X9.5,12.64939352,101.6,76.2,,,9.525,19.05,,,,,,,,1606.4484,1639951.816863999,786677.394384,23597.37216,13945.391464,42606.3664,24908.33728,51196.4653488,30613088.78557094,,,,,2006235.471392,416231.4256,0.551,19.685,32.258,,
L4X3X5/16,L,1,L102X76X7.9,10.714780394,101.6,76.2,,,7.9502,17.4752,,,,,,,,1348.3844,1398537.590016,674294.909472,19992.21808,11815.073144,35887.67016,20975.44192,30426.51721136,18153024.578110483,,,,,1719035.787728,353380.4803344,0.554,19.05,31.75,,
L4X3X1/4,L,1,L102X76X6.4,8.631350873,101.6,76.2,,,6.35,15.875,,,,,,,,1090.3204,1144636.4204,553587.796048,16190.419232,9586.43244,29005.10328,16878.67592,16066.53302816,9559876.848827414,,,,,1411024.532784,288032.1465152,0.558,18.415,30.988,,
L3-1/2X3-1/2X1/2,L,1,L89X89X12.7,16.518619774,88.9,88.9,,,12.7,22.225,,,,,,,,2096.77,1510920.074928,1510920.074928,24252.85472,24252.85472,43589.59024,43589.59024,116961.0305936,63911536.23654283,,,,,2393330.697199999,628509.452656,1,26.67,26.67,,
L3-1/2X3-1/2X7/16,L,1,L89X89X11.1,14.584006647,88.9,88.9,,,11.1252,20.6502,,,,,,,,1864.5124,1352752.1332,1352752.1332,21630.92448,21630.92448,38673.47104,38673.47104,79916.4337152,44039882.11257573,,,,,2147754.156096,553587.796048,1,26.162,26.162,,
L3-1/2X3-1/2X3/8,L,1,L89X89X9.5,12.64939352,88.9,88.9,,,9.525,19.05,,,,,,,,1612.9,1190421.877216,1190421.877216,18845.1236,18845.1236,33757.35184,33757.35184,51196.4653488,28464801.85325017,,,,,1893852.986479999,486990.767952,1,25.4,25.4,,
L3-1/2X3-1/2X5/16,L,1,L89X89X7.9,10.714780394,88.9,88.9,,,7.9502,17.4752,,,,,,,,1354.836,1015604.678464,1015604.678464,15879.065016,15879.065016,28513.49136,28513.49136,30426.51721136,17025173.93864208,,,,,1619140.245584,409571.7227904,1,24.8666,24.8666,,
L3-1/2X3-1/2X1/4,L,1,L89X89X6.4,8.631350873,88.9,88.9,,,6.35,15.875,,,,,,,,1096.772,832462.8512,832462.8512,12896.619368,12896.619368,23105.76024,23105.76024,16066.53302816,8969097.942439204,,,,,1327778.247664,333817.6033312,1,24.2316,24.2316,,
L3-1/2X3X1/2,L,1,L89X76X12.7,15.179272224,88.9,76.2,,,12.7,22.225,,,,,,,,1948.3832,1435998.41832,965656.907392,23761.2428,17861.89976,42770.23704,32282.51608,108220.170656,51290350.50915832,,,,,1922989.186271999,478666.13944,0.713,22.0726,28.448,,
L3-1/2X3X7/16,L,1,L89X76X11.1,13.542291886,88.9,76.2,,,11.1252,20.6502,,,,,,,,1722.5772,1290317.41936,869923.679504,21139.31256,15911.839144,38017.98848,28677.362,74089.1937568,35446734.38329266,,,,,1731522.730496,424556.054112,0.717,21.4884,27.686,,
L3-1/2X3X3/8,L,1,L89X76X9.5,11.756495154,88.9,76.2,,,9.525,19.05,,,,,,,,1496.7712,1136311.791888,765865.823104,18353.51168,13879.843208,33265.73992,24908.33728,47450.3825184,23040377.34914023,,,,,1531731.646208,372110.8944864,0.72,20.9042,27.178,,
L3-1/2X3X5/16,L,1,L89X76X7.9,9.821882028,88.9,76.2,,,7.9502,17.4752,,,,,,,,1258.062,969819.221648,657645.652448,15584.097864,11765.911952,28185.75008,20975.44192,28303.7369408,13749036.366852911,,,,,1311128.99064,315503.4206048,0.722,20.2692,26.67,,
L3-1/2X3X1/4,L,1,L89X76X6.4,8.036085295,88.9,76.2,,,6.35,15.875,,,,,,,,1019.3528,799164.337152,541100.85328,12667.200472,9586.43244,22778.01896,17042.54656,14984.3313216,7250468.396582589,,,,,1082201.70656,258895.9467232,0.725,19.6342,25.908,,
L3-1/2X2-1/2X1/2,L,1,L89X64X12.7,13.98874107,88.9,63.5,,,12.7,22.225,,,,,,,,1787.0932,1348589.818944,566074.738816,23105.76024,12388.620384,41295.40128,22778.01896,97398.1535904,42697202.779875256,,,,,1590004.045791999,325076.7433936,0.485,17.8054,30.48,,
L3-1/2X2-1/2X3/8,L,1,L89X64X9.5,10.714780394,88.9,63.5,,,9.525,19.05,,,,,,,,1367.7392,1065552.449536,453692.253904,17861.89976,9651.980696,32118.64544,17534.15848,42871.8368368,19173460.87096285,,,,,1265343.533824,253484.9381904,0.495,16.637,29.21,,
L3-1/2X2-1/2X5/16,L,1,L89X64X7.9,9.077800056,88.9,63.5,,,7.9502,17.4752,,,,,,,,1154.8364,915709.13632,390008.8457872,15158.0342,8209.919064,27366.39688,14748.3576,25431.74010416,11439627.914608086,,,,,1090526.335072,215607.8784608,0.5,16.0528,28.702,,
L3-1/2X2-1/2X1/4,L,1,L89X64X6.4,7.292003323,88.9,63.5,,,6.35,15.875,,,,,,,,935.482,753378.880336,322579.35484,12339.459192,6718.69624,22286.40704,11929.782592,13402.65190432,6042056.997152158,,,,,899059.879296,177314.5873056,0.504,15.4178,27.94,,
L3X3X1/2,L,1,L76X76X12.7,13.98874107,76.2,76.2,,,12.7,22.225,,,,,,,,1780.6416,915709.13632,915709.13632,17370.28784,17370.28784,31299.29224,31299.29224,95733.227888,38669164.78177381,,,,,1448485.361088,383765.3744032,1,23.5966,23.5966,,
L3X3X7/16,L,1,L76X76X11.1,12.351760732,76.2,76.2,,,11.1252,20.6502,,,,,,,,1567.7388,824138.222688,824138.222688,15502.162544,15502.162544,27858.0088,27858.0088,65348.3338192,26853586.654009596,,,,,1306966.676384,340061.0747152,1,23.0378,23.0378,,
L3X3X3/8,L,1,L76X76X9.5,10.714780394,76.2,76.2,,,9.525,19.05,,,,,,,,1361.2876,728404.9948,728404.9948,13519.3278,13519.3278,24252.85472,24252.85472,42039.3739856,17508538.498414252,,,,,1161285.677424,298021.7007296,1,22.4536,22.4536,,
L3X3X5/16,L,1,L76X76X7.9,9.077800056,76.2,76.2,,,7.9502,17.4752,,,,,,,,1148.3848,624347.1384,624347.1384,11454.557736,11454.557736,20647.70064,20647.70064,24849.01610832,10472898.795063742,,,,,998955.42144,252236.2439136,1,21.844,21.844,,
L3X3X1/4,L,1,L76X76X6.4,7.292003323,76.2,76.2,,,6.35,15.875,,,,,,,,929.0304,511964.653488,511964.653488,9324.239416,9324.239416,16714.80528,16714.80528,13028.04362128,5531838.850725976,,,,,819975.908432,203953.398544,1,21.2344,21.2344,,
L3X3X3/16,L,1,L76X76X4.8,5.521088231,76.2,76.2,,,4.7752,14.3002,,,,,,,,703.2244,394587.3914688,394587.3914688,7095.598712,7095.598712,12683.587536,12683.587536,5660.74738816,2414137.440195462,,,,,632671.766912,155254.3217488,1,20.6248,20.6248,,
L3X2-1/2X1/2,L,1,L76X64X12.7,12.64939352,76.2,63.5,,,12.7,22.225,,,,,,,,1612.9,861599.050992,536938.539024,16878.67592,12060.879104,30479.93904,21958.66576,88657.2936528,30076017.052490745,,,,,1119662.534864,276793.898024,0.666,18.9484,25.273,,
L3X2-1/2X7/16,L,1,L76X64X11.1,11.310045971,76.2,63.5,,,11.1252,20.6502,,,,,,,,1432.2552,778352.765872,486990.767952,15092.485944,10749.913984,27202.52624,19500.60616,60769.7881376,20865236.830165453,,,,,1019766.99272,247241.4668064,0.671,18.3896,24.6888,,
L3X2-1/2X3/8,L,1,L76X64X9.5,9.821882028,76.2,63.5,,,9.525,19.05,,,,,,,,1245.1588,686781.85224,428718.368368,13158.812392,9389.787672,23761.2428,16878.67592,39250.62343408,13614768.433582865,,,,,903222.193552,213942.9527584,0.675,17.8054,24.1046,,
L3X2-1/2X5/16,L,1,L76X64X7.9,8.333718084,76.2,63.5,,,7.9502,17.4752,,,,,,,,1051.6108,586886.310096,369613.5059328,11159.590584,7980.500168,20156.08872,14305.906872,23308.9598336,8163490.342818916,,,,,774190.451616,181060.670136,0.679,17.1958,23.495,,
L3X2-1/2X1/4,L,1,L76X64X6.4,6.696737746,76.2,63.5,,,6.35,15.875,,,,,,,,851.6112,482828.453696,305513.8663904,9094.82052,6505.664408,16387.064,11585.654248,12320.45019776,4323427.451295544,,,,,640996.395424,147762.156088,0.683,16.5862,22.86,,
L3X2-1/2X3/16,L,1,L76X64X4.8,5.044875769,76.2,63.5,,,4.7752,14.3002,,,,,,,,645.16,374192.0516144,236419.4497408,6931.728072,4965.280392,12470.555704,8783.466304,5411.0085328,1893177.859107676,,,,,499477.71072,112798.7163376,0.687,15.9258,22.1996,,
L3X2X1/2,L,1,L76X51X12.7,11.458862365,76.2,50.8,,,12.7,20.6502,,,,,,,,1458.0616,799164.337152,277626.3608752,16387.064,7701.92008,29168.97392,14535.325768,79916.4337152,24383056.68184071,,,,,907384.507808,170238.6530704,0.413,14.732,27.432,,
L3X2X3/8,L,1,L76X51X9.5,8.780167267,76.2,50.8,,,9.525,17.4752,,,,,,,,1129.03,640996.395424,224348.7383984,12765.522856,6030.439552,22778.01896,11126.816456,35587.7868888,11090531.288105963,,,,,732567.309056,132777.8247664,0.426,13.589,26.162,,
L3X2X5/16,L,1,L76X51X7.9,7.440819718,76.2,50.8,,,7.9502,15.875,,,,,,,,954.8368,549425.481792,194380.0757552,10848.236368,5145.538096,19500.60616,9373.400608,21227.8027056,6659689.490194378,,,,,632671.766912,112798.7163376,0.432,12.9794,25.654,,
L3X2X1/4,L,1,L76X51X6.4,6.101472169,76.2,50.8,,,6.35,14.3002,,,,,,,,774.192,453692.253904,162330.255984,8865.401624,4227.862512,15879.065016,7587.210632,11238.2484912,3544673.438329266,,,,,524451.596256,92819.6079088,0.437,12.3698,24.892,,
L3X2X3/16,L,1,L76X51X4.8,4.568663307,76.2,50.8,,,4.7752,12.7,,,,,,,,591.61172,352548.0174832,126950.584808,6784.244496,3244.638672,12175.588552,5751.859464,4953.15396464,1546766.591270953,,,,,407490.5656624,72008.0366288,0.442,11.7348,24.1808,,
L2-1/2X2-1/2X1/2,L,1,L64X64X12.7,11.458862365,63.5,63.5,,,12.7,19.05,,,,,,,,1458.0616,507802.339232,507802.339232,11733.137824,11733.137824,21139.31256,21139.31256,78251.5080128,21241187.043321587,,,,,799164.337152,218937.7298656,1,20.3962,20.3962,,
L2-1/2X2-1/2X3/8,L,1,L64X64X9.5,8.780167267,63.5,63.5,,,9.525,15.875,,,,,,,,1116.1268,404576.9456832,404576.9456832,9143.981712,9143.981712,16550.93464,16550.93464,34672.07775248,9720998.368751474,,,,,640996.395424,166492.57024,1,19.2532,19.2532,,
L2-1/2X2-1/2X5/16,L,1,L64X64X7.9,7.440819718,63.5,63.5,,,7.9502,14.3002,,,,,,,,941.9336,348385.7032272,348385.7032272,7767.468336,7767.468336,13978.165592,13978.165592,20603.4555672,5854081.890574091,,,,,557750.110304,140686.2218528,1,18.669,18.669,,
L2-1/2X2-1/2X1/4,L,1,L64X64X6.4,6.101472169,63.5,63.5,,,6.35,12.7,,,,,,,,767.7404,288032.1465152,288032.1465152,6341.793768,6341.793768,11389.00948,11389.00948,10863.64020816,3115016.051865113,,,,,462016.882416,114879.8734656,1,18.0594,18.0594,,
L2-1/2X2-1/2X3/16,L,1,L64X64X4.8,4.568663307,63.5,63.5,,,4.7752,11.1252,,,,,,,,581.28916,222683.812696,222683.812696,4834.18388,4834.18388,8668.756856,8668.756856,4745.03825184,1369532.919354489,,,,,357959.026016,86992.3679504,1,17.4498,17.4498,,
L2-1/2X2X3/8,L,1,L64X51X9.5,7.887268901,63.5,50.8,,,9.525,15.875,,,,,,,,999.998,380435.5229984,213526.7213328,8947.336944,5915.730104,16092.096848,10766.301048,31050.86434976,7196761.223274571,,,,,478666.13944,113631.1791888,0.612,14.6812,20.9804,,
L2-1/2X2X5/16,L,1,L64X51X7.9,6.696737746,63.5,50.8,,,7.9502,14.3002,,,,,,,,851.6112,328822.826224,185639.2158176,7619.98476,5063.602776,13748.746696,9127.594648,18480.67529664,4350281.037949554,,,,,416231.4256,96981.9221648,0.618,14.097,20.3962,,
L2-1/2X2X1/4,L,1,L64X51X6.4,5.387153476,63.5,50.8,,,6.35,12.7,,,,,,,,690.3212,273047.8151936,154838.0903232,6243.471384,4145.927192,11274.300032,7439.727056,9781.4385016,2330891.321568033,,,,,348385.7032272,79916.4337152,0.624,13.5128,19.7866,,
L2-1/2X2X3/16,L,1,L64X51X4.8,4.092450845,63.5,50.8,,,4.7752,11.1252,,,,,,,,527.74088,212694.2584816,121539.5762752,4801.409752,3195.47748,8668.756856,5686.311208,4287.18368368,1025807.010183166,,,,,272215.3523424,61602.2509888,0.628,12.9032,19.1516,,
L2-1/2X1-1/2X1/4,L,1,L64X38X6.4,4.74724298,63.5,38.1,,,6.35,12.7,,,,,,,,610.96652,247241.4668064,66597.028096,5964.891296,2326.963088,10553.269216,4277.023704,8699.23679504,1863638.913788266,,,,,273047.8151936,40665.81028112,0.354,9.4488,21.9964,,
L2-1/2X1-1/2X3/16,L,1,L64X38X4.8,3.631120022,63.5,38.1,,,4.7752,11.1252,,,,,,,,467.09584,193131.3814784,52445.1596256,4588.37792,1802.57704,8144.370808,3244.638672,3833.491429776,821719.751612693,,,,,213942.9527584,31383.84949024,0.36,8.8138,21.3106,,
L2X2X3/8,L,1,L51X51X9.5,6.994370535,50.8,50.8,,,9.525,15.875,,,,,,,,883.8692,198126.1585856,198126.1585856,5702.698272,5702.698272,10307.463256,10307.463256,27388.02780448,4672524.077797669,,,,,311757.3377744,84494.9793968,1,16.0528,16.0528,,
L2X2X5/16,L,1,L51X51X7.9,5.833602659,50.8,50.8,,,7.9502,14.3002,,,,,,,,748.3856,172319.8101984,172319.8101984,4883.345072,4883.345072,8799.853368,8799.853368,16357.89502608,2846480.185325017,,,,,272631.583768,71591.8052032,1,15.4686,15.4686,,
L2X2X1/4,L,1,L51X51X6.4,4.74724298,50.8,50.8,,,6.35,12.7,,,,,,,,609.03104,144016.0732576,144016.0732576,3998.443616,3998.443616,7210.30816,7210.30816,8699.23679504,1536025.156609349,,,,,229343.5155056,59104.8624352,1,14.8844,14.8844,,
L2X2X3/16,L,1,L51X51X4.8,3.631120022,50.8,50.8,,,4.7752,11.1252,,,,,,,,465.80552,112798.7163376,112798.7163376,3080.768032,3080.768032,5538.827632,5538.827632,3833.491429776,682081.101011844,,,,,180228.2072848,45369.2253904,1,14.2494,14.2494,,
L2X2X1/8,L,1,L51X51X3.2,2.455470507,50.8,50.8,,,3.175,9.525,,,,,,,,316.77356,78667.7394384,78667.7394384,2113.931256,2113.931256,3769.02472,3769.02472,1219.558077008,211874.798700136,,,,,126118.1219568,31467.09577536,1,13.5636,13.5636,,
WT22X204,WT,1,WT550X303.5,303.585444488,568.96,408.94,30.988,55.118,,75.184,,,,,,,,38645.084,1111337906.3519998,315503420.6047999,2621930.24,1543661.4288,4686700.304,2425285.472,27845882.372639995,210800655233.9753,,,,,,,,,145.034,,
WT22X184,WT,1,WT550X274,273.822165617,563.88,406.4,27.94,50.038,,70.104,,,,,,,,34838.64,990630792.9279997,280956212.2799999,2343350.152,1383068.2016,4178701.32,2163092.448,20769948.137439996,153065443927.85468,,,,,,,,,141.478,,
WT22X167.5,WT,1,WT550X249.5,249.267460548,558.8,403.86,26.162,44.958,,65.024,,,,,,,,31741.872,903222193.5519998,249738855.35999995,2146705.384,1232307.2128,3834572.976,1933673.552,15483809.032319998,117618709544.56201,,,,,,,,,140.462,,
WT22X145,WT,1,WT550X216.5,215.783771818,553.72,401.32,21.971,40.132,,59.944,,,,,,,,27483.816,761703508.8479998,216856572.73759994,1818964.104,1079907.5176,3211864.544,1671480.528,10572278.210239997,73847363298.52638,,,,,,,,,133.604,,
WT22X131,WT,1,WT550X195,194.949476608,551.18,401.32,19.939,36.068,,55.88,,,,,,,,24838.66,682619537.9839998,192298918.62719995,1628874.1616,960281.9504,2884123.264,1489584.1176,7741904.516159999,53707173308.01919,,,,,,,,,131.826,,
WT22X115,WT,1,WT550X171.5,171.13885351,546.1,401.32,18.034,30.988,,51.054,,,,,,,,21870.924,599373252.8639998,165660107.38879997,1451893.8704,827546.732,2572769.048,1283107.1112,5161269.677439999,37326485449.07333,,,,,,,,,131.318,,
WT20X327.5,WT,1,WT500X488,487.373691519,553.72,429.26,50.038,89.916,,119.888,,,,,,,,62193.424,1552543217.4879997,599373252.8639998,3834572.976,2785800.88,6980889.264,4440894.344,121955807.70079997,856629414262.906,,,,,,,,,148.59,,
WT20X296.5,WT,1,WT500X441.5,441.240609268,546.1,424.18,45.466,82.042,,112.014,,,,,,,,56257.952,1377726018.7359996,524451596.25599986,3424896.376,2474446.664,6210697.255999999,3932895.359999999,91987145.05759998,628373927703.8245,,,,,,,,,143.764,,
WT20X251.5,WT,1,WT500X374,374.273231808,533.4,416.56,39.116,70.104,,100.076,,,,,,,,47741.84,1136311791.8879998,424556054.11199987,2851349.136,2031995.936,5145538.096,3228251.608,57439936.732799985,375950213156.1343,,,,,,,,,136.652,,
WT20X215.5,WT,1,WT500X321,320.699329839,523.24,411.48,34.036,59.944,,89.916,,,,,,,,40838.628,953169964.6239997,350883091.7807999,2425285.472,1704254.656,4358959.023999999,2687478.496,36711611.73791999,236580098421.82452,,,,,,,,,131.572,,
WT20X198.5,WT,1,WT500X295.5,295.400542799,520.7,408.94,30.988,55.88,,85.852,,,,,,,,37612.828,861599050.9919997,320914429.13759995,2195866.576,1568242.0248,3932895.359999999,2458059.6,29385938.64735999,181798781647.64493,,,,,,,,,127.762,,
WT20X186,WT,1,WT500X277,276.798493504,515.62,408.94,29.464,52.07,,82.042,,,,,,,,35290.252,803326651.4079998,295108080.75039995,2064770.064,1446977.7512,3687089.399999999,2261414.832,24016553.257119995,149843013529.37354,,,,,,,,,126.492,,
WT20X181,WT,1,WT500X269.5,269.357673786,515.62,406.4,28.448,51.054,,81.026,,,,,,,,34322.512,778352765.8719999,287615915.0895999,1999221.808,1414203.6232,3555992.888,2212253.64,22559743.267519996,137221827801.98901,,,,,,,,,124.714,,
WT20X162,WT,1,WT500X241.5,241.082558858,510.54,403.86,25.4,45.974,,75.946,,,,,,,,30774.132,686781852.2399999,253484938.19039994,1769802.912,1255249.1024,3146316.288,1950060.616,16482764.453759996,97209983687.51472,,,,,,,,,121.158,,
WT20X148.5,WT,1,WT500X221.5,220.99234562,505.46,401.32,23.622,41.91,,71.882,,,,,,,,28128.976,624347138.3999999,227262358.37759995,1620680.6296,1130707.416,2884123.264,1753415.848,12695058.480799997,74921506764.68677,,,,,,,,,119.634,,
WT20X138.5,WT,1,WT500X206,206.110706184,502.92,401.32,21.082,40.132,,70.104,,,,,,,,26258.012,566074738.8159999,217272804.16319996,1451893.8704,1079907.5176,2572769.048,1671480.528,10697147.637919998,58540818905.74091,,,,,,,,,114.3,,
WT20X124.5,WT,1,WT500X185.5,185.276410974,500.38,401.32,19.05,36.068,,66.04,,,,,,,,23677.372,503640024.9759999,192715150.05279994,1301132.8816,963559.3632,2294188.96,1487945.4112,7908397.086399999,42428666913.33516,,,,,,,,,112.014,,
WT20X107.5,WT,1,WT500X160.5,159.977623934,495.3,401.32,16.51,30.988,,60.96,,,,,,,,20516.088,428718368.3679999,165660107.38879997,1114320.352,827546.732,1966447.68,1274913.5792,5161269.677439999,27122122520.54969,,,,,,,,,108.712,,
WT20X99.5,WT,1,WT500X148,148.072312385,490.22,401.32,16.51,27.178,,57.15,,,,,,,,18838.672,411236648.4927999,144432304.68319997,1089739.756,722669.5224,1917286.488,1117597.7648,3796030.601471999,22422744856.09801,,,,,,,,,113.538,,
WT20X196,WT,1,WT500X292,291.68013294,528.32,314.96,36.068,64.008,,93.98,,,,,,,,37290.248,944845336.1119998,166908801.66559997,2507220.792,1063520.4536,4506442.6,1737028.784,35546163.74624,213754549765.91635,,,,,,,,,150.876,,
WT20X165.5,WT,1,WT500X247,246.291132661,518.16,309.88,30.988,54.102,,84.074,,,,,,,,31483.808,782515080.1279998,134026519.04319997,2097544.192,866875.6856,3785411.784,1404371.3848,21852149.843999993,129971359405.40643,,,,,,,,,145.796,,
WT20X163.5,WT,1,WT500X243,243.314804774,518.16,307.34,29.972,54.102,,84.074,,,,,,,,30903.164,765865823.1039999,133194056.19199997,2048383,863598.2728,3670702.336,1392900.44,21394295.275839996,120572604076.50307,,,,,,,,,143.764,,
WT20X147,WT,1,WT500X219,218.760099705,513.08,304.8,26.924,49.022,,78.994,,,,,,,,27806.396,678457223.7279998,116961030.59359998,1818964.104,765275.8888,3261025.736,1229029.8,15900040.457919998,86468549025.91089,,,,,,,,,139.954,,
WT20X139,WT,1,WT500X207.5,206.854788156,510.54,304.8,26.162,45.974,,75.946,,,,,,,,26451.56,645158709.6799998,108636402.08159998,1737028.784,712837.284,3129929.224,1145455.7736,13485898.189439997,75727114364.30705,,,,,,,,,139.954,,
WT20X132,WT,1,WT500X196.5,196.437640551,508,302.26,24.384,43.942,,73.914,,,,,,,,24967.692,603535567.1199999,102392930.69759998,1625596.7488,676785.7432,2916897.392,1081546.224,11612856.774239996,62568856903.842354,,,,,,,,,137.414,,
WT20X117.5,WT,1,WT500X175,174.859263369,502.92,302.26,21.082,40.132,,70.104,,,,,,,,22322.536,524451596.25599986,92403376.48319998,1404371.3848,611237.4872,2507220.792,966836.776,8574367.367359998,41891595180.25497,,,,,,,,,131.318,,
WT20X105.5,WT,1,WT500X157,157.001296047,500.38,299.72,19.05,36.068,,66.04,,,,,,,,20064.476,466179196.6719999,81165127.99199998,1256887.8088,540773.112,2245027.768,853766.0344,6326717.669119998,30344552919.030838,,,,,,,,,129.032,,
WT20X91.5,WT,1,WT500X136,136.167000837,495.3,299.72,16.51,30.48,,60.452,,,,,,,,17225.772,397501011.4479999,68678185.22399998,1076630.1048,458837.792,1917286.488,721030.816,4016633.257039999,19119753697.65483,,,,,,,,,126.238,,
WT20X83.5,WT,1,WT500X124.5,124.261689288,490.22,299.72,16.51,26.162,,56.134,,,,,,,,15806.42,374192051.6143999,58688631.00959998,1043855.9768,391650.8296,1884512.36,619431.0192,2909457.664944,16890906005.372034,,,,,,,,,131.826,,
WT20X74.5,WT,1,WT500X111,110.868213796,485.14,299.72,16.002,21.082,,51.054,,,,,,,,14129.004,339228611.8639999,47450382.51839999,978307.7208,317909.0416,1769802.912,506360.2776,1939638.443296,13937011473.430979,,,,,,,,,138.43,,
WT18X462.5,WT,1,WT460X688.5,688.275823901,548.64,472.44,76.708,115.062,,134.112,,,,,,,,87741.76,2135267213.3279996,1028091621.2319998,5522440.567999999,4358959.023999999,10110818.488,7062824.584,294275617.8991999,2599427188108.1284,,,,,,,,,161.544,,
WT18X426.5,WT,1,WT460X634.5,634.701921932,548.64,462.28,64.008,115.062,,134.112,,,,,,,,81290.16,1864716786.6879995,957332278.8799998,4686700.304,4145927.192,8734305.112,6603986.791999999,255982326.74399993,1906604652434.6812,,,,,,,,,151.13,,
WT18X401,WT,1,WT460X597,596.753741371,541.02,457.2,60.452,108.966,,128.016,,,,,,,,76128.88,1710711159.2159996,874085993.7599998,4342571.96,3818185.912,8046048.424,6095987.807999999,216024109.88639995,1565564101928.7593,,,,,,,,,147.32,,
WT18X361.5,WT,1,WT460X538.5,537.9712656,530.86,452.12,55.118,99.06,,118.11,,,,,,,,69032.12,1502595446.4159997,770028137.3599998,3850960.04,3408509.312,7111985.776,5391344.056,162330255.98399997,1141277432795.4077,,,,,,,,,140.97,,
WT18X326,WT,1,WT460X485,485.141445604,520.7,447.04,50.038,89.916,,114.046,,,,,,,,62064.392,1315291304.8959997,670132595.2159998,3408509.312,3015219.776,6276245.511999999,4752248.56,122788270.55199997,824405110278.0945,,,,,,,,,135.89,,
WT18X264.5,WT,1,WT460X393.5,393.619363074,505.46,436.88,40.894,73.914,,98.044,,,,,,,,50193.448,1015604678.4639997,516126967.7439999,2687478.496,2376124.28,4883345.072,3719863.527999999,67845722.37279998,429657386464.1535,,,,,,,,,125.984,,
WT18X243.5,WT,1,WT460X362.5,362.367920259,500.38,434.34,38.1,68.072,,92.202,,,,,,,,46257.972,924033764.8319998,466179196.6719999,2458059.6,2146705.384,4457281.408,3375735.184,53277622.47679999,335669833175.11993,,,,,,,,,122.936,,
WT18X220.5,WT,1,WT460X328,328.140149557,492.76,431.8,34.544,61.976,,86.106,,,,,,,,41870.884,824138222.6879998,414982731.3231999,2195866.576,1917286.488,3965669.487999999,3015219.776,40207955.71295999,245441782017.64767,,,,,,,,,119.126,,
WT18X197.5,WT,1,WT460X294,293.912378855,487.68,426.72,30.988,55.88,,80.01,,,,,,,,37483.796,724242680.5439998,365034960.2511999,1950060.616,1704254.656,3490444.632,2654704.368,29427561.789919995,175085384984.14255,,,,,,,,,115.062,,
WT18X180.5,WT,1,WT460X268.5,268.613591814,482.6,424.18,28.448,51.054,,75.184,,,,,,,,34193.48,653483338.1919998,327157900.52159995,1753415.848,1540384.016,3146316.288,2392511.344,22518120.124959994,131851110471.1871,,,,,,,,,112.268,,
WT18X165,WT,1,WT460X245.5,245.547050689,477.52,421.64,25.908,46.99,,71.12,,,,,,,,31225.744,586886310.0959998,295940543.60159993,1589545.208,1401093.972,2834962.072,2163092.448,17481719.875199996,99895342352.91568,,,,,,,,,109.22,,
WT18X151,WT,1,WT460X224.5,224.712755479,474.98,424.18,24.003,42.672,,66.802,,,,,,,,28709.62,532776224.7679999,269717963.78879994,1455171.2832,1274913.5792,2589156.112,1966447.68,13361028.761759998,76532721963.92734,,,,,,,,,107.188,,
WT18X141,WT,1,WT460X210,209.831116043,472.44,421.64,22.479,39.878,,64.008,,,,,,,,26774.14,495315396.46399987,249322623.93439993,1353571.4864,1183146.0208,2392511.344,1835351.168,10946886.493279997,62031785170.76216,,,,,,,,,105.664,,
WT18X131,WT,1,WT460X195,194.949476608,467.36,421.64,21.336,36.576,,60.706,,,,,,,,24838.66,462016882.4159999,226846126.95199993,1269997.46,1078268.8112,2245027.768,1671480.528,8657613.652479999,49679135309.91775,,,,,,,,,105.156,,
WT18X123.5,WT,1,WT460X184,183.788247031,464.82,419.1,20.32,34.29,,58.42,,,,,,,,23419.308,432880682.6239999,211029332.77919996,1201171.7912,1006165.7296,2113931.256,1553493.6672,7200803.662879999,41623059313.71487,,,,,,,,,104.648,,
WT18X115.5,WT,1,WT460X171.9,171.882935482,462.28,419.1,19.304,32.004,,56.134,,,,,,,,21999.956,407074334.2367999,195628770.03199995,1132346.1224,934062.648,1999221.808,1442061.632,5952109.386079999,34641126783.67237,,,,,,,,,104.14,,
WT18X193.5,WT,1,WT460X288,287.959723081,495.3,322.58,36.068,65.024,,84.074,,,,,,,,36645.088,795002022.8959998,183558058.68959996,2228640.704,1137262.2416,3998443.615999999,1835351.168,35504540.60367999,193345823908.86908,,,,,,,,,137.668,,
WT18X175,WT,1,WT460X260.5,260.428690125,490.22,320.04,33.02,58.928,,77.978,,,,,,,,33225.74,715918052.0319998,162330255.98399997,2015608.872,1014359.2616,3605154.08,1628874.1616,26680434.38095999,144472296198.5716,,,,,,,,,134.62,,
WT18X159,WT,1,WT460X237,236.618067028,485.14,314.96,29.972,54.102,,73.152,,,,,,,,30128.972,636834081.1679999,141934916.12959996,1802577.04,901288.52,3228251.608,1440422.9256,20353716.711839996,106340203149.87799,,,,,,,,,131.318,,
WT18X143,WT,1,WT460X212.5,212.80744393,480.06,312.42,26.924,49.022,,68.072,,,,,,,,27096.72,566074738.8159999,125285659.10559997,1605932.272,801327.4296,2867736.2,1274913.5792,15067577.606719997,76264186097.38724,,,,,,,,,127.508,,
WT18X128,WT,1,WT460X190.5,190.484984777,474.98,309.88,24.384,43.942,,62.992,,,,,,,,24258.016,503640024.9759999,109885096.35839997,1432229.3936,707921.1648,2556381.984,1122513.884,10988509.635839997,55049852640.719666,,,,,,,,,124.968,,
WT18X116,WT,1,WT460X172.5,172.627017454,472.44,307.34,22.098,39.878,,58.928,,,,,,,,21935.44,449529939.6479999,97398153.59039998,1286384.524,632540.6704,2294188.96,997972.1976,8199759.084319998,40548915847.55448,,,,,,,,,122.428,,
WT18X105,WT,1,WT460X156.5,156.257214075,464.82,309.88,21.082,34.544,,53.594,,,,,,,,19935.444,409987954.2159999,85743673.67359997,1197894.3784,553882.7632,2146705.384,875069.2176,5785616.815839998,31955768118.271416,,,,,,,,,123.698,,
WT18X97,WT,1,WT460X144.5,144.351902526,462.28,307.34,19.431,32.004,,51.054,,,,,,,,18387.06,375024514.4655999,77835276.58719999,1097933.288,506360.2776,1966447.68,799688.7232,4620168.824159998,24893274828.26689,,,,,,,,,121.92,,
WT18X91,WT,1,WT460X135.5,135.422918865,462.28,307.34,18.415,29.972,,49.022,,,,,,,,17290.288,351715554.6319999,72424268.05439998,1034023.7384,471947.4432,1851738.232,742333.9992,3829329.115519999,20838383243.511444,,,,,,,,,121.158,,
WT18X85,WT,1,WT460X126.5,126.493935203,459.74,304.8,17.272,27.94,,46.99,,,,,,,,16129,327157900.52159995,66597028.095999986,965198.0696,435895.9024,1720641.72,684979.2752,3125898.006255999,16971466765.334063,,,,,,,,,120.142,,
WT18X80,WT,1,WT460X119,119.053115486,457.2,304.8,16.51,25.908,,44.958,,,,,,,,15161.26,308011254.94399995,61186019.56319998,914398.1712,403121.7744,1638706.4,632540.6704,2568147.895951999,14393522446.549143,,,,,,,,,120.396,,
WT18X75,WT,1,WT460X111.5,111.612295768,454.66,304.8,15.875,23.876,,42.926,,,,,,,,14258.036,290529535.0687999,56191242.455999985,870153.0984,368708.94,1564964.612,580102.0656,2097806.385023999,12352649860.844412,,,,,,,,,121.412,,
WT18X67.5,WT,1,WT460X100.5,100.451066191,452.12,304.8,15.24,20.066,,39.116,,,,,,,,12838.684,265139418.10719994,47034151.09279999,814437.0808,309715.5096,1476474.4664,488334.5072,1448485.361088,10016387821.945578,,,,,,,,,125.984,,
WT16.5X193.5,WT,1,WT420X288,287.959723081,457.2,411.48,32.004,57.912,,77.978,,,,,,,,36774.12,607697881.3759998,337147454.73599994,1753415.848,1638706.4,3162703.351999999,2556381.984,30759502.351839993,165149557922.159,,,,,,,,,108.458,,
WT16.5X177,WT,1,WT420X263.5,263.405018012,452.12,408.94,29.464,53.086,,73.152,,,,,,,,33612.836,549425481.7919998,303432709.2623999,1586267.7952,1484667.9984,2851349.136,2310576.024,23766814.401759993,125674785540.7649,,,,,,,,,105.41,,
WT16.5X159,WT,1,WT420X236.5,236.618067028,447.04,406.4,26.416,48.006,,68.072,,,,,,,,30193.488,482828453.69599986,268469269.51199996,1406010.0912,1322436.0648,2523607.856,2048383,17523343.017759997,89959515290.93213,,,,,,,,,102.108,,
WT16.5X145.5,WT,1,WT420X216.5,216.527853789,441.96,403.86,24.384,43.942,,64.008,,,,,,,,27612.848,441205311.1359999,241830458.27359995,1283107.1112,1197894.3784,2294188.96,1851738.232,13527521.331999997,68745181834.26456,,,,,,,,,99.822,,
WT16.5X131.5,WT,1,WT420X196,195.693558579,439.42,401.32,22.098,39.878,,59.944,,,,,,,,24967.692,392506234.3407999,215191647.03519994,1150371.8928,1073352.692,2048383,1655093.464,10114423.642079998,50484742909.53803,,,,,,,,,97.282,,
WT16.5X120.5,WT,1,WT420X179.5,179.3237552,434.34,403.86,21.082,35.56,,55.626,,,,,,,,22967.696,362953803.12319994,193963844.32959995,1078268.8112,963559.3632,1900899.424,1487945.4112,7492165.660799998,39206236514.854004,,,,,,,,,97.536,,
WT16.5X110.5,WT,1,WT420X164.5,164.442115764,431.8,401.32,19.685,32.512,,52.324,,,,,,,,21032.216,332568909.0543999,174817198.75199994,996333.4912,871791.8048,1753415.848,1345377.9544,5785616.815839998,30344552919.030838,,,,,,,,,96.774,,
WT16.5X100.5,WT,1,WT420X149.5,149.560476329,426.72,398.78,18.161,29.21,,49.276,,,,,,,,19161.252,301767783.55999994,156086784.59999996,909482.052,780024.2464,1602654.8592,1201171.7912,4328806.826239999,22798695069.254147,,,,,,,,,95.758,,
WT16.5X84.5,WT,1,WT420X125.5,125.749853232,429.26,292.1,17.018,30.988,,48.768,,,,,,,,15935.452,270134195.21439993,64515870.96799999,837378.9704,442450.728,1487945.4112,689895.3944,3666998.859535999,14876887006.321314,,,,,,,,,106.934,,
WT16.5X76,WT,1,WT420X113,113.100459711,424.18,294.64,16.129,26.924,,44.704,,,,,,,,14516.1,246409003.95519993,56607473.881599985,776746.8336,386734.7104,1384706.908,604682.6616,2563985.581695999,11547042261.224125,,,,,,,,,108.204,,
WT16.5X70.5,WT,1,WT420X105,104.915558022,424.18,292.1,15.367,24.384,,42.164,,,,,,,,13354.812,229759746.93119994,51196465.34879999,732501.7608,349044.4632,1307687.7072,547327.9376,2014560.099903999,9506169675.519396,,,,,,,,,108.966,,
WT16.5X65,WT,1,WT420X96.5,96.730656332,419.1,292.1,14.732,21.717,,39.624,,,,,,,,12322.556,213526721.33279994,45369225.39039999,689895.3944,309715.5096,1238862.0384,486695.8008,1527569.331952,7868100889.624811,,,,,,,,,110.744,,
WT16.5X59,WT,1,WT420X88,87.801672671,416.56,292.1,13.97,18.796,,36.576,,,,,,,,11225.784,195212538.60639995,38917638.29359999,642372.9088,267109.1432,1160204.1312,419508.8384,1098850.963584,6283739277.038244,,,,,,,,,113.538,,
WT15X195.5,WT,1,WT380X291,290.936050968,421.64,396.24,34.544,61.976,,82.042,,,,,,,,37161.216,507802339.2319999,322163123.4143999,1587906.5016,1625596.7488,2900510.328,2539994.92,35920772.02927999,170788811119.501,,,,,,,,,101.6,,
WT15X178.5,WT,1,WT380X265.5,265.637263927,416.56,393.7,31.496,56.896,,76.962,,,,,,,,33870.9,453692253.90399987,288448377.94079995,1428951.9808,1468280.9344,2605543.176,2294188.96,27721012.94495999,128360144206.16585,,,,,,,,,98.298,,
WT15X163,WT,1,WT380X242,242.570722802,411.48,391.16,28.956,52.07,,72.136,,,,,,,,30967.68,408323028.5135999,258895946.72319993,1291300.6432,1327352.184,2343350.152,2064770.064,21311048.990719996,96941447820.97462,,,,,,,,,95.504,,
WT15X146,WT,1,WT380X217,217.271935761,406.4,388.62,25.908,46.99,,67.056,,,,,,,,27741.88,358375257.4415999,228511052.65439993,1140539.6544,1178229.9016,2048383,1818964.104,15608678.459999997,69013717700.80466,,,,,,,,,91.948,,
WT15X130.5,WT,1,WT380X194.5,194.205394636,401.32,386.08,23.622,41.91,,61.976,,,,,,,,24838.66,318417040.58399993,199791084.28799996,1022552.7936,1037301.1512,1835351.168,1604293.5656,11196625.348639997,49410599443.37765,,,,,,,,,89.916,,
WT15X117.5,WT,1,WT380X175,174.859263369,398.78,383.54,21.082,38.1,,58.166,,,,,,,,22387.052,280539980.8543999,177730818.73119995,902927.2264,930785.2352,1609209.6848,1433868.1,8366251.654559999,35715270249.832756,,,,,,,,,86.614,,
WT15X105.5,WT,1,WT380X157,157.001296047,393.7,383.54,19.685,33.528,,53.34,,,,,,,,20064.476,253901169.61599994,157335478.87679997,827546.732,820991.9064,1466642.228,1265081.3408,5868863.100959999,25886857534.46525,,,,,,,,,86.106,,
WT15X95.5,WT,1,WT380X142,142.119656611,388.62,381,18.034,30.226,,50.038,,,,,,,,18064.48,228511052.65439993,139853759.00159997,748888.8248,732501.7608,1324074.7712,1129068.7096,4370429.968799999,19119753697.65483,,,,,,,,,84.836,,
WT15X86.5,WT,1,WT380X128.5,128.726181119,386.08,381,16.637,27.178,,46.99,,,,,,,,16387.064,206867018.52319995,124453196.25439997,683340.5688,653843.8536,1204449.204,1006165.7296,3238280.491167999,14232400926.625084,,,,,,,,,84.074,,
WT15X74,WT,1,WT380X110,110.124131824,388.62,266.7,16.51,29.972,,46.482,,,,,,,,14064.488,193963844.32959995,47450382.51839999,665314.7984,355599.2888,1183146.0208,555521.4696,3013515.521344,10096948581.907608,,,,,,,,,97.536,,
WT15X66,WT,1,WT380X98,98.218820276,386.08,266.7,15.621,25.4,,41.91,,,,,,,,12580.62,175233430.17759997,40790679.70879999,612876.1936,304799.3904,1094655.8752,478502.2688,2018722.414159999,7653272196.392734,,,,,,,,,99.06,,
WT15X62,WT,1,WT380X92.5,92.266164501,383.54,266.7,14.859,23.622,,40.132,,,,,,,,11741.912,164827644.53759995,37627320.874239996,578463.3592,281857.5008,1034023.7384,442450.728,1656601.073888,6418007210.308292,,,,,,,,,99.06,,
WT15X58,WT,1,WT380X86.5,86.313508727,381,266.7,14.351,21.59,,38.1,,,,,,,,11032.236,155254321.74879995,34172600.04175999,552244.0568,255638.1984,989778.6656,403121.7744,1336102.876176,5504985264.071966,,,,,,,,,100.076,,
WT15X54,WT,1,WT380X80.5,80.360852953,378.46,266.7,13.843,19.304,,35.814,,,,,,,,10258.044,145264767.53439996,30384894.06879999,524386.048,227780.1896,945533.5928,358876.7016,1036416.249744,4645670491.14366,,,,,,,,,101.854,,
WT15X49.5,WT,1,WT380X73.5,73.664115207,375.92,266.7,13.208,17.018,,33.528,,,,,,,,9354.82,134026519.04319997,26597188.095839992,491611.92,199922.1808,891456.2816,316270.3352,782515.080128,3840062891.5233717,,,,,,,,,103.886,,
WT15X45,WT,1,WT380X67,66.967377461,375.92,264.16,11.938,15.494,,32.004,,,,,,,,8516.112,120707113.42399997,23850060.686879992,444089.4344,180257.704,802966.136,283496.2072,586886.310096,2819626598.671007,,,,,,,,,102.616,,
WT13.5X269.5,WT,1,WT345X401,401.060182792,414.02,388.62,50.038,89.916,,109.982,,,,,,,,51161.188,636834081.1679999,441205311.1359999,2097544.192,2261414.832,3965669.487999999,3572379.952,102809162.12319997,467252407779.7669,,,,,,,,,110.236,,
WT13.5X184,WT,1,WT345X274,273.822165617,386.08,373.38,35.052,62.992,,83.058,,,,,,,,34967.672,390841308.6383999,272631583.76799995,1338823.1288,1463364.8152,2474446.664,2294188.96,35171555.46319999,142861080999.33102,,,,,,,,,94.234,,
WT13.5X168,WT,1,WT345X250,250.01154252,381,370.84,32.004,57.912,,77.978,,,,,,,,31935.42,349218166.0783999,244327846.82719994,1202810.4976,1324074.7712,2212253.64,2064770.064,27221535.234239995,107682882482.57846,,,,,,,,,90.932,,
WT13.5X153.5,WT,1,WT345X228.5,228.433165338,375.92,365.76,29.464,53.086,,73.152,,,,,,,,29161.232,313422263.4767999,219353961.29119995,1088101.0496,1194616.9656,1982834.744,1851738.232,21019686.992799994,81634903428.18916,,,,,,,,,88.138,,
WT13.5X140.5,WT,1,WT345X209.5,209.087034072,370.84,365.76,26.924,49.022,,69.088,,,,,,,,26774.14,281788675.13119996,198542390.01119995,981585.1336,1088101.0496,1786189.976,1687867.592,16482764.453759996,62300321037.30225,,,,,,,,,85.09,,
WT13.5X129,WT,1,WT345X192,191.97314872,368.3,363.22,24.892,44.958,,65.024,,,,,,,,24580.596,255149863.89279994,178979513.00799996,896372.4008,986501.2528,1620680.6296,1528913.0712,12778304.765919996,47799384244.13708,,,,,,,,,83.058,,
WT13.5X117.5,WT,1,WT345X175,174.859263369,363.22,360.68,23.114,40.894,,60.96,,,,,,,,22387.052,231424672.63359994,159832867.43039995,819353.2,888178.8688,1473197.0536,1373235.9632,9739815.359039998,36252341982.91295,,,,,,,,,81.28,,
WT13.5X108.5,WT,1,WT345X161.5,161.465787877,360.68,358.14,21.082,38.1,,58.166,,,,,,,,20645.12,208948175.65119994,146513461.81119996,740695.2928,817714.4936,1328990.8904,1261803.928,7825150.801279998,28196265986.71007,,,,,,,,,78.74,,
WT13.5X97,WT,1,WT345X144.5,144.351902526,358.14,355.6,19.05,34.036,,54.102,,,,,,,,18451.576,184806752.96639997,128615510.51039997,660398.6792,722669.5224,1176591.1952,1111042.9392,5619124.245599999,19952214883.929127,,,,,,,,,76.708,,
WT13.5X89,WT,1,WT345X132.5,132.446590978,353.06,358.14,18.415,30.226,,50.292,,,,,,,,16967.708,172319810.19839996,115712336.31679997,625985.8448,645650.3216,1109404.2328,996333.4912,4162314.255999999,15494519499.363535,,,,,,,,,77.216,,
WT13.5X80.5,WT,1,WT345X120,119.797197457,350.52,355.6,16.764,27.432,,47.498,,,,,,,,15354.808,154838090.32319996,103225393.54879998,563715.0016,580102.0656,996333.4912,893094.988,3134222.634767999,11466481501.262096,,,,,,,,,75.692,,
WT13.5X73,WT,1,WT345X108.5,108.635967881,347.98,355.6,15.367,24.765,,44.704,,,,,,,,13935.456,139853759.00159997,92403376.48319998,511276.3968,519469.9288,901288.52,799688.7232,2339220.611872,8512586969.321041,,,,,,,,,74.676,,
WT13.5X64.5,WT,1,WT345X96,95.98657436,350.52,254,15.494,27.94,,43.18,,,,,,,,12193.524,134442750.46879998,38376537.44031999,507998.984,301521.9776,902927.2264,471947.4432,2310084.412079999,6444860796.962302,,,,,,,,,86.106,,
WT13.5X57,WT,1,WT345X85,84.825344783,345.44,256.54,14.478,23.622,,38.862,,,,,,,,10838.688,120290881.99839997,33007152.05007999,463753.9112,258915.6112,825908.0256,403121.7744,1519244.70344,4699377664.451678,,,,,,,,,86.868,,
WT13.5X51,WT,1,WT345X76,75.896361122,342.9,254,13.081,21.082,,36.322,,,,,,,,9677.4,107387707.80479997,28969707.22175999,414592.7192,227780.1896,737417.88,355599.2888,1094688.649328,3383551918.4052086,,,,,,,,,85.598,,
WT13.5X47,WT,1,WT345X70,69.943705348,342.9,254,12.446,18.923,,34.036,,,,,,,,8903.208,99479310.71839997,25806348.387199994,390012.1232,203199.5936,694811.5136,317909.0416,836625.165456,2739065838.708978,,,,,,,,,86.614,,
WT13.5X42,WT,1,WT345X62.5,62.50288563,340.36,254,11.684,16.256,,31.496,,,,,,,,7999.984,89905987.92959999,21977019.271679994,358876.7016,173702.8784,642372.9088,272025.2624,582723.99584,2091894400.3473473,,,,,,,,,88.392,,
WT12X185,WT,1,WT305X275.5,275.31032956,355.6,347.98,38.608,69.088,,81.788,,,,,,,,35161.22,324244280.54239994,241830458.27359995,1224113.6808,1394539.1464,2294188.96,2179479.512,41623142.55999999,148500334196.67303,,,,,,,,,90.678,,
WT12X167.5,WT,1,WT305X249,249.267460548,350.52,342.9,35.052,62.992,,75.692,,,,,,,,31677.356,285534757.96159995,213526721.33279994,1086462.3432,1243778.1576,2015608.872,1950060.616,31467095.775359992,108757025948.73885,,,,,,,,,86.868,,
WT12X153,WT,1,WT305X227.5,227.689083366,345.44,340.36,32.004,57.912,,70.612,,,,,,,,28967.684,254317401.04159993,191466455.77599996,973391.6016,1124152.5904,1802577.04,1753415.848,24307915.255039994,81903439294.72926,,,,,,,,,83.566,,
WT12X139.5,WT,1,WT305X207.5,207.598870128,340.36,337.82,29.464,53.086,,65.786,,,,,,,,26451.56,227262358.37759995,171487347.34719995,878346.6304,1014359.2616,1619041.9232,1578074.2632,18772037.294559997,61763249304.22206,,,,,,,,,80.772,,
WT12X125,WT,1,WT305X186,186.020492946,335.28,335.28,26.416,48.006,,60.706,,,,,,,,23741.888,198958621.43679994,150675776.06719998,773469.4208,899649.8136,1417481.036,1396177.8528,13818883.329919998,44308417979.11583,,,,,,,,,77.47,,
WT12X114.5,WT,1,WT305X170.5,170.394771539,330.2,332.74,24.384,43.942,,56.642,,,,,,,,21677.376,179395744.43359995,135691444.74559996,703005.0456,814437.0808,1279829.6984,1261803.928,10613901.352799997,33566983317.51199,,,,,,,,,75.184,,
WT12X103.5,WT,1,WT305X153.5,154.024968159,327.66,330.2,22.098,39.878,,52.578,,,,,,,,19548.348,159000404.57919997,120290881.99839997,627624.5512,727585.6416,1135623.5352,1124152.5904,7950020.228959999,24517324615.110756,,,,,,,,,72.898,,
WT12X96,WT,1,WT305X142.5,142.863738583,322.58,330.2,20.574,37.084,,49.784,,,,,,,,18193.512,145680998.95999998,110301327.78399998,576824.6528,670230.9176,1040578.564,1034023.7384,6368340.811679998,19468850324.156956,,,,,,,,,71.12,,
WT12X88,WT,1,WT305X131,130.958427034,320.04,327.66,19.05,34.036,,46.736,,,,,,,,16645.128,132777824.76639996,99895542.14399998,527663.4608,609598.7808,947172.2992,938978.7672,4953153.964639999,14984301352.937351,,,,,,,,,69.596,,
WT12X81,WT,1,WT305X120.5,120.541279429,317.5,330.2,17.907,30.988,,43.688,,,,,,,,15419.324,121955807.70079997,91987145.05759998,489973.2136,560437.5888,873430.5112,861959.5664,3837653.744031999,11761870954.456202,,,,,,,,,68.58,,
WT12X73,WT,1,WT305X108.5,108.635967881,314.96,327.66,16.51,27.686,,40.386,,,,,,,,13870.94,109885096.35839997,81165127.99199998,445728.1408,496528.0392,789856.4848,763637.1824,2788750.551519999,8566294142.62906,,,,,,,,,67.564,,
WT12X65.5,WT,1,WT305X97.5,97.474738304,309.88,327.66,15.367,24.384,,37.084,,,,,,,,12451.588,99063079.29279998,70759342.35199998,406399.1872,434257.196,719392.1096,666953.5048,1972936.957344,6203178517.076217,,,,,,,,,67.31,,
WT12X58.5,WT,1,WT305X87,87.057590699,307.34,325.12,13.97,21.59,,34.29,,,,,,,,11096.752,88241062.22719997,62018482.41439998,365431.5272,380179.8848,642372.9088,585018.1848,1394375.27576,4403988211.257573,,,,,,,,,66.548,,
WT12X52,WT,1,WT305X77.5,77.384525066,304.8,325.12,12.7,19.05,,31.75,,,,,,,,9870.948,78667739.43839999,54110085.32799999,327741.28,332657.3992,575185.9464,511276.3968,978143.85016,3115016051.865113,,,,,,,,,65.786,,
WT12X51.5,WT,1,WT305X76.5,76.640443094,312.42,228.6,13.97,24.892,,37.592,,,,,,,,9741.916,84911210.82239997,24849016.108319994,360515.408,217947.9512,642372.9088,339212.2248,1469296.932368,3302991158.44318,,,,,,,,,76.454,,
WT12X47,WT,1,WT305X70,69.943705348,309.88,230.378,13.081,22.225,,35.052,,,,,,,,8903.208,77419045.16159998,22684612.695199996,332657.3992,196644.768,591573.0104,306438.0968,1090526.335072,2569888242.788718,,,,,,,,,75.946,,
WT12X42,WT,1,WT305X62.5,62.50288563,307.34,229.108,11.938,19.558,,32.258,,,,,,,,7999.984,69094416.64959998,19646123.288319997,299883.2712,172064.172,532579.58,267109.1432,765865.823104,1852897479.126662,,,,,,,,,75.438,,
WT12X38,WT,1,WT305X56.5,56.550229856,304.8,228.346,11.176,17.272,,29.972,,,,,,,,7225.792,62850945.26559999,17190357.877279993,276941.3816,150433.24752,493250.6264,234335.0152,557750.110304,1423240092.6625082,,,,,,,,,76.2,,
WT12X34,WT,1,WT305X50.5,50.597574081,302.26,227.838,10.541,14.859,,27.686,,,,,,,,6451.6,57023705.307199985,14651346.181119997,255638.1984,128638.4524,457199.0856,201560.8872,387927.6886592,1095626335.4835913,,,,,,,,,77.724,,
WT12X31,WT,1,WT305X46,46.133082251,302.26,178.816,10.922,14.986,,27.686,,,,,,,,5877.4076,54526316.75359999,7159180.520319998,255638.1984,80296.6136,465392.6176,128638.4524,353796.71176,1052660596.837176,,,,,,,,,87.884,,
WT12X27.5,WT,1,WT305X41,40.924508448,299.72,178.054,10.033,12.827,,25.654,,,,,,,,5225.796,48699076.79519999,6035355.671199999,231057.6024,68006.3156,419508.8384,108973.9756,244744.0782528,786810088.9624811,,,,,,,,,88.9,,
WT10.5X137.5,WT,1,WT265X204.5,204.622542241,307.34,327.66,30.988,55.626,,85.598,,,,,,,,26387.044,174817198.75199994,163995181.68639997,748888.8248,1001249.6104,1414203.6232,1558409.7864,22268381.269599997,60152034104.98149,,,,,,,,,73.66,,
WT10.5X124,WT,1,WT265X184.5,184.532329003,302.26,325.12,27.94,50.546,,80.518,,,,,,,,23870.92,153173164.62079996,145264767.53439996,660398.6792,893094.988,1240500.7448,1389623.0272,16732503.309119998,43771346246.03564,,,,,,,,,70.358,,
WT10.5X111.5,WT,1,WT265X166,165.930279708,297.18,322.58,25.4,45.466,,75.438,,,,,,,,21419.312,134858981.89439997,127783047.65919997,588295.5976,791495.1912,1093017.1688,1227391.0936,12320450.197759997,31418696385.191223,,,,,,,,,67.564,,
WT10.5X100.5,WT,1,WT265X150,149.560476329,292.1,320.04,23.114,41.402,,54.102,,,,,,,,19096.736,118625956.29599997,112798716.33759998,522747.3416,706282.4584,960281.9504,1089739.756,8491121.082239997,22932963002.524193,,,,,,,,,65.278,,
WT10.5X91,WT,1,WT265X136,135.422918865,289.56,317.5,21.082,37.592,,50.292,,,,,,,,17290.288,105306550.67679997,100311773.56959997,467031.324,632540.6704,853766.0344,975030.308,6368340.811679998,16917759592.026043,,,,,,,,,62.992,,
WT10.5X83,WT,1,WT265X124,123.517607316,284.48,314.96,19.05,34.544,,47.244,,,,,,,,15741.904,94068302.18559998,90322219.35519998,417870.132,573547.24,758721.0632,883262.7496,4911530.822079999,12701746487.346537,,,,,,,,,60.706,,
WT10.5X73.5,WT,1,WT265X109.5,109.380049852,279.4,317.5,18.288,29.21,,41.91,,,,,,,,13935.456,84911210.82239997,78251508.01279998,388373.4168,491611.92,694811.5136,758721.0632,3200819.662864,8727415662.553118,,,,,,,,,60.706,,
WT10.5X66,WT,1,WT265X98,98.218820276,276.86,314.96,16.51,26.416,,39.116,,,,,,,,12516.104,75337888.03359999,69094416.64959998,345767.0504,437534.6088,616153.6064,673508.3304,2339220.611872,6283739277.038244,,,,,,,,,59.182,,
WT10.5X61,WT,1,WT265X91,90.778000558,274.32,314.96,15.24,24.384,,37.084,,,,,,,,11548.364,69094416.64959998,63267176.69119999,316270.3352,403121.7744,562076.2952,619431.0192,1860554.472431999,4941059944.337765,,,,,,,,,57.912,,
WT10.5X55.5,WT,1,WT265X82.5,82.593098868,274.32,312.42,13.97,22.225,,35.052,,,,,,,,10516.108,62434713.83999999,57023705.307199985,286773.62,363792.8208,507998.984,558798.8824,1415186.84704,3705794958.253324,,,,,,,,,56.642,,
WT10.5X50.5,WT,1,WT265X75,75.15227915,271.78,312.42,12.7,20.32,,33.02,,,,,,,,9612.884,56191242.455999985,51612696.77439999,258915.6112,331018.6928,457199.0856,504721.5712,1082201.70656,2792773012.016998,,,,,,,,,55.372,,
WT10.5X46.5,WT,1,WT265X69,69.199623376,274.32,213.868,14.732,23.622,,36.322,,,,,,,,8838.692,59937325.28639998,19313138.147839993,293328.4456,180257.704,521108.6352,283496.2072,1252856.591056,2505439634.819095,,,,,,,,,69.596,,
WT10.5X41.5,WT,1,WT265X61.5,61.758803658,271.78,212.344,13.081,21.209,,34.036,,,,,,,,7870.952,52861391.05119999,16940619.021919996,257276.9048,159610.00336,458837.792,249083.3728,899059.879296,1745483132.5106235,,,,,,,,,67.564,,
WT10.5X36.5,WT,1,WT265X54.5,54.31798394,269.24,210.82,11.557,18.796,,31.496,,,,,,,,6903.212,45785456.81599999,14692969.323679995,226141.4832,139453.91464,399844.3616,217947.9512,628509.452656,1186928530.107224,,,,,,,,,66.04,,
WT10.5X34,WT,1,WT265X50.5,50.597574081,269.24,210.058,10.922,17.399,,30.226,,,,,,,,6451.6,42871836.83679999,13485898.189439997,211393.1256,128310.71112,375263.7656,199922.1808,507802.339232,972099836.8751472,,,,,,,,,65.786,,
WT10.5X31,WT,1,WT265X46,46.133082251,266.7,209.296,10.16,15.621,,28.448,,,,,,,,5890.3108,39042507.721279986,11945841.914719997,195006.0616,114217.83608,345767.0504,178618.9976,380019.2915728,746529708.9814667,,,,,,,,,65.532,,
WT10.5X27.5,WT,1,WT265X41,40.924508448,264.16,208.788,9.525,13.2588,,25.908,,,,,,,,5225.796,35129932.32063999,10072800.499519998,178618.9976,96519.80696,317909.0416,150433.24752,256814.7895952,558554602.4033996,,,,,,,,,67.056,,
WT10.5X24,WT,1,WT265X36,35.715934646,261.62,206.756,8.89,10.922,,23.622,,,,,,,,4561.2812,31175733.777439997,8074889.656639998,162231.9336,78002.42464,291689.7392,121919.75616,166492.57024,408174517.1409458,,,,,,,,,69.596,,
WT10.5X28.5,WT,1,WT265X42.5,42.412672392,266.7,166.624,10.287,16.51,,29.21,,,,,,,,5399.9892,37627320.874239996,6368340.811679998,193367.3552,76527.58888,347405.7568,121264.2736,367948.5802304,671339666.3502398,,,,,,,,,72.39,,
WT10.5X25,WT,1,WT265X37,37.204098589,264.16,165.862,9.652,13.589,,26.416,,,,,,,,4748.3776,33423383.47567999,5202892.819999998,175341.5848,62598.58448,317909.0416,99633.34912,237251.912592,507532787.7607813,,,,,,,,,74.422,,
WT10.5X22,WT,1,WT265X33,32.739606759,261.62,165.1,8.89,11.43,,24.13,,,,,,,,4187.0884,29594054.36015999,4287183.683679999,158626.77952,52110.86352,288412.3264,83082.41448,159416.6360048,375950213.15613425,,,,,,,,,75.692,,
WT9X155.5,WT,1,WT230X232,231.409493225,284.48,304.8,38.608,69.596,,82.296,,,,,,,,29548.328,159416636.00479996,165660107.38879997,763637.1824,1084823.6368,1484667.9984,1704254.656,36295380.312319994,91033658757.09251,,,,,,,,,74.422,,
WT9X141.5,WT,1,WT230X210.5,210.575198015,276.86,302.26,35.56,63.5,,76.2,,,,,,,,26903.172,140269990.42719996,146513461.81119996,680063.156,970114.1888,1314242.5328,1515803.42,27679389.802399993,67402502501.56408,,,,,,,,,71.12,,
WT9X129,WT,1,WT230X192,191.97314872,271.78,299.72,32.512,58.42,,68.58,,,,,,,,24516.08,124036964.82879996,130696667.63839997,606321.368,875069.2176,1163481.544,1361765.0184,21269425.848159995,50753278776.07813,,,,,,,,,68.072,,
WT9X117,WT,1,WT230X174.5,174.115181398,266.7,297.18,29.464,53.594,,63.754,,,,,,,,22128.988,108636402.08159998,116128567.74239998,535856.9928,784940.3656,1022552.7936,1219197.5616,16274648.740959996,37595021315.61343,,,,,,,,,64.77,,
WT9X105.5,WT,1,WT230X157.5,157.001296047,261.62,294.64,26.924,48.514,,58.674,,,,,,,,20128.992,95316996.46239997,102392930.69759998,476863.5624,699727.6328,901288.52,1083184.9304,12112334.484959997,27390658387.089783,,,,,,,,,61.976,,
WT9X96,WT,1,WT230X143,142.863738583,259.08,292.1,24.384,44.45,,54.61,,,,,,,,18128.996,84078747.97119997,91570913.63199998,422786.2512,629263.2576,794772.604,973391.6016,9281960.790879998,20328165097.085262,,,,,,,,,59.436,,
WT9X87.5,WT,1,WT230X130,130.214345062,254,289.56,22.606,40.386,,50.546,,,,,,,,16580.612,75337888.03359999,81581359.41759998,383457.2976,563715.0016,714475.9904,870153.0984,6992687.950079999,15172276459.515419,,,,,,,,,57.404,,
WT9X79,WT,1,WT230X117.5,117.564951542,250.444,287.02,20.574,36.576,,46.736,,,,,,,,14967.712,66597028.095999986,72424268.05439998,340850.9312,503082.8648,630901.964,776746.8336,5202892.819999998,11063677701.451952,,,,,,,,,55.118,,
WT9X71.5,WT,1,WT230X106.5,106.403721965,247.65,284.48,18.542,33.528,,43.688,,,,,,,,13548.36,59104862.43519998,64932102.39359999,303160.684,453921.6728,557160.176,699727.6328,3987497.057247999,8244051102.780945,,,,,,,,,53.086,,
WT9X65,WT,1,WT230X96.5,96.730656332,244.602,284.48,17.018,30.48,,40.64,,,,,,,,12387.072,52861391.05119999,57856168.158399984,273663.9688,408037.8936,499805.452,627624.5512,3009353.207088,6122617757.114187,,,,,,,,,51.308,,
WT9X59.5,WT,1,WT230X88.5,88.545754642,241.046,287.02,16.637,26.924,,37.084,,,,,,,,11354.816,49531539.64639999,52445159.62559999,260554.3176,368708.94,470308.7368,565353.708,2206026.555679999,4672524077.797668,,,,,,,,,51.562,,
WT9X53,WT,1,WT230X79,78.872689009,237.998,284.48,14.986,23.876,,34.036,,,,,,,,10064.496,43288068.26239999,45785456.81599999,231057.6024,322825.1608,412954.0128,494889.3328,1552543.217488,3249283985.1351604,,,,,,,,,50.038,,
WT9X48.5,WT,1,WT230X72,72.175951263,236.22,281.94,13.589,22.098,,32.258,,,,,,,,9161.272,39042507.721279986,41623142.55999999,208115.7128,294967.152,370347.6464,452282.9664,1215395.762752,2494698200.1574907,,,,,,,,,48.514,,
WT9X43,WT,1,WT230X64,63.991049573,233.68,281.94,12.192,19.558,,29.718,,,,,,,,8193.532,34297469.46943999,36461872.88255999,183535.1168,258915.6112,326102.5736,396566.9488,849112.108224,1724000263.1874158,,,,,,,,,47.244,,
WT9X38,WT,1,WT230X56.5,56.550229856,231.394,279.4,10.795,17.272,,27.432,,,,,,,,7161.276,29885416.358079992,31716834.630719993,161084.83912,226141.4832,283496.2072,345767.0504,586886.310096,1173501736.7802193,,,,,,,,,45.72,,
WT9X35.5,WT,1,WT230X53,52.829819997,234.696,194.056,12.573,20.574,,30.734,,,,,,,,6709.664,32549297.481919993,12528565.910559997,183535.1168,129293.93496,327741.28,201560.8872,724242.680544,1063402031.4987799,,,,,,,,,57.404,,
WT9X32.5,WT,1,WT230X48.5,48.365328166,233.172,192.786,11.43,19.05,,29.21,,,,,,,,6161.278,29427561.789919995,11404741.061439997,165509.3464,118314.60208,294967.152,183535.1168,566074.738816,808292958.2856886,,,,,,,,,55.88,,
WT9X30,WT,1,WT230X44.5,44.644918307,231.648,192.024,10.541,17.653,,27.94,,,,,,,,5690.3112,26930173.236319996,10405785.639999997,152235.82456,108646.23432,270386.556,168786.7592,449529.939648,631059286.3692255,,,,,,,,,54.864,,
WT9X27.5,WT,1,WT230X41,40.924508448,230.124,191.262,9.906,16.002,,26.162,,,,,,,,5225.796,24765769.823199995,9365207.075999998,141420.36232,97830.77208,250722.0792,151744.21264,345472.083248,494105994.4337765,,,,,,,,,54.864,,
WT9X25,WT,1,WT230X37,37.204098589,228.6,190.5,9.017,14.478,,24.6888,,,,,,,,4735.4744,22268381.269599997,8324628.511999998,127655.22856,87670.7924,226141.4832,135684.88992,257647.2524464,365208778.4945305,,,,,,,,,53.848,,
WT9X23,WT,1,WT230X34,34.227770702,229.362,153.924,9.144,15.367,,25.654,,,,,,,,4367.7332,21685657.273759995,4703415.10928,127327.48728,60796.00744,227780.1896,95700.45376,253484.9381904,322243039.8481151,,,,,,,,,59.182,,
WT9X20,WT,1,WT230X30,29.763278871,227.33,152.908,8.001,13.335,,23.5458,,,,,,,,3793.5408,18647167.866879996,3975010.11448,110284.94072,51946.99288,196644.768,81443.70808,168157.4959424,211606262.8335956,,,,,,,,,58.166,,
WT9X17.5,WT,1,WT230X26,26.042869012,224.79,152.4,7.62,10.795,,21.0058,,,,,,,,3322.574,16690880.166559996,3192495.034351999,101763.66744,41950.88384,183535.1168,65875.99728,104890.3192512,160584448.19097736,,,,,,,,,60.706,,
WT8X50,WT,1,WT205X74.5,74.408197178,215.646,264.16,14.859,25.019,,35.306,,,,,,,,9483.852,31966573.48607999,38751145.72335999,186812.5296,293328.4456,339212.2248,449005.5536,1602490.98856,2792773012.016998,,,,,,,,,44.704,,
WT8X44.5,WT,1,WT205X66,66.223295489,212.852,264.16,13.335,22.225,,32.512,,,,,,,,8451.596,27970751.800319996,33839614.90127999,165509.3464,257276.9048,296605.8584,393289.536,1132149.477632,1930772880.4232898,,,,,,,,,43.18,,
WT8X38.5,WT,1,WT205X57,57.294311827,209.804,261.62,11.557,19.304,,29.464,,,,,,,,7290.308,23683568.116639994,28803214.651519995,140764.87976,219586.6576,250722.0792,335934.812,740891.937568,1237950344.7498424,,,,,,,,,41.402,,
WT8X33.5,WT,1,WT205X50,49.85349211,207.518,259.08,10.033,16.891,,27.178,,,,,,,,6329.0196,20228847.284159996,24765769.823199995,120608.79104,190089.9424,213031.832,290051.0328,495315.396464,808292958.2856886,,,,,,,,,39.624,,
WT8X28.5,WT,1,WT205X42.5,42.412672392,208.788,180.848,10.922,18.161,,28.448,,,,,,,,5412.8924,20270470.426719997,8990598.79296,127327.48728,99305.60784,226141.4832,154366.14288,457854.56816,534386374.41479087,,,,,,,,,49.276,,
WT8X25,WT,1,WT205X37.5,37.204098589,206.502,179.578,9.652,16.002,,26.162,,,,,,,,4754.8292,17606589.302879993,7741904.516159999,111104.29392,86195.95664,196644.768,133554.5716,316335.883456,359838061.16372854,,,,,,,,,48.006,,
WT8X22.5,WT,1,WT205X33.5,33.48368873,204.978,178.816,8.763,14.351,,24.5618,,,,,,,,4277.4108,15733547.887679996,6826195.379839998,99961.0904,76527.58888,176980.2912,118314.60208,231008.441208,261553934.01005343,,,,,,,,,47.244,,
WT8X20,WT,1,WT205X30,29.763278871,203.454,177.8,7.747,12.827,,23.0378,,,,,,,,3799.9924,13777260.187359998,5993732.528639998,87670.7924,67514.70368,154530.01352,104221.72704,164827.6445376,180724638.18148458,,,,,,,,,45.974,,
WT8X18,WT,1,WT205X26.5,26.786950984,201.422,177.546,7.493,10.922,,21.1328,,,,,,,,3412.8964,12736681.623359997,5078023.392319999,82754.6732,57354.724,146336.48152,88817.88688,113214.9477632,138564507.1346895,,,,,,,,,47.752,,
WT8X15.5,WT,1,WT205X23.05,23.066541125,201.676,140.462,6.985,11.176,,21.3868,,,,,,,,2941.9296,11446364.203999998,2580634.838719999,76035.97696,36707.02336,135521.01928,57518.59464,95733.227888,98284127.15367511,,,,,,,,,51.308,,
WT8X13,WT,1,WT205X19.4,19.346131266,199.39,139.7,6.35,8.763,,18.9738,,,,,,,,2477.4144,9781438.501599997,1993748.528624,67023.09176,28513.49136,120608.79104,44736.68472,54110.085328,65254215.56924331,,,,,,,,,53.086,,
WT7X436.5,WT,1,WT180X694.5,649.583561368,299.72,477.52,100.076,139.954,,154.94,,,,,,,,83225.64,432880682.6239999,1281992790.8479998,2146705.384,5374956.992,4604764.983999999,8373789.703999999,462016882.4159999,2411452081530.0615,,,,,,,,,98.552,,
WT7X404,WT,1,WT180X601,601.218233202,289.56,472.44,94.996,130.048,,145.034,,,,,,,,76774.04,373775820.1887999,1152961048.9119997,1900899.424,4883345.072,4080378.936,7619984.759999999,373775820.1887999,1879751065780.6714,,,,,,,,,93.726,,
WT7X365,WT,1,WT180X543,543.179839403,284.48,454.66,77.978,124.714,,139.954,,,,,,,,69032.12,307595023.51839995,982306164.4159998,1563325.9056,4326184.896,3457670.504,6685922.112,297189237.8783999,1409813299335.5037,,,,,,,,,88.138,,
WT7X332.5,WT,1,WT180X495,494.814511237,274.32,449.58,71.882,114.808,,130.048,,,,,,,,63096.648,258895946.72319993,865761365.2479998,1345377.9544,3867347.104,2982445.648,5981278.359999999,231008441.20799994,1052660596837.176,,,,,,,,,82.55,,
WT7X302.5,WT,1,WT180X450,450.16959293,266.7,441.96,66.04,105.664,,120.904,,,,,,,,57419.24,218105267.01439995,765865823.1039999,1156926.7184,3457670.504,2572769.048,5342182.863999999,178979513.00799996,786810088962.4811,,,,,,,,,77.47,,
WT7X275,WT,1,WT180X409,409.245084482,256.54,436.88,60.452,97.028,,112.268,,,,,,,,52193.444,183974290.11519995,678457223.7279998,997972.1976,3097155.096,2228640.704,4785022.687999999,137772601.87359998,585408189057.409,,,,,,,,,72.39,,
WT7X250,WT,1,WT180X372,372.040985892,248.92,431.8,55.626,88.9,,104.14,,,,,,,,47419.26,156086784.59999996,599373252.8639998,863598.2728,2769413.816,1917286.488,4277023.704,105722782.10239998,435028103794.9554,,,,,,,,,67.818,,
WT7X227.5,WT,1,WT180X338.5,338.557297162,241.554,426.72,51.308,81.534,,96.774,,,,,,,,43161.204,133610287.61759996,532776224.7679999,752166.2376,2490833.728,1671480.528,3834572.976,81581359.41759998,324928398513.51605,,,,,,,,,63.754,,
WT7X213,WT,1,WT180X317,316.97891998,237.236,424.18,47.752,77.216,,92.202,,,,,,,,40451.532,119458419.14719997,491153082.2079999,678424.4496,2310576.024,1502693.7688,3555992.888,68261953.79839998,266119043741.23508,,,,,,,,,60.96,,
WT7X199,WT,1,WT180X296,296.14462477,232.41,421.64,44.958,72.39,,87.376,,,,,,,,37677.344,106971476.37919998,453692253.90399987,616153.6064,2146705.384,1358487.6056,3293799.864,56191242.455999985,215097229098.61682,,,,,,,,,58.42,,
WT7X185,WT,1,WT180X275.5,275.31032956,227.584,419.1,42.164,67.564,,82.804,,,,,,,,35096.704,95316996.46239997,413734037.0463999,555521.4696,1982834.744,1219197.5616,3031606.84,45785456.81599999,171862954585.66138,,,,,,,,,55.626,,
WT7X171,WT,1,WT180X254.5,254.47603435,222.758,416.56,39.116,62.738,,77.978,,,,,,,,32451.548,84494979.39679998,375856977.31679994,498166.7456,1802577.04,1084823.6368,2769413.816,36753234.88047999,134805005003.12816,,,,,,,,,53.086,,
WT7X155.5,WT,1,WT180X231.5,231.409493225,217.424,411.48,35.814,57.404,,72.644,,,,,,,,29483.812,73256730.90559998,335898760.4591999,437534.6088,1628874.1616,945533.5928,2490833.728,28095621.227999993,100700949952.53596,,,,,,,,,50.038,,
WT7X141.5,WT,1,WT180X210.5,210.575198015,212.598,408.94,32.766,52.578,,67.818,,,,,,,,26838.656,63683408.11679999,300519089.2831999,385096.004,1469919.6408,825908.0256,2245027.768,21560787.846079994,75458578497.76695,,,,,,,,,47.244,,
WT7X128.5,WT,1,WT180X191,191.229066749,208.026,406.4,29.972,48.006,,63.246,,,,,,,,24387.048,55358779.604799986,268469269.51199996,339212.2248,1322436.0648,719392.1096,2015608.872,16357895.026079996,56123996106.88005,,,,,,,,,44.45,,
WT7X116.5,WT,1,WT180X173.5,173.371099426,203.708,403.86,27.178,43.688,,58.928,,,,,,,,22064.472,48282845.36959999,239749301.14559993,298244.5648,1188062.14,625985.8448,1802577.04,12320450.197759997,41354523447.174774,,,,,,,,,41.91,,
WT7X105.5,WT,1,WT180X157,157.001296047,199.644,401.32,24.892,39.624,,54.864,,,,,,,,19999.96,42455605.41119999,213526721.33279994,265470.4368,1065159.16,547327.9376,1620680.6296,9240337.648319997,30344552919.030838,,,,,,,,,39.878,,
WT7X96.5,WT,1,WT180X143.5,143.607820554,196.596,398.78,22.606,36.576,,51.816,,,,,,,,18322.544,37377582.01887999,193963844.32959995,235973.7216,971752.8952,481779.6816,1476474.4664,7200803.662879999,23416327562.296364,,,,,,,,,37.846,,
WT7X88,WT,1,WT180X131,130.958427034,193.294,398.78,21.082,33.274,,48.514,,,,,,,,16709.644,33506629.760799993,174400967.32639995,213031.832,876707.924,430979.7832,1332268.3032,5494254.817919998,17508538498.414253,,,,,,,,,36.322,,
WT7X79.5,WT,1,WT180X118.5,118.309033514,190.246,396.24,18.923,30.226,,45.466,,,,,,,,15096.744,29219446.077119995,155670553.17439997,186812.5296,788217.7784,373625.0592,1196255.672,4095717.227903999,12862868007.270594,,,,,,,,,34.29,,
WT7X72.5,WT,1,WT180X108,107.891885909,187.706,393.7,17.272,27.686,,42.926,,,,,,,,13741.908,26014464.099999994,140686221.85279995,167148.0528,716114.6968,331018.6928,1084823.6368,3146709.577535999,9747851955.405481,,,,,,,,,32.766,,
WT7X66,WT,1,WT180X98,98.218820276,186.182,373.38,16.383,26.162,,41.402,,,,,,,,12516.104,24058176.399679992,114047410.61439997,156824.20248,609598.7808,304799.3904,925869.116,2551498.638927999,7143054049.966552,,,,,,,,,32.766,,
WT7X60,WT,1,WT180X89.5,89.289836614,183.896,373.38,14.986,23.876,,39.116,,,,,,,,11419.332,21519164.703519996,102809162.12319997,141092.62104,552244.0568,270386.556,839017.6768,1943800.757552,5370717330.801918,,,,,,,,,31.496,,
WT7X54.5,WT,1,WT180X81,81.104934925,181.864,370.84,13.335,21.844,,37.084,,,,,,,,10322.56,18855283.579679996,92819607.90879998,123886.20384,501444.1584,235973.7216,758721.0632,1477621.56088,4028037998.101439,,,,,,,,,29.718,,
WT7X49.5,WT,1,WT180X73.5,73.664115207,179.832,370.84,12.319,19.812,,35.052,,,,,,,,9419.336,17023865.307039995,83662516.54559998,112743.00032,452282.9664,211393.1256,684979.2752,1115500.220608,2980748118.5950646,,,,,,,,,28.956,,
WT7X45,WT,1,WT180X67,66.967377461,178.054,368.3,11.176,18.034,,33.274,,,,,,,,8516.112,15192447.034399996,75337888.03359999,100944.31424,409676.6,188451.236,619431.0192,844949.793968,2231533050.9481974,,,,,,,,,27.686,,
WT7X41,WT,1,WT180X61,61.014721686,181.864,256.54,12.954,21.717,,36.83,,,,,,,,7741.92,17148734.734719995,30842748.63695999,117003.63696,239251.1344,216309.2448,367070.2336,1053065.506768,1511856928.62074,,,,,,,,,35.306,,
WT7X37,WT,1,WT180X55,55.062065912,180.086,256.54,11.43,19.939,,35.052,,,,,,,,7032.244,14984331.321599996,27845882.372639995,102419.15,217947.9512,188451.236,331018.6928,803326.651408,1125165280.803002,,,,,,,,,33.528,,
WT7X34,WT,1,WT180X50.5,50.597574081,178.308,254,10.541,18.288,,33.274,,,,,,,,6451.6,13569144.474559998,25265247.533919994,93242.39416,198283.4744,170425.4656,301521.9776,624347.1384,862000131.5937079,,,,,,,,,32.766,,
WT7X30.5,WT,1,WT180X45.5,45.389000279,176.53,254,9.525,16.383,,31.496,,,,,,,,5780.6336,12029088.199839996,22351627.554719996,83082.41448,175341.5848,149941.6356,268747.8496,453692.253904,614947134.3768197,,,,,,,,,31.75,,
WT7X26.5,WT,1,WT180X39.5,39.436344505,176.784,204.724,9.398,16.764,,31.75,,,,,,,,5032.248,11487987.346559998,11987465.057279997,80952.09616,117167.5076,145353.25768,180257.704,402495.7885552,392062365.14854,,,,,,,,,35.052,,
WT7X24,WT,1,WT180X36,35.715934646,175.26,203.962,8.636,15.113,,30.226,,,,,,,,4561.2812,10364162.497439997,10697147.637919998,73577.91736,104877.2096,131096.512,160593.2272,300935.3207088,287333377.1979027,,,,,,,,,34.29,,
WT7X21.5,WT,1,WT180X32,31.995524787,173.482,203.2,7.747,13.462,,28.448,,,,,,,,4070.9596,9115468.220639998,9406830.218559999,65220.51472,92586.9116,115528.8012,141584.23296,217272.8041632,201670435.77161205,,,,,,,,,33.274,,
WT7X19,WT,1,WT180X28.9,28.275114928,179.07,171.958,7.874,13.081,,23.241,,,,,,,,3599.9928,9698192.216479998,5535877.960479999,69153.41008,64565.03216,122083.6268,99469.47848,165660.1073888,148768870.06321317,,,,,,,,,39.116,,
WT7X17,WT,1,WT180X25.5,25.298787041,177.546,171.45,7.239,11.557,,21.717,,,,,,,,3225.8,8699236.795039997,4828284.536959998,62762.45512,56535.3708,110448.81136,87179.18048,118209.7248704,107414346.61603838,,,,,,,,,38.862,,
WT7X15,WT,1,WT180X22,22.322459154,175.768,170.942,6.858,9.779,,19.939,,,,,,,,2851.6072,7908397.086399999,4074905.656623999,58174.0772,47686.35624,102419.15,73577.91736,79083.970864,77069793.69700752,,,,,,,,,40.132,,
WT7X13,WT,1,WT180X19.5,19.346131266,176.784,127.762,6.477,10.668,,20.828,,,,,,,,2483.866,7200803.662879999,1852229.84392,54241.18184,29005.10328,96519.80696,45228.29664,74505.4251824,55586924.37379985,,,,,,,,,43.688,,
WT7X11,WT,1,WT180X16.45,16.369803379,174.498,127,5.842,8.509,,18.669,,,,,,,,2096.77,6160225.098879999,1456809.9896,47686.35624,22941.8896,85212.7328,35887.67016,43288.0682624,35983806.11637285,,,,,,,,,44.704,,
WT6X168,WT,1,WT155X250,250.01154252,213.614,340.36,45.212,75.184,,90.17,,,,,,,,31935.42,79083970.86399998,246825235.38079995,511276.3968,1451893.8704,1120875.1776,2245027.768,49947771.07199999,129165751805.78613,,,,,,,,,58.674,,
WT6X152.5,WT,1,WT155X227,226.945001394,207.264,335.28,41.402,68.834,,83.82,,,,,,,,28838.652,67429490.94719999,218521498.43999994,442450.728,1299494.1752,968475.4824,1999221.808,38293291.15519999,95598768488.27415,,,,,,,,,54.864,,
WT6X139.5,WT,1,WT155X207.5,207.598870128,201.422,332.74,38.862,62.738,,77.978,,,,,,,,26451.56,58688631.00959998,195212538.60639995,394928.2424,1168397.6632,850488.6216,1802577.04,29510808.075039994,71699076366.20561,,,,,,,,,52.07,,
WT6X126,WT,1,WT155X187.5,187.50865689,195.834,330.2,35.56,57.15,,72.39,,,,,,,,23935.436,50364002.49759999,172319810.19839996,342489.6376,1042217.2704,734140.4672,1604293.5656,22268381.269599997,52364493975.3187,,,,,,,,,48.768,,
WT6X115,WT,1,WT155X171,171.13885351,191.262,327.66,32.766,52.578,,67.818,,,,,,,,21806.408,44120531.113599986,154421858.89759997,303160.684,942256.18,645650.3216,1448616.4576,17315227.304959998,39743308247.9342,,,,,,,,,46.228,,
WT6X105,WT,1,WT155X156.5,156.257214075,186.944,325.12,29.972,48.26,,63.5,,,,,,,,19935.444,38334914.29775999,138188833.29919997,268747.8496,850488.6216,565353.708,1306049.0008,13361028.761759998,30076017052.490746,,,,,,,,,43.688,,
WT6X95,WT,1,WT155X141.5,141.375574639,182.626,322.58,26.924,44.196,,59.182,,,,,,,,18064.48,32882282.622399993,122788270.55199997,232696.3088,761998.476,488334.5072,1166758.9568,10114423.642079998,22046794642.941875,,,,,,,,,41.148,,
WT6X85,WT,1,WT155X126.5,126.493935203,178.308,320.04,24.384,39.624,,54.864,,,,,,,,16129,28220490.655679993,107803939.23039998,201560.8872,675147.0368,419508.8384,1030746.3256,7367296.233119998,15655641019.287592,,,,,,,,,38.608,,
WT6X76,WT,1,WT155X113,113.100459711,174.244,317.5,22.098,35.56,,50.8,,,,,,,,14451.584,24349538.397599995,94484533.61119998,176980.2912,596489.1296,360515.408,911120.7584,5327762.247679999,11090531288.10596,,,,,,,,,36.322,,
WT6X68,WT,1,WT155X101,101.195148163,170.434,314.96,20.066,31.75,,46.99,,,,,,,,12903.2,21061310.135359995,82830053.69439998,155021.62544,526024.7544,311354.216,801327.4296,3833491.429775999,7760686543.008772,,,,,,,,,34.29,,
WT6X60,WT,1,WT155X89.5,89.289836614,166.624,312.42,18.034,28.194,,43.18,,,,,,,,11354.816,18064443.871039994,71591805.20319998,134701.66608,458837.792,265470.4368,699727.6328,2672205.752351999,5290156570.83989,,,,,,,,,32.512,,
WT6X53,WT,1,WT155X79,78.872689009,163.83,309.88,15.494,25.146,,40.386,,,,,,,,10064.496,15109200.749279995,62850945.26559999,113398.48288,404760.4808,222864.0704,614514.9,1893852.986479999,3652087784.9453044,,,,,,,,,30.226,,
WT6X48,WT,1,WT155X71.5,71.431869291,161.544,309.88,13.97,22.86,,38.1,,,,,,,,9096.756,13319405.619199997,56191242.455999985,100288.83168,363792.8208,195006.0616,552244.0568,1423511.475552,2712212252.054969,,,,,,,,,28.702,,
WT6X43.5,WT,1,WT155X64.5,64.735131545,159.258,307.34,13.081,20.574,,35.814,,,,,,,,8258.048,12029088.199839996,49947771.07199999,91767.5584,326102.5736,175341.5848,494889.3328,1057227.821024,1971053260.404304,,,,,,,,,27.94,,
WT6X39.5,WT,1,WT155X58.5,58.782475771,157.226,307.34,11.938,18.669,,33.782,,,,,,,,7483.856,10738770.780479997,44952993.96479999,82426.93192,293328.4456,155513.23736,444089.4344,795002.022896,1458149755.3127208,,,,,,,,,26.924,,
WT6X36,WT,1,WT155X53.5,53.573901969,155.702,304.8,10.922,17.018,,32.258,,,,,,,,6838.696,9656569.073919997,40582563.99599999,74397.27056,265470.4368,138962.30272,403121.7744,607697.881376,1092940976.8181906,,,,,,,,,25.908,,
WT6X32.5,WT,1,WT155X48.5,48.365328166,153.924,304.8,9.906,15.367,,30.48,,,,,,,,6154.8264,8574367.367359998,36295380.312319994,66531.47984,237612.428,122902.98,360515.408,453692.253904,797551523.624085,,,,,,,,,25.019,,
WT6X29,WT,1,WT155X43,43.156754364,154.94,254,9.144,16.256,,31.496,,,,,,,,5496.7632,7950020.228959999,22268381.269599997,61615.36064,175341.5848,114217.83608,265470.4368,437042.99688,558554602.4033996,,,,,,,,,26.162,,
WT6X26.5,WT,1,WT155X39.5,39.436344505,153.162,254,8.763,14.605,,29.972,,,,,,,,5019.3448,7367296.233119998,19937485.286239993,58010.20656,156988.07312,105860.43344,237612.428,327990.3633728,410859875.8063468,,,,,,,,,25.908,,
WT6X25,WT,1,WT155X37,37.204098589,154.94,205.232,9.398,16.256,,28.956,,,,,,,,4709.668,7783527.658719998,11737726.201919997,62106.97256,114217.83608,112743.00032,173702.8784,355877.868888,330299115.844318,,,,,,,,,29.718,,
WT6X22.5,WT,1,WT155X33.5,33.48368873,153.162,204.47,8.509,14.605,,27.432,,,,,,,,4232.2496,6909441.664959999,10405785.639999997,55552.14696,101763.66744,99961.0904,155185.49608,260977.1038512,237654241.8879849,,,,,,,,,28.702,,
WT6X20,WT,1,WT155X30,29.763278871,151.638,203.454,7.493,13.081,,25.908,,,,,,,,3767.7344,5993732.528639998,9157091.363199998,48341.8388,90128.852,86523.69792,137323.59632,188136.6043712,166492237.25485948,,,,,,,,,27.686,,
WT6X17.5,WT,1,WT155X26,26.042869012,158.75,166.624,7.62,13.208,,20.828,,,,,,,,3335.4772,6659702.809599998,5078023.392319999,52930.21672,61123.74872,93570.13544,93897.87672,153589.3960464,117350173.67802192,,,,,,,,,33.02,,
WT6X15,WT,1,WT155X22.25,22.322459154,156.718,165.608,6.604,11.176,,18.796,,,,,,,,2838.704,5619124.245599999,4245560.541119998,45064.426,51127.63968,79149.51912,78330.16592,94900.7650368,71699076.36620562,,,,,,,,,32.258,,
WT6X13,WT,1,WT155X19.35,19.346131266,155.194,164.846,5.842,9.652,,17.272,,,,,,,,2464.5112,4869907.679519999,3604564.145695999,39328.9536,43753.46088,68825.6688,66859.22112,62434.71384,46725240.777976684,,,,,,,,,31.75,,
WT6X11,WT,1,WT155X16.35,16.369803379,156.464,102.362,6.604,10.795,,18.415,,,,,,,,2090.3184,4869907.679519999,969819.221648,42442.49576,18845.1236,75872.10632,29988.32712,60769.7881376,36789413.71599314,,,,,,,,,41.402,,
WT6X9.5,WT,1,WT155X14.15,14.137557464,154.432,101.854,5.969,8.89,,16.51,,,,,,,,1799.9964,4203937.398559999,782515.080128,37362.50592,15387.453096,67350.83304,24416.72536,37419.20516144,25081249.93484496,,,,,,,,,41.91,,
WT6X8,WT,1,WT155X11.9,11.905311549,152.4,101.346,5.588,6.731,,14.351,,,,,,,,1522.5776,3621213.402719999,586886.310096,33429.61056,11569.267184,60959.87808,18517.38232,21269.42584816,18206731.751418505,,,,,,,,,44.196,,
WT6X7,WT,1,WT155X10.5,10.417147605,151.384,100.838,5.08,5.715,,13.335,,,,,,,,1341.9328,3192495.034351999,491153.082208,29988.32712,9717.528952,54405.05248,15518.549608,14568.099896,13238818.220426729,,,,,,,,,44.704,,
WT5X56,WT,1,WT125X83.5,83.33718084,144.272,264.16,19.177,31.75,,44.45,,,,,,,,10645.14,11904218.772159997,49115308.22079999,104877.2096,370347.6464,219586.6576,566992.4144,3121735.691999999,4538256144.52762,,,,,,,,,30.734,,
WT5X50,WT,1,WT125X74.5,74.408197178,140.97,261.62,17.272,28.448,,41.148,,,,,,,,9483.852,10197669.927199997,42871836.83679999,91112.07584,327741.28,186812.5296,499805.452,2251812.012496,3195576811.827142,,,,,,,,,28.702,,
WT5X44,WT,1,WT125X65.5,65.479213517,137.668,261.62,15.367,25.146,,37.846,,,,,,,,8387.08,8657613.652479999,37169466.30607999,78166.29528,285134.9136,158135.1676,434257.196,1560867.846,2153657649.6515694,,,,,,,,,26.924,,
WT5X38.5,WT,1,WT125X57.5,57.294311827,134.62,259.08,13.462,22.098,,34.798,,,,,,,,7290.308,7242426.805439997,31966573.48607999,66367.6092,247444.6664,132079.73584,375263.7656,1061390.13528,1425925451.3279092,,,,,,,,,25.146,,
WT5X34,WT,1,WT125X50.5,50.597574081,132.08,256.54,11.938,19.558,,32.258,,,,,,,,6451.6,6201848.241439999,27762636.087519996,57190.85336,216309.2448,112251.3884,327741.28,740891.937568,972099836.8751472,,,,,,,,,23.6728,,
WT5X30,WT,1,WT125X44.5,44.644918307,129.794,256.54,10.668,17.272,,29.972,,,,,,,,5703.2144,5369385.390239999,24183045.827359993,49816.67456,188451.236,96192.06568,286773.62,511964.653488,660598231.688636,,,,,,,,,22.4536,,
WT5X27,WT,1,WT125X40,40.180426476,128.27,254,9.398,15.621,,28.448,,,,,,,,5096.764,4620168.824159998,21519164.703519996,43261.84896,168786.7592,82754.6732,255638.1984,378354.3658704,477993842.4413707,,,,,,,,,21.2344,,
WT5X24.5,WT,1,WT125X36.5,36.460016617,126.746,254,8.636,14.224,,26.924,,,,,,,,4651.6036,4162314.255999999,19438007.575519998,39165.08296,153055.17776,74069.52928,231057.6024,288448.3779408,357152702.4983276,,,,,,,,,20.4978,,
WT5X22.5,WT,1,WT125X33.5,33.48368873,128.27,203.708,8.89,15.748,,28.448,,,,,,,,4277.4108,4245560.541119998,11113379.063519998,40476.04808,108973.9756,76199.8476,165509.3464,313422.2634768,263433685.0758341,,,,,,,,,23.0378,,
WT5X19.5,WT,1,WT125X29,29.0191969,125.984,202.946,8.001,13.462,,26.162,,,,,,,,3696.7668,3679485.802303999,9365207.075999998,35396.05824,92423.04096,65384.38536,140437.13848,202704.7042672,165418093.7886991,,,,,,,,,22.2504,,
WT5X16.5,WT,1,WT125X24.55,24.554705069,123.698,202.184,7.366,11.049,,23.749,,,,,,,,3129.026,3209144.291375999,7617035.088479999,31627.03352,75380.4944,57026.98272,114709.448,121123.3448496,95598768.48827414,,,,,,,,,22.0726,,
WT5X15,WT,1,WT125X22.4,22.322459154,133.096,147.574,7.62,12.954,,20.574,,,,,,,,2851.6072,3862627.629567999,3475532.403759999,36707.02336,47030.87368,65712.12664,72266.95224,129031.741936,73310291.5654462,,,,,,,,,27.94,,
WT5X13,WT,1,WT125X19.25,19.346131266,131.318,146.558,6.604,11.176,,18.796,,,,,,,,2458.0596,3271579.005215999,2934431.550479999,31299.29224,39984.43616,55552.14696,61451.49,83662.5165456,46456704.911436595,,,,,,,,,26.924,,
WT5X11,WT,1,WT125X16.35,16.369803379,129.286,146.05,6.096,9.144,,16.764,,,,,,,,2090.3184,2863672.208127999,2376681.440175999,28185.75008,32610.25736,49488.93328,49980.5452,49531.5396464,28733337.719790265,,,,,,,,,27.178,,
WT5X9.5,WT,1,WT125X14.2,14.137557464,130.048,102.108,6.35,10.033,,17.653,,,,,,,,1812.8996,2780425.923007999,894897.56504,28513.49136,17534.15848,50799.8984,27366.39688,48282.8453696,21375454.976591635,,,,,,,,,32.512,,
WT5X8.5,WT,1,WT125X12.65,12.64939352,128.524,101.854,6.096,8.382,,16.002,,,,,,,,1612.9,2522362.439135999,740891.937568,26547.04368,14535.325768,47522.4856,22941.8896,32299.55862656,16380687.85894585,,,,,,,,,33.528,,
WT5X7.5,WT,1,WT125X11.15,11.161229577,127,101.6,5.842,6.858,,14.478,,,,,,,,1425.8036,2268461.26952,603535.56712,24580.596,11847.847272,44408.94344,18845.1236,21560.78784608,12755453.660654556,,,,,,,,,34.798,,
WT5X6,WT,1,WT125X8.95,8.928983661,125.476,100.584,4.826,5.334,,12.954,,,,,,,,1141.9332,1810606.701359999,453692.253904,19992.21808,9029.272264,36051.5408,14240.358616,11321.49477632,6847664.596772445,,,,,,,,,34.544,,
WT4X33.5,WT,1,WT100X50,49.85349211,114.3,210.312,14.478,23.749,,33.782,,,,,,,,6348.3744,4536922.539039999,18439052.154079996,49980.5452,175341.5848,103074.63256,267109.1432,1044740.878256,955987684.8827415,,,,,,,,,23.7744,,
WT4X29,WT,1,WT100X43,43.156754364,111.252,208.788,12.954,20.574,,30.48,,,,,,,,5509.6664,3796030.601471999,15608678.459999997,42770.23704,149613.89432,86032.086,227780.1896,690944.166496,612261775.7114186,,,,,,,,,22.1996,,
WT4X24,WT,1,WT100X35.5,35.715934646,107.95,205.994,10.16,17.399,,27.432,,,,,,,,4548.378,2851185.265359999,12695058.480799997,32282.51608,123066.85064,64565.03216,186812.5296,406658.1028112,349096626.5021247,,,,,,,,,19.7358,,
WT4X20,WT,1,WT100X29.5,29.763278871,104.902,204.978,9.144,14.224,,24.2316,,,,,,,,3787.0892,2385006.068688,10197669.927199997,27694.13816,99633.34912,53257.958,151416.47136,232257.1354848,192003144.57616857,,,,,,,,,18.669,,
WT4X17.5,WT,1,WT100X26,26.042869012,103.124,203.708,7.874,12.573,,22.5806,,,,,,,,3316.1224,2006235.471392,8865729.365279999,23433.50152,87015.30984,44408.94344,131915.8652,159832.8674304,128897215.93924604,,,,,,,,,17.4752,,
WT4X15.5,WT,1,WT100X23.05,23.066541125,101.6,203.2,7.239,11.049,,21.0566,,,,,,,,2941.9296,1781470.501568,7700281.373599998,20975.44192,76035.97696,39165.08296,115201.05992,111133.7906352,87811228.35861138,,,,,,,,,16.9672,,
WT4X14,WT,1,WT100X20.85,20.83429521,102.362,166.116,7.239,11.811,,21.8186,,,,,,,,2658.0592,1760658.930288,4495299.39648,20975.44192,54241.18184,39001.21232,82590.80256,111550.0220608,61763249.30422206,,,,,,,,,18.6436,,
WT4X12,WT,1,WT100X17.95,17.857967323,100.838,165.1,6.223,10.16,,20.1676,,,,,,,,2283.8664,1469296.932368,3804355.229983999,17698.02912,46047.64984,32446.38672,70136.63392,72008.0366288,38669164.78177381,,,,,,,,,17.653,,
WT4X10.5,WT,1,WT100X15.65,15.625721407,105.156,133.858,6.35,10.16,,17.78,,,,,,,,1987.0928,1623302.55984,2031209.356928,19336.73552,30316.0684,34576.70504,46539.26176,58688.6310096,24597885.37507279,,,,,,,,,21.1074,,
WT4X9,WT,1,WT100X13.3,13.393475492,103.378,133.35,5.842,8.382,,16.002,,,,,,,,1696.7708,1419349.161296,1656601.073888,17206.4172,24908.33728,30479.93904,38181.85912,35587.7868888,15091715.699553391,,,,,,,,,21.1836,,
WT4X7.5,WT,1,WT100X11.25,11.161229577,103.124,102.108,6.223,8.001,,15.621,,,,,,,,1432.2552,1365239.075968,707593.42352,17534.15848,13912.617336,31299.29224,21794.79512,28262.11379824,10258070.101831663,,,,,,,,,25.3492,,
WT4X6.5,WT,1,WT100X9.65,9.673065633,101.6,101.6,5.842,6.477,,14.097,,,,,,,,1238.7072,1202908.819984,566074.738816,15961.000336,11175.977648,28513.49136,17534.15848,18022.82072848,7223614.80992858,,,,,,,,,26.162,,
WT4X5,WT,1,WT100X7.5,7.440819718,100.33,100.076,4.318,5.207,,12.827,,,,,,,,954.8368,894897.56504,437042.99688,11749.524888,8701.530984,20811.57128,13535.714864,8824.10622272,3061308.878557093,,,,,,,,,24.2062,,
WT3X12.5,WT,1,WT75X18.55,18.602049295,81.026,154.432,8.128,11.557,,17.907,,,,,,,,2367.7372,953169.964624,3550454.060367999,14518.938704,46047.64984,27530.26752,70136.63392,95316.9964624,45919633.17835641,,,,,,,,,15.494,,
WT3X10,WT,1,WT75X14.9,14.881639436,78.74,152.908,6.604,9.271,,15.621,,,,,,,,1896.7704,732567.309056,2763776.665983999,11356.235352,36215.41144,21139.31256,55060.53504,49947.771072,23040377.34914023,,,,,,,,,14.224,,
WT3X7.5,WT,1,WT75X11.25,11.161229577,76.2,152.146,5.842,6.604,,12.954,,,,,,,,1425.8036,586886.310096,1939638.443296,9455.335928,25563.81984,16878.67592,38837.34168,20978.06385024,9183926.63567128,,,,,,,,,14.1732,,
WT3X8,WT,1,WT75X12,11.905311549,79.756,102.362,6.604,10.287,,16.637,,,,,,,,1529.0292,703431.109264,919871.450576,11225.13884,18025.7704,20483.83,27694.13816,46201.6882416,11439627.914608086,,,,,,,,,17.1704,,
WT3X6,WT,1,WT75X9,8.928983661,76.708,101.6,5.842,7.112,,13.462,,,,,,,,1148.3848,549425.481792,624347.1384,9242.304096,12257.523872,16550.93464,19008.99424,18688.79100944,4779938.424413707,,,,,,,,,17.1958,,
WT3X4.5,WT,1,WT75X6.75,6.696737746,74.93,100.076,4.318,5.461,,11.811,,,,,,,,864.5144,395419.85432,457854.56816,6685.922112,9127.594648,11798.68608,14027.326784,8407.87479712,1976423.977735106,,,,,,,,,15.8242,,
WT3X4.25,WT,1,WT75X6.5,6.32469676,74.168,100.076,4.318,4.953,,11.303,,,,,,,,812.9016,376689.440168,414150.268472,6505.664408,8275.46732,11470.9448,12749.135792,6909.44166496,1664922.372548595,,,,,,,,,16.1798,,
WT2.5X9.5,WT,1,WT65X14.05,14.137557464,65.532,127.762,6.858,10.922,,18.542,,,,,,,,1793.5448,420393.739856,1898015.300735999,7947.72604,29660.58584,15895.45208,45228.29664,65348.3338192,20811529.656857435,,,,,,,,,12.3698,,
WT2.5X8,WT,1,WT65X11.9,11.905311549,63.754,127,6.096,9.144,,16.764,,,,,,,,1516.126,351715.554632,1560867.846,6767.857432,24580.596,13126.038264,37362.50592,39874.97057248,12164674.754266346,,,,,,,,,11.6332,,
WT2X6.5,WT,1,WT50X9.65,9.673065633,52.832,103.124,7.112,8.763,,15.113,,,,,,,,1232.2556,218937.7298656,803326.651408,5260.247544,15567.7108,10094.431424,23925.11344,31217.35692,6256885.690384235,,,,,,,,,11.176,,
MT6.25X6.2,MT,1,MT159X9.25,9.22661645,159.258,95.25,3.937,5.7912,,14.3002,,,,,,,,1174.1912,3034327.092623999,416231.4256,26383.17304,8783.466304,47850.22688,13748.746696,10239.29306976,7626418.609738724,,,,,,,,,44.196,,
MT6.25X5.8,MT,1,MT159X8.65,8.631350873,158.75,88.9,3.937,5.3594,,14.3002,,,,,,,,1096.772,2888646.093663999,314670.9577536,25727.69048,7079.211648,46867.00304,11208.751776,8574.36736736,7196761.223274571,,,,,,,,,46.736,,
MT6X5.9,MT,1,MT155X8.8,8.780167267,152.4,77.978,4.4958,5.715,,14.3002,,,,,,,,1122.5784,2751289.723216,226013.6641008,26383.17304,5801.020656,47358.61496,9422.5618,10364.16249744,9049658.702401232,,,,,,,,,48.006,,
MT6X5.4,MT,1,MT155X8.05,8.036085295,152.146,77.978,4.064,5.334,,14.3002,,,,,,,,1025.8044,2509875.496367999,210613.1013536,23925.11344,5407.73112,43097.97832,8717.918048,8158.13594176,6713396.663502399,,,,,,,,,47.244,,
MT6X5,MT,1,MT155X7.45,7.440819718,152.146,82.55,3.7846,4.572,,12.7,,,,,,,,954.8368,2339220.611872,215191.6470352,22286.40704,5211.086352,40148.3068,8341.015576,6035.3556712,5424424.504109938,,,,,,,,,47.244,,
MT5X4.5,MT,1,MT125X6.7,6.696737746,127,68.326,3.9878,5.2324,,14.3002,,,,,,,,858.0628,1444323.046832,139853.7590016,16387.064,4096.766,29660.58584,6603.986792,6493.21023936,3705794.958253324,,,,,,,,,39.116,,
MT5X4,MT,1,MT125X5.95,5.952655774,126.492,68.326,3.5814,4.6228,,14.3002,,,,,,,,767.7404,1281992.790848,123204.5019776,14650.035216,3605.15408,26383.17304,5801.020656,4661.79196672,2655819.720081549,,,,,,,,,38.608,,
MT5X3.75,MT,1,MT125X5.6,5.580614788,127,68.326,3.302,4.3942,,11.1252,,,,,,,,716.1276,1211233.448496,116961.0305936,13699.585504,3424.896376,24744.46664,5473.279376,3879.276886592,2126804.06299756,,,,,,,,,38.354,,
MT4X3.25,MT,1,MT100X4.85,4.836532817,101.6,57.912,3.429,4.8006,,14.3002,,,,,,,,618.70844,653483.338192,78251.5080128,9143.981712,2703.86556,16550.93464,4326.184896,3816.842172752,1243321.062080644,,,,,,,,,29.972,,
MT4X3.1,MT,1,MT100X4.6,4.613308225,101.6,57.912,3.2766,4.4958,,11.1252,,,,,,,,587.74076,624347.1384,73256.7309056,8734.305112,2523.607856,15846.290888,4047.604808,3238.280491168,1082199.542156586,,,,,,,,,29.972,,
MT3X2.2,MT,1,MT75X3.3,3.273960676,76.2,46.736,2.8956,4.3434,,9.525,,,,,,,,417.41852,240997.9954224,37335.95887632,4391.733152,1594.4613272,7914.951912,2539.99492,2056.183242464,332984.474509719,,,,,,,,,21.3614,,
MT3X1.85,MT,1,MT75X2.75,2.753103296,75.184,50.8,2.4892,3.2766,,7.9502,,,,,,,,351.6122,201039.7785648,35920.77202928,3703.476464,1414.2036232,6702.309176,2228.640704,1103.01327784,202476.043371232,,,,,,,,,21.0058,,
MT2.5X9.45,MT,1,MT65X14.05,14.063149267,63.5,127,8.0264,10.5664,,20.6502,,,,,,,,1793.5448,437042.99688,1810606.701359999,8652.369792,28513.49136,16878.67592,43589.59024,64932.1023936,19656825.43073502,,,,,,,,,13.0048,,
MT2X3,MT,1,MT50X4.45,4.464491831,48.26,96.52,3.302,4.064,,12.7,,,,,,,,564.515,86576.1365248,304681.4035392,2179.479512,6309.01964,3949.282424,9635.593632,3825.166801264,518274.222422385,,,,,,,,,8.6614,,
ST12X60.5,ST,1,ST305X90,90.033918586,312.42,204.47,20.32,27.686,,50.8,,,,,,,,11483.848,107803939.23039998,17273604.162399996,493250.6264,168786.7592,893094.988,296605.8584,2655556.495327999,7384736329.852638,,,,,,,,,92.202,,
ST12X53,ST,1,ST305X79,78.872689009,312.42,199.898,15.748,27.686,,50.8,,,,,,,,10064.496,89905987.92959999,15983286.743039995,394928.2424,159937.74464,709559.8712,273663.9688,2101968.699279999,4028037998.101439,,,,,,,,,83.312,,
ST12X50,ST,1,ST305X74.5,74.408197178,304.8,184.15,18.923,22.098,,44.45,,,,,,,,9483.852,89489756.50399998,9864684.786719996,430979.7832,107335.2692,778385.54,196644.768,1565030.160256,5236449397.531871,,,,,,,,,97.536,,
ST12X45,ST,1,ST305X67,66.967377461,304.8,181.102,15.875,22.098,,44.45,,,,,,,,8516.112,79083970.86399998,9281960.790879998,370347.6464,102746.89128,673508.3304,183535.1168,1252856.591056,3249283985.1351604,,,,,,,,,91.44,,
ST12X40,ST,1,ST305X59.5,59.526557743,304.8,177.8,12.7,22.098,,44.45,,,,,,,,7548.372,67429490.94719999,8740859.937599998,304799.3904,98322.384,550605.3504,170425.4656,1015604.678464,1863638913.788266,,,,,,,,,83.82,,
ST10X48,ST,1,ST255X71.5,71.431869291,259.08,182.88,20.32,23.368,,44.45,,,,,,,,9096.756,59521093.86079998,10405785.639999997,332657.3992,113562.35352,604682.6616,204838.3,1731522.730496,4028037998.101439,,,,,,,,,79.502,,
ST10X43,ST,1,ST255X64,63.991049573,259.08,179.324,16.764,23.368,,44.45,,,,,,,,8193.532,51612696.77439999,9698192.216479998,281857.5008,107990.75176,509637.6904,190089.9424,1373563.70448,2462473896.1726794,,,,,,,,,73.914,,
ST10X37.5,ST,1,ST255X56,55.806147884,254,162.306,16.129,20.193,,41.402,,,,,,,,7096.76,45369225.39039999,6160225.098879999,258915.6112,75708.23568,468670.0304,136995.85504,949007.650368,1936143597.7540915,,,,,,,,,77.978,,
ST10X33,ST,1,ST255X49.1,49.109410138,254,159.004,12.827,20.193,,41.402,,,,,,,,6258.052,38667899.43823999,5702370.530719998,211393.1256,71939.21096,383457.2976,126180.3928,740891.937568,1079514183.4911854,,,,,,,,,71.374,,
ST9X35,ST,1,ST230X52,52.085738025,228.6,158.75,18.0594,17.5514,,38.1,,,,,,,,6645.148,35171555.46319999,4994777.107199999,229418.896,62926.32576,411315.3064,117495.24888,840787.479712,1887807141.7768743,,,,,,,,,74.676,,
ST9X27.35,ST,1,ST230X40.7,40.701283857,228.6,152.4,11.7094,17.5514,,38.1,,,,,,,,5174.1832,25931217.81487999,4328806.826239999,157315.8144,56535.3708,283496.2072,99305.60784,482828.453696,606891058.3806168,,,,,,,,,63.754,,
ST7.5X25,ST,1,ST190X37,37.204098589,190.5,143.256,13.97,15.7988,,35.052,,,,,,,,4735.4744,16857372.736799996,3242442.805423999,126508.13408,45228.29664,229418.896,81771.44936,437042.99688,542442450.4109938,,,,,,,,,57.15,,
ST7.5X21.45,ST,1,ST190X32,31.92111659,190.5,139.7,10.4394,15.7988,,35.052,,,,,,,,4064.508,13694013.902239997,2967730.064527999,98158.51336,42442.49576,176980.2912,74397.27056,318417.040584,267193187.20739543,,,,,,,,,51.054,,
ST6X25,ST,1,ST155X37,37.204098589,152.4,139.192,17.4498,16.7386,,36.576,,,,,,,,4729.0228,10447408.782559998,3242442.805423999,98977.86656,46539.26176,180257.704,84557.25024,566074.738816,529015657.08398896,,,,,,,,,46.736,,
ST6X20.4,ST,1,ST155X30.35,30.358544449,152.4,133.35,11.7348,16.7386,,36.576,,,,,,,,3845.1536,7866773.943839998,2805399.808543999,69972.76328,42114.75448,126344.26344,72594.69352,350466.8603552,211337726.9670555,,,,,,,,,40.132,,
ST6X17.5,ST,1,ST155X26,26.042869012,152.4,129.032,10.8712,13.8176,,30.226,,,,,,,,3303.2192,7159180.520319998,2047858.613951999,64728.9028,31790.90416,116675.89568,55716.0176,218105.2670144,149305941.79629335,,,,,,,,,41.91,,
ST6X15.9,ST,1,ST155X23.65,23.661806703,152.4,127,8.89,13.8176,,30.226,,,,,,,,2999.994,6160225.098879999,1939638.443296,54077.3112,30643.80968,97339.16016,52766.34608,182309.3644128,97747055.42059492,,,,,,,,,38.354,,
ST5X17.5,ST,1,ST125X26,26.042869012,127,125.476,15.0876,12.4714,,28.702,,,,,,,,3316.1224,5202892.819999998,1727360.41624,59321.17168,27530.26752,107826.88112,50799.8984,263474.4924048,194688503.24156955,,,,,,,,,39.624,,
ST5X12.7,ST,1,ST125X18.9,18.899682083,127,118.364,7.8994,12.4714,,28.702,,,,,,,,2399.9952,3242442.805423999,1398537.590016,33593.4812,23597.37216,60632.1368,40803.78936,124869.42768,46456704.911436595,,,,,,,,,30.48,,
ST4X11.5,ST,1,ST100X17,17.113885351,101.6,105.918,11.2014,10.795,,25.4,,,,,,,,2180.6408,2081157.128,886572.936528,28841.23264,16714.80528,52274.73416,30152.19776,112798.7163376,45114025.57873612,,,,,,,,,29.21,,
ST4X9.2,ST,1,ST100X13.7,13.691108281,101.6,101.6,6.8834,10.795,,25.4,,,,,,,,1741.932,1452647.675344,765865.823104,18681.25296,15108.873008,33921.22248,26055.43176,69510.6480752,17240002.631874155,,,,,,,,,23.9268,,
ST3X8.6,ST,1,ST75X12.85,12.798209915,76.2,90.678,11.811,9.1186,,20.6502,,,,,,,,1632.2548,882410.622272,474503.825184,16714.80528,10520.495088,30316.0684,19172.86488,75337.8880336,20730968.896895405,,,,,,,,,23.241,,
ST3X6.25,ST,1,ST75X9.3,9.301024647,76.2,84.582,5.8928,9.1186,,20.6502,,,,,,,,1180.6428,524451.596256,375024.5144656,8963.724008,8865.401624,16550.93464,15239.96952,34547.2083248,5290156.570839889,,,,,,,,,17.5768,,
ST2.5X5,ST,1,ST65X7.5,7.440819718,63.5,76.2,5.4356,8.2804,,19.05,,,,,,,,941.9336,279291.2865776,248490.1610832,5702.698272,6522.051472,10651.5916,11241.525904,23641.94497408,2685358.665400959,,,,,,,,,14.478,,
ST2X4.75,ST,1,ST50X7.05,7.068778732,50.8,71.12,8.2804,7.4422,,19.05,,,,,,,,903.224,192298.9186272,184806.7529664,5227.473416,5194.699288,9701.141888,9258.69116,24557.6541104,2671931.872073954,,,,,,,,,14.0462,,
ST2X3.85,ST,1,ST50X5.75,5.729431183,50.8,67.564,4.9022,7.4422,,19.05,,,,,,,,729.0308,127783.0476592,155670.5531744,3244.638672,4604.764984,6243.471384,7947.72604,15150.82389184,1227208.910088239,,,,,,,,,11.3792,,
ST1.5X3.75,ST,1,ST37.5X5.6,5.580614788,38.1,63.754,8.8646,6.604,,15.875,,,,,,,,709.676,83246.28512,120290.8819984,3064.380968,3769.02472,5751.859464,6735.083304,17981.19758592,1331937.898038876,,,,,,,,,10.9728,,
ST1.5X2.85,ST,1,ST37.5X4.25,4.241267239,38.1,59.182,4.318,6.604,,15.875,,,,,,,,535.4828,47450.3825184,92819.6079088,1589.545208,3146.316288,3211.864544,5374.956992,8990.59879296,507532.787760781,,,,,,,,,8.3566,,
2L12X12X1-3/8,2L,1,2L305X305X34.9,312.51442815,,,,,34.925,,,,304.8,304.8,0,0,,40128.952,343807157.54559994,661807966.7039999,1592822.6208,2179479.512,2884123.264,3572379.952,,,,,,,,,,,88.9,,173.736
2L12X12X1-3/8X3/4,2L,1,2L305X305X34.9X19,312.51442815,,,,,34.925,,,,304.8,304.8,19.05,0,,40128.952,343807157.54559994,732567309.0559999,1592822.6208,2326963.088,2884123.264,3949282.424,,,,,,,,,,,88.9,,178.562
2L12X12X1-3/8X1-1/2,2L,1,2L305X305X34.9X38,312.51442815,,,,,34.925,,,,304.8,304.8,38.1,0,,40128.952,343807157.54559994,811651279.9199998,1592822.6208,2507220.792,2884123.264,4326184.896,,,,,,,,,,,88.9,,184.15
2L12X12X1-1/4,2L,1,2L305X305X31.8,287.215641109,,,,,31.75,,,,304.8,304.8,0,0,,36645.088,317168346.3071999,599373252.8639998,1461726.1088,1966447.68,2638317.304,3211864.544,,,,,,,,,,,87.63,,173.736
2L12X12X1-1/4X3/4,2L,1,2L305X305X31.8X19,287.215641109,,,,,31.75,,,,304.8,304.8,19.05,0,,36645.088,317168346.3071999,661807966.7039999,1461726.1088,2097544.192,2638317.304,3555992.888,,,,,,,,,,,87.63,,178.562
2L12X12X1-1/4X1-1/2,2L,1,2L305X305X31.8X38,287.215641109,,,,,31.75,,,,304.8,304.8,38.1,0,,36645.088,317168346.3071999,732567309.0559999,1461726.1088,2261414.832,2638317.304,3916508.296,,,,,,,,,,,87.63,,183.896
2L12X12X1-1/8,2L,1,2L305X305X28.6,258.940526181,,,,,28.575,,,,304.8,304.8,0,0,,33290.256,291361997.91999996,541100853.2799999,1333907.0096,1769802.912,2408898.408,2884123.264,,,,,,,,,,,86.614,,173.99
2L12X12X1-1/8X3/4,2L,1,2L305X305X28.6X19,258.940526181,,,,,28.575,,,,304.8,304.8,19.05,0,,33290.256,291361997.91999996,599373252.8639998,1333907.0096,1900899.424,2408898.408,3195477.48,,,,,,,,,,,86.614,,178.816
2L12X12X1-1/8X1-1/2,2L,1,2L305X305X28.6X38,258.940526181,,,,,28.575,,,,304.8,304.8,38.1,0,,33290.256,291361997.91999996,661807966.7039999,1333907.0096,2048383,2408898.408,3523218.76,,,,,,,,,,,86.614,,183.896
2L12X12X1,2L,1,2L305X305X25.4,232.153575197,,,,,25.4,,,,304.8,304.8,0,0,,29677.36,262225798.12799993,478666139.4399999,1196255.672,1569880.7312,2163092.448,2539994.92,,,,,,,,,,,85.344,,173.99
2L12X12X1X3/4,2L,1,2L305X305X25.4X19,232.153575197,,,,,25.4,,,,304.8,304.8,19.05,0,,29677.36,262225798.12799993,528613910.51199985,1196255.672,1687867.592,2163092.448,2818575.008,,,,,,,,,,,85.344,,178.562
2L12X12X1X1-1/2,2L,1,2L305X305X25.4X38,232.153575197,,,,,25.4,,,,304.8,304.8,38.1,0,,29677.36,262225798.12799993,586886310.0959998,1196255.672,1818964.104,2163092.448,3097155.096,,,,,,,,,,,85.344,,184.15
2L10X10X1-3/8,2L,1,2L254X254X34.9,258.940526181,,,,,34.925,,,,254,254,0,0,,33032.192,192298918.62719995,384181605.8287999,1081546.224,1512526.0072,1966447.68,2523607.856,,,,,,,,,,,76.2,,144.526
2L10X10X1-3/8X3/4,2L,1,2L254X254X34.9X19,258.940526181,,,,,34.925,,,,254,254,19.05,0,,33032.192,192298918.62719995,437042996.8799999,1081546.224,1655093.464,1966447.68,2834962.072,,,,,,,,,,,76.2,,149.86
2L10X10X1-3/8X1-1/2,2L,1,2L254X254X34.9X38,258.940526181,,,,,34.925,,,,254,254,38.1,0,,33032.192,192298918.62719995,491153082.2079999,1081546.224,1802577.04,1966447.68,3146316.288,,,,,,,,,,,76.2,,155.448
2L10X10X1-1/4,2L,1,2L254X254X31.8,238.106230971,,,,,31.75,,,,254,254,0,0,,30193.488,177314587.30559996,346720777.52479994,989778.6656,1365042.4312,1802577.04,2261414.832,,,,,,,,,,,74.93,,144.272
2L10X10X1-1/4X3/4,2L,1,2L254X254X31.8X19,238.106230971,,,,,31.75,,,,254,254,19.05,0,,30193.488,177314587.30559996,392506234.3407999,989778.6656,1489584.1176,1802577.04,2556381.984,,,,,,,,,,,74.93,,149.606
2L10X10X1-1/4X1-1/2,2L,1,2L254X254X31.8X38,238.106230971,,,,,31.75,,,,254,254,38.1,0,,30193.488,177314587.30559996,445367625.3919999,989778.6656,1630512.868,1802577.04,2834962.072,,,,,,,,,,,74.93,,155.194
2L10X10X1-1/8,2L,1,2L254X254X28.6,215.783771818,,,,,28.575,,,,254,254,0,0,,27483.816,163162718.83519995,312173569.1999999,904565.9328,1229029.8,1638706.4,2031995.936,,,,,,,,,,,73.66,,144.272
2L10X10X1-1/8X3/4,2L,1,2L254X254X28.6X19,215.783771818,,,,,28.575,,,,254,254,19.05,0,,27483.816,163162718.83519995,353380480.33439994,904565.9328,1340461.8352,1638706.4,2294188.96,,,,,,,,,,,73.66,,149.352
2L10X10X1-1/8X1-1/2,2L,1,2L254X254X28.6X38,215.783771818,,,,,28.575,,,,254,254,38.1,0,,27483.816,163162718.83519995,399582168.5759999,904565.9328,1463364.8152,1638706.4,2539994.92,,,,,,,,,,,73.66,,154.94
2L10X10X1,2L,1,2L254X254X25.4,191.97314872,,,,,25.4,,,,254,254,0,0,,24516.08,147345924.66239998,276793898.0239999,812798.3744,1089739.756,1474835.76,1786189.976,,,,,,,,,,,72.644,,144.526
2L10X10X1X3/4,2L,1,2L254X254X25.4X19,191.97314872,,,,,25.4,,,,254,254,19.05,0,,24516.08,147345924.66239998,313006032.0511999,812798.3744,1188062.14,1474835.76,2015608.872,,,,,,,,,,,72.644,,149.606
2L10X10X1X1-1/2,2L,1,2L254X254X25.4X38,191.97314872,,,,,25.4,,,,254,254,38.1,0,,24516.08,147345924.66239998,353380480.33439994,812798.3744,1294578.056,1474835.76,2245027.768,,,,,,,,,,,72.644,,154.94
2L10X10X7/8,2L,1,2L254X254X22.2,169.650689567,,,,,22.225,,,,254,254,0,0,,21677.376,131529130.48959997,240997995.42239994,717753.4032,948811.0056,1307687.7072,1542022.7224,,,,,,,,,,,71.12,,144.272
2L10X10X7/8X3/4,2L,1,2L254X254X22.2X19,169.650689567,,,,,22.225,,,,254,254,19.05,0,,21677.376,131529130.48959997,272631583.76799995,717753.4032,1034023.7384,1307687.7072,1753415.848,,,,,,,,,,,71.12,,149.098
2L10X10X7/8X1-1/2,2L,1,2L254X254X22.2X38,169.650689567,,,,,22.225,,,,254,254,38.1,0,,21677.376,131529130.48959997,307595023.51839995,717753.4032,1125791.2968,1307687.7072,1950060.616,,,,,,,,,,,71.12,,154.432
2L10X10X3/4,2L,1,2L254X254X19,146.137699259,,,,,19.05,,,,254,254,0,0,,18709.64,115712336.31679997,207699481.37439996,629263.2576,817714.4936,1133984.8288,1310965.12,,,,,,,,,,,70.104,,144.78
2L10X10X3/4X3/4,2L,1,2L254X254X19X19,146.137699259,,,,,19.05,,,,254,254,19.05,0,,18709.64,115712336.31679997,234338292.61279994,629263.2576,889817.5752,1133984.8288,1489584.1176,,,,,,,,,,,70.104,,149.606
2L10X10X3/4X1-1/2,2L,1,2L254X254X19X38,146.137699259,,,,,19.05,,,,254,254,38.1,0,,18709.64,115712336.31679997,264306955.25599992,629263.2576,968475.4824,1133984.8288,1671480.528,,,,,,,,,,,70.104,,154.94
2L8X8X1-1/8,2L,1,2L203X203X28.6,169.650689567,,,,,28.575,,,,203.2,203.2,0,0,,21677.376,81581359.41759998,162746487.40959996,573547.24,801327.4296,1035662.4448,1320797.3584,,,,,,,,,,,60.96,,115.824
2L8X8X1-1/8X3/8,2L,1,2L203X203X28.6X9,169.650689567,,,,,28.575,,,,203.2,203.2,9.525,0,,21677.376,81581359.41759998,175233430.17759997,573547.24,842295.0896,1035662.4448,1424035.8616,,,,,,,,,,,60.96,,118.364
2L8X8X1-1/8X3/4,2L,1,2L203X203X28.6X19,169.650689567,,,,,28.575,,,,203.2,203.2,19.05,0,,21677.376,81581359.41759998,189385298.64799994,573547.24,889817.5752,1035662.4448,1527274.3648,,,,,,,,,,,60.96,,121.158
2L8X8X1,2L,1,2L203X203X25.4,151.792722244,,,,,25.4,,,,203.2,203.2,0,0,,19483.832,74089193.75679998,144432304.68319997,517831.2224,711198.5776,934062.648,1168397.6632,,,,,,,,,,,59.944,,115.824
2L8X8X1X3/8,2L,1,2L203X203X25.4X9,151.792722244,,,,,25.4,,,,203.2,203.2,9.525,0,,19483.832,74089193.75679998,155670553.17439997,517831.2224,748888.8248,934062.648,1260165.2216,,,,,,,,,,,59.944,,118.364
2L8X8X1X3/4,2L,1,2L203X203X25.4X19,151.792722244,,,,,25.4,,,,203.2,203.2,19.05,0,,19483.832,74089193.75679998,168573727.36799997,517831.2224,793133.8976,934062.648,1353571.4864,,,,,,,,,,,59.944,,121.158
2L8X8X7/8,2L,1,2L203X203X22.2,133.934754921,,,,,22.225,,,,203.2,203.2,0,0,,17161.256,66180796.670399986,124869427.67999998,458837.792,614514.9,829185.4384,1006165.7296,,,,,,,,,,,58.674,,115.824
2L8X8X7/8X3/8,2L,1,2L203X203X22.2X9,133.934754921,,,,,22.225,,,,203.2,203.2,9.525,0,,17161.256,66180796.670399986,135691444.74559996,458837.792,652205.1472,829185.4384,1088101.0496,,,,,,,,,,,58.674,,118.364
2L8X8X7/8X3/4,2L,1,2L203X203X22.2X19,133.934754921,,,,,22.225,,,,203.2,203.2,19.05,0,,17161.256,66180796.670399986,146097230.38559997,458837.792,686617.9816,829185.4384,1170036.3696,,,,,,,,,,,58.674,,120.904
2L8X8X3/4,2L,1,2L203X203X19,115.77915481,,,,,19.05,,,,203.2,203.2,0,0,,14838.68,58272399.583999984,106971476.37919998,399844.3616,526024.7544,721030.816,852127.328,,,,,,,,,,,57.404,,115.824
2L8X8X3/4X3/8,2L,1,2L203X203X19X9,115.77915481,,,,,19.05,,,,203.2,203.2,9.525,0,,14838.68,58272399.583999984,115296104.89119998,399844.3616,553882.7632,721030.816,922591.7032,,,,,,,,,,,57.404,,118.364
2L8X8X3/4X3/4,2L,1,2L203X203X19X19,115.77915481,,,,,19.05,,,,203.2,203.2,19.05,0,,14838.68,58272399.583999984,124869427.67999998,399844.3616,586656.8912,721030.816,993056.0784,,,,,,,,,,,57.404,,120.904
2L8X8X5/8,2L,1,2L203X203X15.9,97.325921909,,,,,15.875,,,,203.2,203.2,0,0,,12516.104,49531539.64639999,89073525.07839999,337573.5184,439173.3152,609598.7808,701366.3392,,,,,,,,,,,56.134,,115.824
2L8X8X5/8X3/8,2L,1,2L203X203X15.9X9,97.325921909,,,,,15.875,,,,203.2,203.2,9.525,0,,12516.104,49531539.64639999,96149459.31359997,337573.5184,462115.2048,609598.7808,761998.476,,,,,,,,,,,56.134,,118.364
2L8X8X5/8X3/4,2L,1,2L203X203X15.9X19,97.325921909,,,,,15.875,,,,203.2,203.2,19.05,0,,12516.104,49531539.64639999,103641624.97439997,337573.5184,486695.8008,609598.7808,820991.9064,,,,,,,,,,,56.134,,120.904
2L8X8X9/16,2L,1,2L203X203X14.3,88.099305459,,,,,14.2875,,,,203.2,203.2,0,0,,11290.3,44952993.96479999,79916433.71519998,306438.0968,393289.536,550605.3504,629263.2576,,,,,,,,,,,55.626,,115.824
2L8X8X9/16X3/8,2L,1,2L203X203X14.3X9,88.099305459,,,,,14.2875,,,,203.2,203.2,9.525,0,,11290.3,44952993.96479999,86159905.09919998,306438.0968,414592.7192,550605.3504,683340.5688,,,,,,,,,,,55.626,,118.11
2L8X8X9/16X3/4,2L,1,2L203X203X14.3X19,88.099305459,,,,,14.2875,,,,203.2,203.2,19.05,0,,11290.3,44952993.96479999,92819607.90879998,306438.0968,435895.9024,550605.3504,737417.88,,,,,,,,,,,55.626,,120.65
2L8X8X1/2,2L,1,2L203X203X12.7,78.57505622,,,,,12.7,,,,203.2,203.2,0,0,,10129.012,40624187.13855999,71175573.77759999,273663.9688,350683.1696,494889.3328,557160.176,,,,,,,,,,,55.118,,115.824
2L8X8X1/2X3/8,2L,1,2L203X203X12.7X9,78.57505622,,,,,12.7,,,,203.2,203.2,9.525,0,,10129.012,40624187.13855999,77002813.73599999,273663.9688,370347.6464,494889.3328,606321.368,,,,,,,,,,,55.118,,118.11
2L8X8X1/2X3/4,2L,1,2L203X203X12.7X19,78.57505622,,,,,12.7,,,,203.2,203.2,19.05,0,,10129.012,40624187.13855999,82830053.69439998,273663.9688,390012.1232,494889.3328,653843.8536,,,,,,,,,,,55.118,,120.65
2L6X6X1,2L,1,2L152X152X25.4,111.314662979,,,,,25.4,,,,152.4,152.4,0,0,,14193.52,29469184.932479993,60769788.13759998,280218.7944,398205.6552,504721.5712,670230.9176,,,,,,,,,,,47.244,,86.868
2L6X6X1X3/8,2L,1,2L152X152X25.4X9,111.314662979,,,,,25.4,,,,152.4,152.4,9.525,0,,14193.52,29469184.932479993,67845722.37279998,280218.7944,430979.7832,504721.5712,737417.88,,,,,,,,,,,47.244,,89.662
2L6X6X1X3/4,2L,1,2L152X152X25.4X19,111.314662979,,,,,25.4,,,,152.4,152.4,19.05,0,,14193.52,29469184.932479993,74921656.60799998,280218.7944,462115.2048,504721.5712,806243.5488,,,,,,,,,,,47.244,,92.456
2L6X6X7/8,2L,1,2L152X152X22.2,98.516453064,,,,,22.225,,,,152.4,152.4,0,0,,12580.62,26555564.95327999,53277622.47679999,249083.3728,349044.4632,449005.5536,578463.3592,,,,,,,,,,,45.974,,86.868
2L6X6X7/8X3/8,2L,1,2L152X152X22.2X9,98.516453064,,,,,22.225,,,,152.4,152.4,9.525,0,,12580.62,26555564.95327999,59104862.43519998,249083.3728,375263.7656,449005.5536,639095.496,,,,,,,,,,,45.974,,89.662
2L6X6X7/8X3/4,2L,1,2L152X152X22.2X19,98.516453064,,,,,22.225,,,,152.4,152.4,19.05,0,,12580.62,26555564.95327999,65348333.81919999,249083.3728,403121.7744,449005.5536,698088.9264,,,,,,,,,,,45.974,,92.202
2L6X6X3/4,2L,1,2L152X152X19,85.420610361,,,,,19.05,,,,152.4,152.4,0,0,,10903.204,23392206.118719995,45369225.39039999,217947.9512,298244.5648,390012.1232,489973.2136,,,,,,,,,,,44.958,,86.868
2L6X6X3/4X3/8,2L,1,2L152X152X19X9,85.420610361,,,,,19.05,,,,152.4,152.4,9.525,0,,10903.204,23392206.118719995,49947771.07199999,217947.9512,317909.0416,390012.1232,542411.8184,,,,,,,,,,,44.958,,89.408
2L6X6X3/4X3/4,2L,1,2L152X152X19X19,85.420610361,,,,,19.05,,,,152.4,152.4,19.05,0,,10903.204,23392206.118719995,55358779.604799986,217947.9512,342489.6376,390012.1232,594850.4232,,,,,,,,,,,44.958,,92.202
2L6X6X5/8,2L,1,2L152X152X15.9,72.027134869,,,,,15.875,,,,152.4,152.4,0,0,,9225.788,20062354.713919997,37793813.44447999,185173.8232,247444.6664,331018.6928,401483.068,,,,,,,,,,,43.688,,86.868
2L6X6X5/8X3/8,2L,1,2L152X152X15.9X9,72.027134869,,,,,15.875,,,,152.4,152.4,9.525,0,,9225.788,20062354.713919997,41623142.55999999,185173.8232,265470.4368,331018.6928,445728.1408,,,,,,,,,,,43.688,,89.408
2L6X6X5/8X3/4,2L,1,2L152X152X15.9X19,72.027134869,,,,,15.875,,,,152.4,152.4,19.05,0,,9225.788,20062354.713919997,46201688.24159999,185173.8232,285134.9136,331018.6928,489973.2136,,,,,,,,,,,43.688,,91.948
2L6X6X9/16,2L,1,2L152X152X14.3,65.181580728,,,,,14.2875,,,,152.4,152.4,0,0,,8322.564,18314182.726399995,33839614.90127999,167148.0528,222864.0704,301521.9776,358876.7016,,,,,,,,,,,43.18,,86.868
2L6X6X9/16X3/8,2L,1,2L152X152X14.3X9,65.181580728,,,,,14.2875,,,,152.4,152.4,9.525,0,,8322.564,18314182.726399995,37419205.16143999,167148.0528,237612.428,301521.9776,398205.6552,,,,,,,,,,,43.18,,89.408
2L6X6X9/16X3/4,2L,1,2L152X152X14.3X19,65.181580728,,,,,14.2875,,,,152.4,152.4,19.05,0,,8322.564,18314182.726399995,41498273.132319994,167148.0528,255638.1984,301521.9776,439173.3152,,,,,,,,,,,43.18,,91.948
2L6X6X1/2,2L,1,2L152X152X12.7,58.336026588,,,,,12.7,,,,152.4,152.4,0,0,,7419.34,16566010.738879995,29927039.500639994,150433.24752,196644.768,268747.8496,316270.3352,,,,,,,,,,,42.418,,86.868
2L6X6X1/2X3/8,2L,1,2L152X152X12.7X9,58.336026588,,,,,12.7,,,,152.4,152.4,9.525,0,,7419.34,16566010.738879995,33090398.335199993,150433.24752,209754.4192,268747.8496,350683.1696,,,,,,,,,,,42.418,,89.408
2L6X6X1/2X3/4,2L,1,2L152X152X12.7X19,58.336026588,,,,,12.7,,,,152.4,152.4,19.05,0,,7419.34,16566010.738879995,36461872.88255999,150433.24752,224502.7768,268747.8496,386734.7104,,,,,,,,,,,42.418,,91.948
2L6X6X7/16,2L,1,2L152X152X11.1,51.192839659,,,,,11.1125,,,,152.4,152.4,0,0,,6580.632,14651346.181119997,26305826.097919993,133062.95968,172064.172,237612.428,275302.6752,,,,,,,,,,,41.91,,86.868
2L6X6X7/16X3/8,2L,1,2L152X152X11.1X9,51.192839659,,,,,11.1125,,,,152.4,152.4,9.525,0,,6580.632,14651346.181119997,29136199.791999992,133062.95968,185173.8232,237612.428,306438.0968,,,,,,,,,,,41.91,,89.408
2L6X6X7/16X3/4,2L,1,2L152X152X11.1X19,51.192839659,,,,,11.1125,,,,152.4,152.4,19.05,0,,6580.632,14651346.181119997,32091442.91375999,133062.95968,198283.4744,237612.428,337573.5184,,,,,,,,,,,41.91,,91.948
2L6X6X3/8,2L,1,2L152X152X9.5,44.347285518,,,,,9.525,,,,152.4,152.4,0,0,,5651.6016,12819927.908479998,22434873.839839995,115037.18928,147155.83472,204838.3,232696.3088,,,,,,,,,,,41.148,,86.868
2L6X6X3/8X3/8,2L,1,2L152X152X9.5X9,44.347285518,,,,,9.525,,,,152.4,152.4,9.525,0,,5651.6016,12819927.908479998,24640900.395519994,115037.18928,156824.20248,204838.3,258915.6112,,,,,,,,,,,41.148,,89.154
2L6X6X3/8X3/4,2L,1,2L152X152X9.5X19,44.347285518,,,,,9.525,,,,152.4,152.4,19.05,0,,5651.6016,12819927.908479998,27388027.804479994,115037.18928,168786.7592,204838.3,286773.62,,,,,,,,,,,41.148,,91.694
2L6X6X5/16,2L,1,2L152X152X7.9,36.906465801,,,,,7.9375,,,,152.4,152.4,0,0,,4735.4744,10822017.065599997,18647167.866879996,96683.6776,122411.36808,172064.172,191728.6488,,,,,,,,,,,40.64,,86.868
2L6X6X5/16X3/8,2L,1,2L152X152X7.9X9,36.906465801,,,,,7.9375,,,,152.4,152.4,9.525,0,,4735.4744,10822017.065599997,20478586.139519997,96683.6776,130277.1588,172064.172,214670.5384,,,,,,,,,,,40.64,,89.154
2L6X6X5/16X3/4,2L,1,2L152X152X7.9X19,36.906465801,,,,,7.9375,,,,152.4,152.4,19.05,0,,4735.4744,10822017.065599997,22601366.410079993,96683.6776,139617.78528,172064.172,237612.428,,,,,,,,,,,40.64,,91.694
2L5X5X7/8,2L,1,2L127X127X22.2,80.95611853,,,,,22.225,,,,127,127,0,0,,10322.56,14817838.751359997,31050864.34975999,168786.7592,244167.2536,304799.3904,409676.6,,,,,,,,,,,39.624,,72.39
2L5X5X7/8X3/8,2L,1,2L127X127X22.2X9,80.95611853,,,,,22.225,,,,127,127,9.525,0,,10322.56,14817838.751359997,35213178.605759986,168786.7592,267109.1432,304799.3904,458837.792,,,,,,,,,,,39.624,,75.184
2L5X5X7/8X3/4,2L,1,2L127X127X22.2X19,80.95611853,,,,,22.225,,,,127,127,19.05,0,,10322.56,14817838.751359997,39666854.85967999,168786.7592,290051.0328,304799.3904,507998.984,,,,,,,,,,,39.624,,77.978
2L5X5X3/4,2L,1,2L127X127X19,70.241338136,,,,,19.05,,,,127,127,0,0,,9032.24,13069666.763839995,26430695.525599994,148139.05856,208115.7128,267109.1432,347405.7568,,,,,,,,,,,38.608,,72.39
2L5X5X3/4X3/8,2L,1,2L127X127X19X9,70.241338136,,,,,19.05,,,,127,127,9.525,0,,9032.24,13069666.763839995,30010285.78575999,148139.05856,227780.1896,267109.1432,390012.1232,,,,,,,,,,,38.608,,74.93
2L5X5X3/4X3/4,2L,1,2L127X127X19X19,70.241338136,,,,,19.05,,,,127,127,19.05,0,,9032.24,13069666.763839995,33839614.90127999,148139.05856,247444.6664,267109.1432,434257.196,,,,,,,,,,,38.608,,77.724
2L5X5X5/8,2L,1,2L127X127X15.9,59.526557743,,,,,15.875,,,,127,127,0,0,,7612.888,11321494.776319997,21852149.843999993,126180.3928,172064.172,227780.1896,283496.2072,,,,,,,,,,,37.338,,72.39
2L5X5X5/8X3/8,2L,1,2L127X127X15.9X9,59.526557743,,,,,15.875,,,,127,127,9.525,0,,7612.888,11321494.776319997,24849016.108319994,126180.3928,188451.236,227780.1896,321186.4544,,,,,,,,,,,37.338,,74.93
2L5X5X5/8X3/4,2L,1,2L127X127X15.9X19,59.526557743,,,,,15.875,,,,127,127,19.05,0,,7612.888,11321494.776319997,28053998.085439995,126180.3928,204838.3,227780.1896,357237.9952,,,,,,,,,,,37.338,,77.724
2L5X5X1/2,2L,1,2L127X127X12.7,48.216511772,,,,,12.7,,,,127,127,0,0,,6180.6328,9406830.218559999,17398473.590079993,103238.5032,136995.85504,185173.8232,222864.0704,,,,,,,,,,,36.068,,72.39
2L5X5X1/2X3/8,2L,1,2L127X127X12.7X9,48.216511772,,,,,12.7,,,,127,127,9.525,0,,6180.6328,9406830.218559999,19646123.288319997,103238.5032,149122.2824,185173.8232,252360.7856,,,,,,,,,,,36.068,,74.676
2L5X5X1/2X3/4,2L,1,2L127X127X12.7X19,48.216511772,,,,,12.7,,,,127,127,19.05,0,,6180.6328,9406830.218559999,22226758.127039995,103238.5032,162723.54552,185173.8232,281857.5008,,,,,,,,,,,36.068,,77.47
2L5X5X7/16,2L,1,2L127X127X11.1,42.561488786,,,,,11.1125,,,,127,127,0,0,,5445.1504,8324628.511999998,15192447.034399996,91112.07584,119625.5672,163870.64,193367.3552,,,,,,,,,,,35.56,,72.39
2L5X5X7/16X3/8,2L,1,2L127X127X11.1X9,42.561488786,,,,,11.1125,,,,127,127,9.525,0,,5445.1504,8324628.511999998,17148734.734719995,91112.07584,130113.28816,163870.64,219586.6576,,,,,,,,,,,35.56,,74.676
2L5X5X7/16X3/4,2L,1,2L127X127X11.1X19,42.561488786,,,,,11.1125,,,,127,127,19.05,0,,5445.1504,8324628.511999998,19396384.432959996,91112.07584,142075.84488,163870.64,245805.96,,,,,,,,,,,35.56,,77.47
2L5X5X3/8,2L,1,2L127X127X9.5,36.608833012,,,,,9.525,,,,127,127,0,0,,4709.668,7284049.947999998,13028043.621279998,78985.64848,102583.02064,141911.97424,163870.64,,,,,,,,,,,34.798,,72.136
2L5X5X3/8X3/8,2L,1,2L127X127X9.5X9,36.608833012,,,,,9.525,,,,127,127,9.525,0,,4709.668,7284049.947999998,14692969.323679995,78985.64848,111432.0352,141911.97424,186812.5296,,,,,,,,,,,34.798,,74.676
2L5X5X3/8X3/4,2L,1,2L127X127X9.5X19,36.608833012,,,,,9.525,,,,127,127,19.05,0,,4709.668,7284049.947999998,16649257.023999996,78985.64848,121919.75616,141911.97424,208115.7128,,,,,,,,,,,34.798,,77.216
2L5X5X5/16,2L,1,2L127X127X7.9,30.656177238,,,,,7.9375,,,,127,127,0,0,,3961.2824,6201848.241439999,10863640.208159998,66859.22112,85540.47408,119625.5672,135848.76056,,,,,,,,,,,34.29,,72.136
2L5X5X5/16X3/8,2L,1,2L127X127X7.9X9,30.656177238,,,,,7.9375,,,,127,127,9.525,0,,3961.2824,6201848.241439999,12237203.912639996,66859.22112,92914.65288,119625.5672,154693.88416,,,,,,,,,,,34.29,,74.676
2L5X5X5/16X3/4,2L,1,2L127X127X7.9X19,30.656177238,,,,,7.9375,,,,127,127,19.05,0,,3961.2824,6201848.241439999,13735637.044799997,66859.22112,100616.57296,119625.5672,173702.8784,,,,,,,,,,,34.29,,77.216
2L4X4X3/4,2L,1,2L102X102X19,55.062065912,,,,,19.05,,,,101.6,101.6,0,0,,7032.244,6326717.669119998,13569144.474559998,91439.81712,133554.5716,163870.64,226141.4832,,,,,,,,,,,32.258,,57.912
2L4X4X3/4X3/8,2L,1,2L102X102X19X9,55.062065912,,,,,19.05,,,,101.6,101.6,9.525,0,,7032.244,6326717.669119998,16024909.885599997,91439.81712,150597.11816,163870.64,260554.3176,,,,,,,,,,,32.258,,60.706
2L4X4X3/4X3/4,2L,1,2L102X102X19X19,55.062065912,,,,,19.05,,,,101.6,101.6,19.05,0,,7032.244,6326717.669119998,18688791.009439994,91439.81712,168786.7592,163870.64,293328.4456,,,,,,,,,,,32.258,,63.754
2L4X4X5/8,2L,1,2L102X102X15.9,46.728347828,,,,,15.875,,,,101.6,101.6,0,0,,5948.3752,5494254.817919998,11238248.491199998,78002.42464,110612.682,140273.26784,183535.1168,,,,,,,,,,,30.988,,57.912
2L4X4X5/8X3/8,2L,1,2L102X102X15.9X9,46.728347828,,,,,15.875,,,,101.6,101.6,9.525,0,,5948.3752,5494254.817919998,13152913.048959997,78002.42464,123722.3332,140273.26784,213031.832,,,,,,,,,,,30.988,,60.706
2L4X4X5/8X3/4,2L,1,2L102X102X15.9X19,46.728347828,,,,,15.875,,,,101.6,101.6,19.05,0,,5948.3752,5494254.817919998,15358939.604639996,78002.42464,138142.94952,140273.26784,240889.8408,,,,,,,,,,,30.988,,63.5
2L4X4X1/2,2L,1,2L102X102X12.7,38.096996955,,,,,12.7,,,,101.6,101.6,0,0,,4838.7,4578545.681599999,8907352.507839996,64237.29088,87670.7924,114709.448,145025.5164,,,,,,,,,,,29.972,,57.912
2L4X4X1/2X3/8,2L,1,2L102X102X12.7X9,38.096996955,,,,,12.7,,,,101.6,101.6,9.525,0,,4838.7,4578545.681599999,10447408.782559998,64237.29088,98158.51336,114709.448,168786.7592,,,,,,,,,,,29.972,,60.452
2L4X4X1/2X3/4,2L,1,2L102X102X12.7X19,38.096996955,,,,,12.7,,,,101.6,101.6,19.05,0,,4838.7,4578545.681599999,12112334.484959997,64237.29088,108973.9756,114709.448,191728.6488,,,,,,,,,,,29.972,,63.246
2L4X4X7/16,2L,1,2L102X102X11.1,33.632505125,,,,,11.1125,,,,101.6,101.6,0,0,,4258.056,4104041.856415999,7741904.516159999,56699.24144,76199.8476,101599.7968,124377.81576,,,,,,,,,,,29.21,,57.912
2L4X4X7/16X3/8,2L,1,2L102X102X11.1X9,33.632505125,,,,,11.1125,,,,101.6,101.6,9.525,0,,4258.056,4104041.856415999,8990598.79296,56699.24144,84557.25024,101599.7968,144697.77512,,,,,,,,,,,29.21,,60.452
2L4X4X7/16X3/4,2L,1,2L102X102X11.1X19,33.632505125,,,,,11.1125,,,,101.6,101.6,19.05,0,,4258.056,4104041.856415999,10572278.210239997,56699.24144,95208.84184,101599.7968,165509.3464,,,,,,,,,,,29.21,,63.246
2L4X4X3/8,2L,1,2L102X102X9.5,29.168013294,,,,,9.525,,,,101.6,101.6,0,0,,3690.3152,3596239.517184,6659702.809599998,49161.192,65548.256,88162.40432,105860.43344,,,,,,,,,,,28.702,,57.912
2L4X4X3/8X3/8,2L,1,2L102X102X9.5X9,29.168013294,,,,,9.525,,,,101.6,101.6,9.525,0,,3690.3152,3596239.517184,7700281.373599998,49161.192,72430.82288,88162.40432,123558.46256,,,,,,,,,,,28.702,,60.452
2L4X4X3/8X3/4,2L,1,2L102X102X9.5X19,29.168013294,,,,,9.525,,,,101.6,101.6,19.05,0,,3690.3152,3596239.517184,8948975.650399998,49161.192,80460.48424,88162.40432,141092.62104,,,,,,,,,,,28.702,,63.246
2L4X4X5/16,2L,1,2L102X102X7.9,24.405888675,,,,,7.9375,,,,101.6,101.6,0,0,,3096.768,3055138.663903999,5494254.817919998,41623.14256,54077.3112,74069.52928,87343.05112,,,,,,,,,,,28.194,,57.912
2L4X4X5/16X3/8,2L,1,2L102X102X7.9X9,24.405888675,,,,,7.9375,,,,101.6,101.6,9.525,0,,3096.768,3055138.663903999,6409963.954239999,41623.14256,60304.39552,74069.52928,102091.40872,,,,,,,,,,,28.194,,60.198
2L4X4X5/16X3/4,2L,1,2L102X102X7.9X19,24.405888675,,,,,7.9375,,,,101.6,101.6,19.05,0,,3096.768,3055138.663903999,7450542.518239997,41623.14256,67023.09176,74069.52928,116839.76632,,,,,,,,,,,28.194,,62.992
2L4X4X1/4,2L,1,2L102X102X6.4,19.643764055,,,,,6.35,,,,101.6,101.6,0,0,,2490.3176,2497388.553599999,4370429.968799999,33757.35184,42934.10768,59648.91296,68334.05688,,,,,,,,,,,27.432,,57.912
2L4X4X1/4X3/8,2L,1,2L102X102X6.4X9,19.643764055,,,,,6.35,,,,101.6,101.6,9.525,0,,2490.3176,2497388.553599999,5078023.392319999,33757.35184,47686.35624,59648.91296,80132.74296,,,,,,,,,,,27.432,,60.198
2L4X4X1/4X3/4,2L,1,2L102X102X6.4X19,19.643764055,,,,,6.35,,,,101.6,101.6,19.05,0,,2490.3176,2497388.553599999,5868863.100959999,33757.35184,52766.34608,59648.91296,92095.29968,,,,,,,,,,,27.432,,62.992
2L3-1/2X3-1/2X1/2,2L,1,2L89X89X12.7,33.037239547,,,,,12.7,,,,88.9,88.9,0,0,,4193.54,3021840.149855999,5993732.528639998,48505.70944,67350.83304,87179.18048,111759.77648,,,,,,,,,,,26.67,,50.546
2L3-1/2X3-1/2X1/2X3/8,2L,1,2L89X89X12.7X9,33.037239547,,,,,12.7,,,,88.9,88.9,9.525,0,,4193.54,3021840.149855999,7200803.662879999,48505.70944,76855.33016,87179.18048,131751.99456,,,,,,,,,,,26.67,,53.34
2L3-1/2X3-1/2X1/2X3/4,2L,1,2L89X89X12.7X19,33.037239547,,,,,12.7,,,,88.9,88.9,19.05,0,,4193.54,3021840.149855999,8491121.082239997,48505.70944,86195.95664,87179.18048,151744.21264,,,,,,,,,,,26.67,,56.134
2L3-1/2X3-1/2X7/16,2L,1,2L89X89X11.1,29.168013294,,,,,11.1125,,,,88.9,88.9,0,0,,3729.0248,2705504.266399999,5286139.105119999,43261.84896,59485.04232,77346.94208,97503.0308,,,,,,,,,,,26.162,,50.546
2L3-1/2X3-1/2X7/16X3/8,2L,1,2L89X89X11.1X9,29.168013294,,,,,11.1125,,,,88.9,88.9,9.525,0,,3729.0248,2705504.266399999,6243471.383999999,43261.84896,66695.35048,77346.94208,115364.93056,,,,,,,,,,,26.162,,53.086
2L3-1/2X3-1/2X7/16X3/4,2L,1,2L89X89X11.1X19,29.168013294,,,,,11.1125,,,,88.9,88.9,19.05,0,,3729.0248,2705504.266399999,7450542.518239997,43261.84896,75708.23568,77346.94208,133062.95968,,,,,,,,,,,26.162,,56.134
2L3-1/2X3-1/2X3/8,2L,1,2L89X89X9.5,25.298787041,,,,,9.525,,,,88.9,88.9,0,0,,3225.8,2380843.754431999,4495299.39648,37690.2472,50636.02776,67514.70368,81935.32,,,,,,,,,,,25.4,,50.546
2L3-1/2X3-1/2X3/8X3/8,2L,1,2L89X89X9.5X9,25.298787041,,,,,9.525,,,,88.9,88.9,9.525,0,,3225.8,2380843.754431999,5327762.247679999,37690.2472,56863.11208,67514.70368,97339.16016,,,,,,,,,,,25.4,,53.086
2L3-1/2X3-1/2X3/8X3/4,2L,1,2L89X89X9.5X19,25.298787041,,,,,9.525,,,,88.9,88.9,19.05,0,,3225.8,2380843.754431999,6285094.526559998,37690.2472,63909.5496,67514.70368,112743.00032,,,,,,,,,,,25.4,,55.88
2L3-1/2X3-1/2X5/16,2L,1,2L89X89X7.9,21.429560787,,,,,7.9375,,,,88.9,88.9,0,0,,2709.672,2031209.356928,3725271.259119999,31790.90416,41950.88384,57026.98272,67350.83304,,,,,,,,,,,24.8666,,50.546
2L3-1/2X3-1/2X5/16X3/8,2L,1,2L89X89X7.9X9,21.429560787,,,,,7.9375,,,,88.9,88.9,9.525,0,,2709.672,2031209.356928,4412053.111359999,31790.90416,47030.87368,57026.98272,80296.6136,,,,,,,,,,,24.8666,,53.086
2L3-1/2X3-1/2X5/16X3/4,2L,1,2L89X89X7.9X19,21.429560787,,,,,7.9375,,,,88.9,88.9,19.05,0,,2709.672,2031209.356928,5244515.962559999,31790.90416,53257.958,57026.98272,93242.39416,,,,,,,,,,,24.8666,,55.88
2L3-1/2X3-1/2X1/4,2L,1,2L89X89X6.4,17.262701745,,,,,6.35,,,,88.9,88.9,0,0,,2193.544,1664925.7024,2934431.550479999,25727.69048,32937.99864,46211.52048,53094.08736,,,,,,,,,,,24.2316,,50.546
2L3-1/2X3-1/2X1/4X3/8,2L,1,2L89X89X6.4X9,17.262701745,,,,,6.35,,,,88.9,88.9,9.525,0,,2193.544,1664925.7024,3488019.346527999,25727.69048,37198.63528,46211.52048,63581.80832,,,,,,,,,,,24.2316,,52.832
2L3-1/2X3-1/2X1/4X3/4,2L,1,2L89X89X6.4X19,17.262701745,,,,,6.35,,,,88.9,88.9,19.05,0,,2193.544,1664925.7024,4203937.398559999,25727.69048,42770.23704,46211.52048,74069.52928,,,,,,,,,,,24.2316,,55.626
2L3X3X1/2,2L,1,2L76X76X12.7,27.977482139,,,,,12.7,,,,76.2,76.2,0,0,,3561.2832,1831418.27264,3825166.801263999,34740.57568,50144.41584,62598.58448,84065.63832,,,,,,,,,,,23.5966,,43.434
2L3X3X1/2X3/8,2L,1,2L76X76X12.7X9,27.977482139,,,,,12.7,,,,76.2,76.2,9.525,0,,3561.2832,1831418.27264,4703415.10928,34740.57568,58174.0772,62598.58448,100944.31424,,,,,,,,,,,23.5966,,46.228
2L3X3X1/2X3/4,2L,1,2L76X76X12.7X19,27.977482139,,,,,12.7,,,,76.2,76.2,19.05,0,,3561.2832,1831418.27264,5743993.673279999,34740.57568,67023.09176,62598.58448,117986.8608,,,,,,,,,,,23.5966,,49.276
2L3X3X7/16,2L,1,2L76X76X11.1,24.703521463,,,,,11.1125,,,,76.2,76.2,0,0,,3135.4776,1648276.445376,3313202.147775999,30971.55096,43425.7196,55716.0176,72266.95224,,,,,,,,,,,23.0378,,43.434
2L3X3X7/16X3/8,2L,1,2L76X76X11.1X9,24.703521463,,,,,11.1125,,,,76.2,76.2,9.525,0,,3135.4776,1648276.445376,4079067.970879999,30971.55096,50308.28648,55716.0176,87179.18048,,,,,,,,,,,23.0378,,46.228
2L3X3X7/16X3/4,2L,1,2L76X76X11.1X19,24.703521463,,,,,11.1125,,,,76.2,76.2,19.05,0,,3135.4776,1648276.445376,4994777.107199999,30971.55096,58337.94784,55716.0176,102091.40872,,,,,,,,,,,23.0378,,49.276
2L3X3X3/8,2L,1,2L76X76X9.5,21.429560787,,,,,9.525,,,,76.2,76.2,0,0,,2722.5752,1456809.9896,2834536.008335999,27038.6556,37198.63528,48505.70944,61123.74872,,,,,,,,,,,22.4536,,43.434
2L3X3X3/8X3/8,2L,1,2L76X76X9.5X9,21.429560787,,,,,9.525,,,,76.2,76.2,9.525,0,,2722.5752,1456809.9896,3492181.660784,27038.6556,43097.97832,48505.70944,74069.52928,,,,,,,,,,,22.4536,,45.974
2L3X3X3/8X3/4,2L,1,2L76X76X9.5X19,21.429560787,,,,,9.525,,,,76.2,76.2,19.05,0,,2722.5752,1456809.9896,4203937.398559999,27038.6556,48997.32136,48505.70944,87015.30984,,,,,,,,,,,22.4536,,49.022
2L3X3X5/16,2L,1,2L76X76X7.9,18.155600112,,,,,7.9375,,,,76.2,76.2,0,0,,2296.7696,1248694.2768,2351707.55464,22941.8896,30807.68032,41295.40128,50144.41584,,,,,,,,,,,21.844,,43.434
2L3X3X5/16X3/8,2L,1,2L76X76X7.9X9,18.155600112,,,,,7.9375,,,,76.2,76.2,9.525,0,,2296.7696,1248694.2768,2863672.208127999,22941.8896,35396.05824,41295.40128,61123.74872,,,,,,,,,,,21.844,,45.974
2L3X3X5/16X3/4,2L,1,2L76X76X7.9X19,18.155600112,,,,,7.9375,,,,76.2,76.2,19.05,0,,2296.7696,1248694.2768,3512993.232063999,22941.8896,40967.66,41295.40128,72103.0816,,,,,,,,,,,21.844,,49.022
2L3X3X1/4,2L,1,2L76X76X6.4,14.584006647,,,,,6.35,,,,76.2,76.2,0,0,,1858.0608,1023929.306976,1873041.415199999,18681.25296,24580.596,33429.61056,39492.82424,,,,,,,,,,,21.2344,,43.434
2L3X3X1/4X3/8,2L,1,2L76X76X6.4X9,14.584006647,,,,,6.35,,,,76.2,76.2,9.525,0,,1858.0608,1023929.306976,2280948.212288,18681.25296,28185.75008,33429.61056,48341.8388,,,,,,,,,,,21.2344,,45.974
2L3X3X1/4X3/4,2L,1,2L76X76X6.4X19,14.584006647,,,,,6.35,,,,76.2,76.2,19.05,0,,1858.0608,1023929.306976,2767938.980239999,18681.25296,32282.51608,33429.61056,57190.85336,,,,,,,,,,,21.2344,,48.768
2L3X3X3/16,2L,1,2L76X76X4.8,11.042176461,,,,,4.7625,,,,76.2,76.2,0,0,,1406.4488,790839.70864,1394375.27576,14191.197424,18353.51168,25399.9492,29005.10328,,,,,,,,,,,20.6248,,43.434
2L3X3X3/16X3/8,2L,1,2L76X76X4.8X9,11.042176461,,,,,4.7625,,,,76.2,76.2,9.525,0,,1406.4488,790839.70864,1702386.530704,14191.197424,20975.44192,25399.9492,35723.79952,,,,,,,,,,,20.6248,,45.72
2L3X3X3/16X3/4,2L,1,2L76X76X4.8X19,11.042176461,,,,,4.7625,,,,76.2,76.2,19.05,0,,1406.4488,790839.70864,2068670.185231999,14191.197424,24088.98408,25399.9492,42442.49576,,,,,,,,,,,20.6248,,48.514
2L2-1/2X2-1/2X1/2,2L,1,2L64X64X12.7,22.917724731,,,,,12.7,,,,63.5,63.5,0,0,,2916.1232,1015604.678464,2235162.755471999,23433.50152,35232.1876,42278.62512,59485.04232,,,,,,,,,,,20.3962,,36.322
2L2-1/2X2-1/2X1/2X3/8,2L,1,2L64X64X12.7X9,22.917724731,,,,,12.7,,,,63.5,63.5,9.525,0,,2916.1232,1015604.678464,2847022.951103999,23433.50152,41787.0132,42278.62512,73414.04672,,,,,,,,,,,20.3962,,39.116
2L2-1/2X2-1/2X1/2X3/4,2L,1,2L64X64X12.7X19,22.917724731,,,,,12.7,,,,63.5,63.5,19.05,0,,2916.1232,1015604.678464,3633700.345487999,23433.50152,49816.67456,42278.62512,87179.18048,,,,,,,,,,,20.3962,,42.418
2L2-1/2X2-1/2X3/8,2L,1,2L64X64X9.5,17.560334534,,,,,9.525,,,,63.5,63.5,0,0,,2232.2536,807488.965664,1648276.445376,18353.51168,25891.56112,33101.86928,42934.10768,,,,,,,,,,,19.2532,,36.068
2L2-1/2X2-1/2X3/8X3/8,2L,1,2L64X64X9.5X9,17.560334534,,,,,9.525,,,,63.5,63.5,9.525,0,,2232.2536,807488.965664,2110293.327792,18353.51168,30971.55096,33101.86928,53585.69928,,,,,,,,,,,19.2532,,38.862
2L2-1/2X2-1/2X3/8X3/4,2L,1,2L64X64X9.5X19,17.560334534,,,,,9.525,,,,63.5,63.5,19.05,0,,2232.2536,807488.965664,2663881.12384,18353.51168,36543.15272,33101.86928,64237.29088,,,,,,,,,,,19.2532,,41.91
2L2-1/2X2-1/2X5/16,2L,1,2L64X64X7.9,14.881639436,,,,,7.9375,,,,63.5,63.5,0,0,,1883.8672,695106.480752,1340265.190432,15534.936672,21139.31256,28021.87944,35232.1876,,,,,,,,,,,18.669,,36.068
2L2-1/2X2-1/2X5/16X3/8,2L,1,2L64X64X7.9X9,14.881639436,,,,,7.9375,,,,63.5,63.5,9.525,0,,1883.8672,695106.480752,1723198.101983999,15534.936672,25236.07856,28021.87944,44081.20216,,,,,,,,,,,18.669,,38.862
2L2-1/2X2-1/2X5/16X3/4,2L,1,2L64X64X7.9X19,14.881639436,,,,,7.9375,,,,63.5,63.5,19.05,0,,1883.8672,695106.480752,2181052.670144,15534.936672,29824.45648,28021.87944,53094.08736,,,,,,,,,,,18.669,,41.91
2L2-1/2X2-1/2X1/4,2L,1,2L64X64X6.4,12.202944337,,,,,6.35,,,,63.5,63.5,0,0,,1535.4808,574399.367328,1069714.763792,12683.587536,16878.67592,22778.01896,27694.13816,,,,,,,,,,,18.0594,,36.068
2L2-1/2X2-1/2X1/4X3/8,2L,1,2L64X64X6.4X9,12.202944337,,,,,6.35,,,,63.5,63.5,9.525,0,,1535.4808,574399.367328,1377726.018736,12683.587536,20156.08872,22778.01896,35068.31696,,,,,,,,,,,18.0594,,38.608
2L2-1/2X2-1/2X1/4X3/4,2L,1,2L64X64X6.4X19,12.202944337,,,,,6.35,,,,63.5,63.5,19.05,0,,1535.4808,574399.367328,1752334.301776,12683.587536,23925.11344,22778.01896,42278.62512,,,,,,,,,,,18.0594,,41.656
2L2-1/2X2-1/2X3/16,2L,1,2L64X64X4.8,9.137326614,,,,,4.7625,,,,63.5,63.5,0,0,,1161.288,445367.625392,795002.022896,9668.36776,12519.716896,17370.28784,20319.95936,,,,,,,,,,,17.4498,,36.068
2L2-1/2X2-1/2X3/16X3/8,2L,1,2L64X64X4.8X9,9.137326614,,,,,4.7625,,,,63.5,63.5,9.525,0,,1161.288,445367.625392,1023929.306976,9668.36776,14994.16356,17370.28784,25891.56112,,,,,,,,,,,17.4498,,38.608
2L2-1/2X2-1/2X3/16X3/4,2L,1,2L64X64X4.8X19,9.137326614,,,,,4.7625,,,,63.5,63.5,19.05,0,,1161.288,445367.625392,1286155.105104,9668.36776,17534.15848,17370.28784,31299.29224,,,,,,,,,,,17.4498,,41.402
2L2X2X3/8,2L,1,2L51X51X9.5,13.98874107,,,,,9.525,,,,50.8,50.8,0,0,,1767.7384,396252.3171712,853274.42248,11405.396544,16714.80528,20647.70064,28349.62072,,,,,,,,,,,16.0528,,28.956
2L2X2X3/8X3/8,2L,1,2L51X51X9.5X9,13.98874107,,,,,9.525,,,,50.8,50.8,9.525,0,,1767.7384,396252.3171712,1165447.99168,11405.396544,20975.44192,20647.70064,36870.894,,,,,,,,,,,16.0528,,31.75
2L2X2X3/8X3/4,2L,1,2L51X51X9.5X19,13.98874107,,,,,9.525,,,,50.8,50.8,19.05,0,,1767.7384,396252.3171712,1560867.846,11405.396544,25891.56112,20647.70064,45228.29664,,,,,,,,,,,16.0528,,35.052
2L2X2X5/16,2L,1,2L51X51X7.9,11.667205318,,,,,7.9375,,,,50.8,50.8,0,0,,1496.7712,344639.6203968,703431.109264,9766.690144,13847.06908,17534.15848,23105.76024,,,,,,,,,,,15.4686,,28.956
2L2X2X5/16X3/8,2L,1,2L51X51X7.9X9,11.667205318,,,,,7.9375,,,,50.8,50.8,9.525,0,,1496.7712,344639.6203968,957332.27888,9766.690144,17206.4172,17534.15848,30316.0684,,,,,,,,,,,15.4686,,31.75
2L2X2X5/16X3/4,2L,1,2L51X51X7.9X19,11.667205318,,,,,7.9375,,,,50.8,50.8,19.05,0,,1496.7712,344639.6203968,1277830.476592,9766.690144,21139.31256,17534.15848,37362.50592,,,,,,,,,,,15.4686,,34.798
2L2X2X1/4,2L,1,2L51X51X6.4,9.49448596,,,,,6.35,,,,50.8,50.8,0,0,,1219.3524,288032.1465152,557750.110304,7996.887232,10979.33288,14420.61632,18189.64104,,,,,,,,,,,14.8844,,28.702
2L2X2X1/4X3/8,2L,1,2L51X51X6.4X9,9.49448596,,,,,6.35,,,,50.8,50.8,9.525,0,,1219.3524,288032.1465152,757541.194592,7996.887232,13634.037248,14420.61632,23925.11344,,,,,,,,,,,14.8844,,31.496
2L2X2X1/4X3/4,2L,1,2L51X51X6.4X19,9.49448596,,,,,6.35,,,,50.8,50.8,19.05,0,,1219.3524,288032.1465152,1023929.306976,7996.887232,17042.54656,14420.61632,29660.58584,,,,,,,,,,,14.8844,,34.798
2L2X2X3/16,2L,1,2L51X51X4.8,7.262240045,,,,,4.7625,,,,50.8,50.8,0,0,,929.0304,225597.4326752,413734.0370464,6161.536064,8144.370808,11077.655264,13273.52184,,,,,,,,,,,14.2494,,28.702
2L2X2X3/16X3/8,2L,1,2L51X51X4.8X9,7.262240045,,,,,4.7625,,,,50.8,50.8,9.525,0,,929.0304,225597.4326752,561912.42456,6161.536064,10110.818488,11077.655264,17698.02912,,,,,,,,,,,14.2494,,31.496
2L2X2X3/16X3/4,2L,1,2L51X51X4.8X19,7.262240045,,,,,4.7625,,,,50.8,50.8,19.05,0,,929.0304,225597.4326752,753378.880336,6161.536064,12486.942768,11077.655264,22122.5364,,,,,,,,,,,14.2494,,34.544
2L2X2X1/8,2L,1,2L51X51X3.2,4.910941014,,,,,3.175,,,,50.8,50.8,0,0,,633.54712,157335.4788768,273464.0466192,4227.862512,5374.956992,7538.04944,8586.821536,,,,,,,,,,,13.5636,,28.702
2L2X2X1/8X3/8,2L,1,2L51X51X3.2X9,4.910941014,,,,,3.175,,,,50.8,50.8,9.525,0,,633.54712,157335.4788768,369613.5059328,4227.862512,6653.147984,7538.04944,11618.428376,,,,,,,,,,,13.5636,,31.242
2L2X2X1/8X3/4,2L,1,2L51X51X3.2X19,4.910941014,,,,,3.175,,,,50.8,50.8,19.05,0,,633.54712,157335.4788768,495315.396464,4227.862512,8209.919064,7538.04944,14633.648152,,,,,,,,,,,13.5636,,34.29
2L8X6X1LLBB,2L,1,2L203X152X25.4LLBB,131.553692612,,,,,25.4,,,,203.2,152.4,0,1,,16903.192,67429490.94719999,62434713.83999999,494889.3328,409676.6,894733.6944,707921.1648,,,,,,,,,,,67.31,,103.124
2L8X6X1X3/8LLBB,2L,1,2L203X152X25.4X9LLBB,131.553692612,,,,,25.4,,,,203.2,152.4,9.525,1,,16903.192,67429490.94719999,69094416.64959998,494889.3328,439173.3152,894733.6944,788217.7784,,,,,,,,,,,67.31,,105.156
2L8X6X1X3/4LLBB,2L,1,2L203X152X25.4X19LLBB,131.553692612,,,,,25.4,,,,203.2,152.4,19.05,1,,16903.192,67429490.94719999,77002813.73599999,494889.3328,475224.856,894733.6944,870153.0984,,,,,,,,,,,67.31,,107.442
2L8X6X7/8LLBB,2L,1,2L203X152X22.2LLBB,116.374420387,,,,,22.225,,,,203.2,152.4,0,1,,14838.68,60353556.71199998,53693853.90239999,439173.3152,352321.876,796411.3104,603043.9552,,,,,,,,,,,66.04,,103.378
2L8X6X7/8X3/8LLBB,2L,1,2L203X152X22.2X9LLBB,116.374420387,,,,,22.225,,,,203.2,152.4,9.525,1,,14838.68,60353556.71199998,59937325.28639998,439173.3152,381818.5912,796411.3104,673508.3304,,,,,,,,,,,66.04,,105.156
2L8X6X7/8X3/4LLBB,2L,1,2L203X152X22.2X19LLBB,116.374420387,,,,,22.225,,,,203.2,152.4,19.05,1,,14838.68,60353556.71199998,66180796.670399986,439173.3152,408037.8936,796411.3104,743972.7056,,,,,,,,,,,66.04,,107.442
2L8X6X3/4LLBB,2L,1,2L203X152X19LLBB,100.599882585,,,,,19.05,,,,203.2,152.4,0,1,,12903.2,52861391.05119999,45785456.81599999,383457.2976,299883.2712,691534.1008,511276.3968,,,,,,,,,,,64.77,,103.378
2L8X6X3/4X3/8LLBB,2L,1,2L203X152X19X9LLBB,100.599882585,,,,,19.05,,,,203.2,152.4,9.525,1,,12903.2,52861391.05119999,50780233.92319999,383457.2976,322825.1608,691534.1008,571908.5336,,,,,,,,,,,64.77,,105.41
2L8X6X3/4X3/4LLBB,2L,1,2L203X152X19X19LLBB,100.599882585,,,,,19.05,,,,203.2,152.4,19.05,1,,12903.2,52861391.05119999,56607473.881599985,383457.2976,349044.4632,691534.1008,634179.3768,,,,,,,,,,,64.77,,107.442
2L8X6X5/8LLBB,2L,1,2L203X152X15.9LLBB,84.825344783,,,,,15.875,,,,203.2,152.4,0,1,,10838.688,44952993.96479999,37960306.01471999,322825.1608,249083.3728,586656.8912,416231.4256,,,,,,,,,,,63.5,,103.632
2L8X6X5/8X3/8LLBB,2L,1,2L203X152X15.9X9LLBB,84.825344783,,,,,15.875,,,,203.2,152.4,9.525,1,,10838.688,44952993.96479999,42039373.98559999,322825.1608,267109.1432,586656.8912,468670.0304,,,,,,,,,,,63.5,,105.664
2L8X6X5/8X3/4LLBB,2L,1,2L203X152X15.9X19LLBB,84.825344783,,,,,15.875,,,,203.2,152.4,19.05,1,,10838.688,44952993.96479999,47034151.09279999,322825.1608,290051.0328,586656.8912,519469.9288,,,,,,,,,,,63.5,,107.696
2L8X6X9/16LLBB,2L,1,2L203X152X14.3LLBB,76.491626699,,,,,14.2875,,,,203.2,152.4,0,1,,9806.432,41123664.84927999,34047730.61407999,293328.4456,222864.0704,530940.8736,371986.3528,,,,,,,,,,,62.992,,103.886
2L8X6X9/16X3/8LLBB,2L,1,2L203X152X14.3X9LLBB,76.491626699,,,,,14.2875,,,,203.2,152.4,9.525,1,,9806.432,41123664.84927999,37668944.016799994,293328.4456,239251.1344,530940.8736,417870.132,,,,,,,,,,,62.992,,105.664
2L8X6X9/16X3/4LLBB,2L,1,2L203X152X14.3X19LLBB,76.491626699,,,,,14.2875,,,,203.2,152.4,19.05,1,,9806.432,41123664.84927999,42039373.98559999,293328.4456,258915.6112,530940.8736,465392.6176,,,,,,,,,,,62.992,,107.696
2L8X6X1/2LLBB,2L,1,2L203X152X12.7LLBB,68.455541404,,,,,12.7,,,,203.2,152.4,0,1,,8774.176,36961350.59327999,30218401.49855999,262193.024,198283.4744,478502.2688,326102.5736,,,,,,,,,,,62.484,,103.886
2L8X6X1/2X3/8LLBB,2L,1,2L203X152X12.7X9LLBB,68.455541404,,,,,12.7,,,,203.2,152.4,9.525,1,,8774.176,36961350.59327999,33423383.47567999,262193.024,213031.832,478502.2688,367070.2336,,,,,,,,,,,62.484,,105.664
2L8X6X1/2X3/4LLBB,2L,1,2L203X152X12.7X19LLBB,68.455541404,,,,,12.7,,,,203.2,152.4,19.05,1,,8774.176,36961350.59327999,37086220.02095999,262193.024,229418.896,478502.2688,409676.6,,,,,,,,,,,62.484,,107.696
2L8X6X7/16LLBB,2L,1,2L203X152X11.1LLBB,60.12182332,,,,,11.1125,,,,203.2,152.4,0,1,,7741.92,32715790.05215999,26430695.525599994,231057.6024,173702.8784,422786.2512,283496.2072,,,,,,,,,,,61.722,,103.886
2L8X6X7/16X3/8LLBB,2L,1,2L203X152X11.1X9LLBB,60.12182332,,,,,11.1125,,,,203.2,152.4,9.525,1,,7741.92,32715790.05215999,29261069.219679993,231057.6024,186812.5296,422786.2512,319547.748,,,,,,,,,,,61.722,,105.664
2L8X6X7/16X3/4LLBB,2L,1,2L203X152X11.1X19LLBB,60.12182332,,,,,11.1125,,,,203.2,152.4,19.05,1,,7741.92,32715790.05215999,32466051.196799994,231057.6024,199922.1808,422786.2512,355599.2888,,,,,,,,,,,61.722,,107.696
2L8X4X1LLBB,2L,1,2L203X102X25.4LLBB,111.314662979,,,,,25.4,,,,203.2,101.6,0,1,,14322.552,57856168.158399984,19687746.430879995,458837.792,193367.3552,796411.3104,378541.1784,,,,,,,,,,,76.962,,98.044
2L8X4X1X3/8LLBB,2L,1,2L203X102X25.4X9LLBB,111.314662979,,,,,25.4,,,,203.2,101.6,9.525,1,,14322.552,57856168.158399984,23641944.974079993,458837.792,222864.0704,796411.3104,447366.8472,,,,,,,,,,,76.962,,99.314
2L8X4X1X3/4LLBB,2L,1,2L203X102X25.4X19LLBB,111.314662979,,,,,25.4,,,,203.2,101.6,19.05,1,,14322.552,57856168.158399984,28303736.940799993,458837.792,253999.492,796411.3104,514553.8096,,,,,,,,,,,76.962,,100.838
2L8X4X7/8LLBB,2L,1,2L203X102X22.2LLBB,98.516453064,,,,,22.225,,,,203.2,101.6,0,1,,12645.136,52028928.19999999,16898995.879359998,409676.6,167148.0528,711198.5776,319547.748,,,,,,,,,,,75.946,,98.298
2L8X4X7/8X3/8LLBB,2L,1,2L203X102X22.2X9LLBB,98.516453064,,,,,22.225,,,,203.2,101.6,9.525,1,,12645.136,52028928.19999999,20103977.856479995,409676.6,188451.236,711198.5776,380179.8848,,,,,,,,,,,75.946,,99.568
2L8X4X7/8X3/4LLBB,2L,1,2L203X102X22.2X19LLBB,98.516453064,,,,,22.225,,,,203.2,101.6,19.05,1,,12645.136,52028928.19999999,24141422.684799995,409676.6,217947.9512,711198.5776,440812.0216,,,,,,,,,,,75.946,,101.092
2L8X4X3/4LLBB,2L,1,2L203X102X19LLBB,85.420610361,,,,,19.05,,,,203.2,101.6,0,1,,10967.72,45785456.81599999,14276737.898079995,357237.9952,140437.13848,619431.0192,263831.7304,,,,,,,,,,,74.676,,98.552
2L8X4X3/4X3/8LLBB,2L,1,2L203X102X19X9LLBB,85.420610361,,,,,19.05,,,,203.2,101.6,9.525,1,,10967.72,45785456.81599999,16982242.164479993,357237.9952,159610.00336,619431.0192,316270.3352,,,,,,,,,,,74.676,,99.822
2L8X4X3/4X3/4LLBB,2L,1,2L203X102X19X19LLBB,85.420610361,,,,,19.05,,,,203.2,101.6,19.05,1,,10967.72,45785456.81599999,20228847.284159996,357237.9952,181896.4104,619431.0192,368708.94,,,,,,,,,,,74.676,,101.346
2L8X4X5/8LLBB,2L,1,2L203X102X15.9LLBB,72.027134869,,,,,15.875,,,,203.2,101.6,0,1,,9225.788,39125754.00639999,11487987.346559998,301521.9776,113070.7416,527663.4608,211393.1256,,,,,,,,,,,73.406,,98.806
2L8X4X5/8X3/8LLBB,2L,1,2L203X102X15.9X9LLBB,72.027134869,,,,,15.875,,,,203.2,101.6,9.525,1,,9225.788,39125754.00639999,13735637.044799997,301521.9776,129130.06432,527663.4608,255638.1984,,,,,,,,,,,73.406,,100.076
2L8X4X5/8X3/4LLBB,2L,1,2L203X102X15.9X19LLBB,72.027134869,,,,,15.875,,,,203.2,101.6,19.05,1,,9225.788,39125754.00639999,16399518.168639995,301521.9776,147647.44664,527663.4608,299883.2712,,,,,,,,,,,73.406,,101.346
2L8X4X9/16LLBB,2L,1,2L203X102X14.3LLBB,65.181580728,,,,,14.2875,,,,203.2,101.6,0,1,,8387.08,35712656.31647999,10322539.354879998,273663.9688,101599.7968,478502.2688,186812.5296,,,,,,,,,,,72.644,,99.06
2L8X4X9/16X3/8LLBB,2L,1,2L203X102X14.3X9LLBB,65.181580728,,,,,14.2875,,,,203.2,101.6,9.525,1,,8387.08,35712656.31647999,12320450.197759997,273663.9688,115856.54248,478502.2688,226141.4832,,,,,,,,,,,72.644,,100.076
2L8X4X9/16X3/4LLBB,2L,1,2L203X102X14.3X19LLBB,65.181580728,,,,,14.2875,,,,203.2,101.6,19.05,1,,8387.08,35712656.31647999,14734592.466239996,273663.9688,132571.34776,478502.2688,267109.1432,,,,,,,,,,,72.644,,101.6
2L8X4X1/2LLBB,2L,1,2L203X102X12.7LLBB,58.336026588,,,,,12.7,,,,203.2,101.6,0,1,,7483.856,32133066.056319993,9198714.50576,245805.96,90456.59328,429341.0768,162395.80424,,,,,,,,,,,72.136,,99.06
2L8X4X1/2X3/8LLBB,2L,1,2L203X102X12.7X9LLBB,58.336026588,,,,,12.7,,,,203.2,101.6,9.525,1,,7483.856,32133066.056319993,10863640.208159998,245805.96,102091.40872,429341.0768,198283.4744,,,,,,,,,,,72.136,,100.33
2L8X4X1/2X3/4LLBB,2L,1,2L203X102X12.7X19LLBB,58.336026588,,,,,12.7,,,,203.2,101.6,19.05,1,,7483.856,32133066.056319993,12819927.908479998,245805.96,115364.93056,429341.0768,234335.0152,,,,,,,,,,,72.136,,101.6
2L8X4X7/16LLBB,2L,1,2L203X102X11.1LLBB,51.192839659,,,,,11.1125,,,,203.2,101.6,0,1,,6580.632,28470229.511039995,7950020.228959999,216309.2448,78330.16592,380179.8848,138798.43208,,,,,,,,,,,71.374,,99.314
2L8X4X7/16X3/8LLBB,2L,1,2L203X102X11.1X9LLBB,51.192839659,,,,,11.1125,,,,203.2,101.6,9.525,1,,6580.632,28470229.511039995,9406830.218559999,216309.2448,88490.1456,380179.8848,170425.4656,,,,,,,,,,,71.374,,100.33
2L8X4X7/16X3/4LLBB,2L,1,2L203X102X11.1X19LLBB,51.192839659,,,,,11.1125,,,,203.2,101.6,19.05,1,,6580.632,28470229.511039995,11155002.206079997,216309.2448,100452.70232,380179.8848,201560.8872,,,,,,,,,,,71.374,,101.6
2L7X4X3/4LLBB,2L,1,2L178X102X19LLBB,77.979790643,,,,,19.05,,,,177.8,101.6,0,1,,9999.98,31467095.775359992,14151868.470399996,275302.6752,139290.044,485057.0944,253999.492,,,,,,,,,,,63.5,,86.614
2L7X4X3/4X3/8LLBB,2L,1,2L178X102X19X9LLBB,77.979790643,,,,,19.05,,,,177.8,101.6,9.525,1,,9999.98,31467095.775359992,16732503.309119998,275302.6752,157315.8144,485057.0944,301521.9776,,,,,,,,,,,63.5,,88.138
2L7X4X3/4X3/4LLBB,2L,1,2L178X102X19X19LLBB,77.979790643,,,,,19.05,,,,177.8,101.6,19.05,1,,9999.98,31467095.775359992,19770992.715999994,275302.6752,178618.9976,485057.0944,349044.4632,,,,,,,,,,,63.5,,89.662
2L7X4X5/8LLBB,2L,1,2L178X102X15.9LLBB,65.776846306,,,,,15.875,,,,177.8,101.6,0,1,,8387.08,26971796.378879994,11363117.918879997,232696.3088,111759.77648,409676.6,204838.3,,,,,,,,,,,62.23,,86.868
2L7X4X5/8X3/8LLBB,2L,1,2L178X102X15.9X9LLBB,65.776846306,,,,,15.875,,,,177.8,101.6,9.525,1,,8387.08,26971796.378879994,13527521.331999997,232696.3088,127163.61664,409676.6,244167.2536,,,,,,,,,,,62.23,,88.138
2L7X4X5/8X3/4LLBB,2L,1,2L178X102X15.9X19LLBB,65.776846306,,,,,15.875,,,,177.8,101.6,19.05,1,,8387.08,26971796.378879994,16191402.455839995,232696.3088,145680.99896,409676.6,283496.2072,,,,,,,,,,,62.23,,89.916
2L7X4X1/2LLBB,2L,1,2L178X102X12.7LLBB,53.27626918,,,,,12.7,,,,177.8,101.6,0,1,,6774.18,22143511.841919996,9073845.078079998,190089.9424,89309.4988,334296.1056,156824.20248,,,,,,,,,,,60.96,,87.122
2L7X4X1/2X3/8LLBB,2L,1,2L178X102X12.7X9LLBB,53.27626918,,,,,12.7,,,,177.8,101.6,9.525,1,,6774.18,22143511.841919996,10655524.495359998,190089.9424,100124.96104,334296.1056,188451.236,,,,,,,,,,,60.96,,88.392
2L7X4X1/2X3/4LLBB,2L,1,2L178X102X12.7X19LLBB,53.27626918,,,,,12.7,,,,177.8,101.6,19.05,1,,6774.18,22143511.841919996,12611812.195679998,190089.9424,113562.35352,334296.1056,221225.364,,,,,,,,,,,60.96,,90.17
2L7X4X7/16LLBB,2L,1,2L178X102X11.1LLBB,46.728347828,,,,,11.1125,,,,177.8,101.6,0,1,,5974.1816,19646123.288319997,7866773.943839998,167148.0528,77346.94208,296605.8584,134373.9248,,,,,,,,,,,60.452,,87.122
2L7X4X7/16X3/8LLBB,2L,1,2L178X102X11.1X9LLBB,46.728347828,,,,,11.1125,,,,177.8,101.6,9.525,1,,5974.1816,19646123.288319997,9240337.648319997,167148.0528,86851.4392,296605.8584,162887.41616,,,,,,,,,,,60.452,,88.646
2L7X4X7/16X3/4LLBB,2L,1,2L178X102X11.1X19LLBB,46.728347828,,,,,11.1125,,,,177.8,101.6,19.05,1,,5974.1816,19646123.288319997,10863640.208159998,167148.0528,97830.77208,296605.8584,191728.6488,,,,,,,,,,,60.452,,90.17
2L7X4X3/8LLBB,2L,1,2L178X102X9.5LLBB,40.478059265,,,,,9.525,,,,177.8,101.6,0,1,,5161.28,17065488.449599996,6701325.952159999,144861.64576,66039.86792,255638.1984,112906.87096,,,,,,,,,,,59.69,,87.376
2L7X4X3/8X3/8LLBB,2L,1,2L178X102X9.5X9LLBB,40.478059265,,,,,9.525,,,,177.8,101.6,9.525,1,,5161.28,17065488.449599996,7908397.086399999,144861.64576,74397.27056,255638.1984,137487.46696,,,,,,,,,,,59.69,,88.646
2L7X4X3/8X3/4LLBB,2L,1,2L178X102X9.5X19LLBB,40.478059265,,,,,9.525,,,,177.8,101.6,19.05,1,,5161.28,17065488.449599996,9281960.790879998,144861.64576,83574.0264,255638.1984,162068.06296,,,,,,,,,,,59.69,,90.17
2L6X4X7/8LLBB,2L,1,2L152X102X22.2LLBB,80.95611853,,,,,22.225,,,,152.4,101.6,0,1,,10322.56,23059220.978239994,16399518.168639995,234335.0152,161412.5804,416231.4256,293328.4456,,,,,,,,,,,53.848,,75.184
2L6X4X7/8X3/8LLBB,2L,1,2L152X102X22.2X9LLBB,80.95611853,,,,,22.225,,,,152.4,101.6,9.525,1,,10322.56,23059220.978239994,19479630.718079995,234335.0152,183535.1168,416231.4256,342489.6376,,,,,,,,,,,53.848,,77.216
2L6X4X7/8X3/4LLBB,2L,1,2L152X102X22.2X19LLBB,80.95611853,,,,,22.225,,,,152.4,101.6,19.05,1,,10322.56,23059220.978239994,23059220.978239994,234335.0152,208115.7128,416231.4256,391650.8296,,,,,,,,,,,53.848,,79.248
2L6X4X3/4LLBB,2L,1,2L152X102X19LLBB,70.241338136,,,,,19.05,,,,152.4,101.6,0,1,,8967.724,20395339.854399994,13902129.615039997,204838.3,136831.9844,363792.8208,244167.2536,,,,,,,,,,,52.578,,75.438
2L6X4X3/4X3/8LLBB,2L,1,2L152X102X19X9LLBB,70.241338136,,,,,19.05,,,,152.4,101.6,9.525,1,,8967.724,20395339.854399994,16316271.883519998,204838.3,153382.91904,363792.8208,286773.62,,,,,,,,,,,52.578,,77.216
2L6X4X3/4X3/4LLBB,2L,1,2L152X102X19X19LLBB,70.241338136,,,,,19.05,,,,152.4,101.6,19.05,1,,8967.724,20395339.854399994,19354761.290399995,204838.3,173702.8784,363792.8208,329379.9864,,,,,,,,,,,52.578,,79.248
2L6X4X5/8LLBB,2L,1,2L152X102X15.9LLBB,59.526557743,,,,,15.875,,,,152.4,101.6,0,1,,7548.372,17481719.875199996,11404741.061439997,173702.8784,112251.3884,309715.5096,198283.4744,,,,,,,,,,,51.562,,75.692
2L6X4X5/8X3/8LLBB,2L,1,2L152X102X15.9X9LLBB,59.526557743,,,,,15.875,,,,152.4,101.6,9.525,1,,7548.372,17481719.875199996,13402651.904319998,173702.8784,126016.52216,309715.5096,234335.0152,,,,,,,,,,,51.562,,77.47
2L6X4X5/8X3/4LLBB,2L,1,2L152X102X15.9X19LLBB,59.526557743,,,,,15.875,,,,152.4,101.6,19.05,1,,7548.372,17481719.875199996,15775171.030239996,173702.8784,141911.97424,309715.5096,270386.556,,,,,,,,,,,51.562,,79.502
2L6X4X9/16LLBB,2L,1,2L152X102X14.3LLBB,53.871534757,,,,,14.2875,,,,152.4,101.6,0,1,,6838.696,15983286.743039995,10197669.927199997,157643.55568,100288.83168,281857.5008,173702.8784,,,,,,,,,,,50.8,,75.692
2L6X4X9/16X3/8LLBB,2L,1,2L152X102X14.3X9LLBB,53.871534757,,,,,14.2875,,,,152.4,101.6,9.525,1,,6838.696,15983286.743039995,12029088.199839996,157643.55568,113070.7416,281857.5008,206477.0064,,,,,,,,,,,50.8,,77.47
2L6X4X9/16X3/4LLBB,2L,1,2L152X102X14.3X19LLBB,53.871534757,,,,,14.2875,,,,152.4,101.6,19.05,1,,6838.696,15983286.743039995,14151868.470399996,157643.55568,127327.48728,281857.5008,239251.1344,,,,,,,,,,,50.8,,79.502
2L6X4X1/2LLBB,2L,1,2L152X102X12.7LLBB,48.216511772,,,,,12.7,,,,152.4,101.6,0,1,,6129.02,14401607.325759998,9032221.935519997,141256.49168,88817.88688,252360.7856,152727.43648,,,,,,,,,,,50.292,,75.946
2L6X4X1/2X3/8LLBB,2L,1,2L152X102X12.7X9LLBB,48.216511772,,,,,12.7,,,,152.4,101.6,9.525,1,,6129.02,14401607.325759998,10655524.495359998,141256.49168,100124.96104,252360.7856,181896.4104,,,,,,,,,,,50.292,,77.47
2L6X4X1/2X3/4LLBB,2L,1,2L152X102X12.7X19LLBB,48.216511772,,,,,12.7,,,,152.4,101.6,19.05,1,,6129.02,14401607.325759998,12403696.482879998,141256.49168,111595.90584,252360.7856,211393.1256,,,,,,,,,,,50.292,,79.502
2L6X4X7/16LLBB,2L,1,2L152X102X11.1LLBB,42.561488786,,,,,11.1125,,,,152.4,101.6,0,1,,5393.5376,12819927.908479998,7825150.801279998,124869.42768,77019.2008,222864.0704,131096.512,,,,,,,,,,,49.53,,75.946
2L6X4X7/16X3/8LLBB,2L,1,2L152X102X11.1X9LLBB,42.561488786,,,,,11.1125,,,,152.4,101.6,9.525,1,,5393.5376,12819927.908479998,9115468.220639998,124869.42768,85704.34472,222864.0704,156824.20248,,,,,,,,,,,49.53,,77.724
2L6X4X7/16X3/4LLBB,2L,1,2L152X102X11.1X19LLBB,42.561488786,,,,,11.1125,,,,152.4,101.6,19.05,1,,5393.5376,12819927.908479998,10780393.923039997,124869.42768,97011.41888,222864.0704,181896.4104,,,,,,,,,,,49.53,,79.502
2L6X4X3/8LLBB,2L,1,2L152X102X9.5LLBB,36.608833012,,,,,9.525,,,,152.4,101.6,0,1,,4658.0552,11155002.206079997,6659702.809599998,108154.6224,65548.256,193367.3552,110448.81136,,,,,,,,,,,49.022,,75.946
2L6X4X3/8X3/8LLBB,2L,1,2L152X102X9.5X9LLBB,36.608833012,,,,,9.525,,,,152.4,101.6,9.525,1,,4658.0552,11155002.206079997,7783527.658719998,108154.6224,73250.17608,193367.3552,132571.34776,,,,,,,,,,,49.022,,77.724
2L6X4X3/8X3/4LLBB,2L,1,2L152X102X9.5X19LLBB,36.608833012,,,,,9.525,,,,152.4,101.6,19.05,1,,4658.0552,11155002.206079997,9198714.50576,108154.6224,82754.6732,193367.3552,154693.88416,,,,,,,,,,,49.022,,79.502
2L6X4X5/16LLBB,2L,1,2L152X102X7.9LLBB,30.656177238,,,,,7.9375,,,,152.4,101.6,0,1,,3909.6696,9490076.503679998,5535877.960479999,90784.33456,54405.05248,162559.67488,90128.852,,,,,,,,,,,48.26,,76.2
2L6X4X5/16X3/8LLBB,2L,1,2L152X102X7.9X9LLBB,30.656177238,,,,,7.9375,,,,152.4,101.6,9.525,1,,3909.6696,9490076.503679998,6451587.096799999,90784.33456,60632.1368,162559.67488,108810.10496,,,,,,,,,,,48.26,,77.724
2L6X4X5/16X3/4LLBB,2L,1,2L152X102X7.9X19LLBB,30.656177238,,,,,7.9375,,,,152.4,101.6,19.05,1,,3909.6696,9490076.503679998,7617035.088479999,90784.33456,68497.92752,162559.67488,127327.48728,,,,,,,,,,,48.26,,79.502
2L6X3-1/2X1/2LLBB,2L,1,2L152X89X12.7LLBB,45.537816673,,,,,12.7,,,,152.4,88.9,0,1,,5806.44,13818883.329919998,6035355.671199999,138634.56144,67842.44496,245805.96,122247.49744,,,,,,,,,,,52.578,,74.676
2L6X3-1/2X1/2X3/8LLBB,2L,1,2L152X89X12.7X9LLBB,45.537816673,,,,,12.7,,,,152.4,88.9,9.525,1,,5806.44,13818883.329919998,7325673.090559999,138634.56144,78166.29528,245805.96,149941.6356,,,,,,,,,,,52.578,,75.946
2L6X3-1/2X1/2X3/4LLBB,2L,1,2L152X89X12.7X19LLBB,45.537816673,,,,,12.7,,,,152.4,88.9,19.05,1,,5806.44,13818883.329919998,8865729.365279999,138634.56144,90128.852,245805.96,176980.2912,,,,,,,,,,,52.578,,77.724
2L6X3-1/2X3/8LLBB,2L,1,2L152X89X9.5LLBB,34.82303628,,,,,9.525,,,,152.4,88.9,0,1,,4438.7008,10738770.780479997,4536922.539039999,105860.43344,50963.76904,188451.236,87998.53368,,,,,,,,,,,51.308,,74.93
2L6X3-1/2X3/8X3/8LLBB,2L,1,2L152X89X9.5X9LLBB,34.82303628,,,,,9.525,,,,152.4,88.9,9.525,1,,4438.7008,10738770.780479997,5452631.675359999,105860.43344,58174.0772,188451.236,109137.84624,,,,,,,,,,,51.308,,76.2
2L6X3-1/2X3/8X3/4LLBB,2L,1,2L152X89X9.5X19LLBB,34.82303628,,,,,9.525,,,,152.4,88.9,19.05,1,,4438.7008,10738770.780479997,6618079.667039999,105860.43344,67186.9624,188451.236,130277.1588,,,,,,,,,,,51.308,,77.978
2L6X3-1/2X5/16LLBB,2L,1,2L152X89X7.9LLBB,29.168013294,,,,,7.9375,,,,152.4,88.9,0,1,,3729.0248,9073845.078079998,3758569.773167999,89145.62816,42278.62512,158626.77952,71611.46968,,,,,,,,,,,50.8,,74.93
2L6X3-1/2X5/16X3/8LLBB,2L,1,2L152X89X7.9X9LLBB,29.168013294,,,,,7.9375,,,,152.4,88.9,9.525,1,,3729.0248,9073845.078079998,4495299.39648,89145.62816,48014.09752,158626.77952,89309.4988,,,,,,,,,,,50.8,,76.2
2L6X3-1/2X5/16X3/4LLBB,2L,1,2L152X89X7.9X19LLBB,29.168013294,,,,,7.9375,,,,152.4,88.9,19.05,1,,3729.0248,9073845.078079998,5411008.532799998,89145.62816,54896.6644,158626.77952,107171.39856,,,,,,,,,,,50.8,,77.978
2L5X3-1/2X3/4LLBB,2L,1,2L127X89X19LLBB,58.931292165,,,,,19.05,,,,127,88.9,0,1,,7548.372,11571233.631679997,9406830.218559999,139617.78528,105860.43344,249083.3728,190089.9424,,,,,,,,,,,44.196,,63.246
2L5X3-1/2X3/4X3/8LLBB,2L,1,2L127X89X19X9LLBB,58.931292165,,,,,19.05,,,,127,88.9,9.525,1,,7548.372,11571233.631679997,11404741.061439997,139617.78528,121755.88552,249083.3728,226141.4832,,,,,,,,,,,44.196,,65.278
2L5X3-1/2X3/4X3/4LLBB,2L,1,2L127X89X19X19LLBB,58.931292165,,,,,19.05,,,,127,88.9,19.05,1,,7548.372,11571233.631679997,13735637.044799997,139617.78528,139617.78528,249083.3728,262193.024,,,,,,,,,,,44.196,,67.564
2L5X3-1/2X5/8LLBB,2L,1,2L127X89X15.9LLBB,50.002308504,,,,,15.875,,,,127,88.9,0,1,,6361.2776,9989554.214399997,7700281.373599998,118970.08464,86687.56856,213031.832,153055.17776,,,,,,,,,,,42.926,,63.246
2L5X3-1/2X5/8X3/8LLBB,2L,1,2L127X89X15.9X9LLBB,50.002308504,,,,,15.875,,,,127,88.9,9.525,1,,6361.2776,9989554.214399997,9240337.648319997,118970.08464,98650.12528,213031.832,183535.1168,,,,,,,,,,,42.926,,65.278
2L5X3-1/2X5/8X3/4LLBB,2L,1,2L127X89X15.9X19LLBB,50.002308504,,,,,15.875,,,,127,88.9,19.05,1,,6361.2776,9989554.214399997,11155002.206079997,118970.08464,113398.48288,213031.832,213031.832,,,,,,,,,,,42.926,,67.564
2L5X3-1/2X1/2LLBB,2L,1,2L127X89X12.7LLBB,40.478059265,,,,,12.7,,,,127,88.9,0,1,,5161.28,8324628.511999998,6076978.813759998,97339.16016,68334.05688,175341.5848,118150.73144,,,,,,,,,,,41.91,,63.5
2L5X3-1/2X1/2X3/8LLBB,2L,1,2L127X89X12.7X9LLBB,40.478059265,,,,,12.7,,,,127,88.9,9.525,1,,5161.28,8324628.511999998,7284049.947999998,97339.16016,77838.554,175341.5848,142731.32744,,,,,,,,,,,41.91,,65.532
2L5X3-1/2X1/2X3/4LLBB,2L,1,2L127X89X12.7X19LLBB,40.478059265,,,,,12.7,,,,127,88.9,19.05,1,,5161.28,8324628.511999998,8740859.937599998,97339.16016,88817.88688,175341.5848,167148.0528,,,,,,,,,,,41.91,,67.564
2L5X3-1/2X3/8LLBB,2L,1,2L127X89X9.5LLBB,30.953810026,,,,,9.525,,,,127,88.9,0,1,,3935.476,6451587.096799999,4495299.39648,74725.01184,50636.02776,134046.18352,85376.60344,,,,,,,,,,,40.64,,63.754
2L5X3-1/2X3/8X3/8LLBB,2L,1,2L127X89X9.5X9LLBB,30.953810026,,,,,9.525,,,,127,88.9,9.525,1,,3935.476,6451587.096799999,5411008.532799998,74725.01184,57846.33592,134046.18352,104057.8564,,,,,,,,,,,40.64,,65.532
2L5X3-1/2X3/8X3/4LLBB,2L,1,2L127X89X9.5X19LLBB,30.953810026,,,,,9.525,,,,127,88.9,19.05,1,,3935.476,6451587.096799999,6409963.954239999,74725.01184,65056.64408,134046.18352,122902.98,,,,,,,,,,,40.64,,67.564
2L5X3-1/2X5/16LLBB,2L,1,2L127X89X7.9LLBB,25.894052618,,,,,7.9375,,,,127,88.9,0,1,,3303.2192,5494254.817919998,3712784.316351999,62926.32576,41787.0132,113070.7416,69481.15136,,,,,,,,,,,39.878,,63.754
2L5X3-1/2X5/16X3/8LLBB,2L,1,2L127X89X7.9X9LLBB,25.894052618,,,,,7.9375,,,,127,88.9,9.525,1,,3303.2192,5494254.817919998,4412053.111359999,62926.32576,47030.87368,113070.7416,85212.7328,,,,,,,,,,,39.878,,65.532
2L5X3-1/2X5/16X3/4LLBB,2L,1,2L127X89X7.9X19LLBB,25.894052618,,,,,7.9375,,,,127,88.9,19.05,1,,3303.2192,5494254.817919998,5327762.247679999,62926.32576,54077.3112,113070.7416,100944.31424,,,,,,,,,,,39.878,,67.564
2L5X3-1/2X1/4LLBB,2L,1,2L127X89X6.4LLBB,20.83429521,,,,,6.35,,,,127,88.9,0,1,,2670.9624,4453676.253919998,2955243.121759999,50799.8984,33265.73992,91112.07584,54568.92312,,,,,,,,,,,39.37,,64.008
2L5X3-1/2X1/4X3/8LLBB,2L,1,2L127X89X6.4X9LLBB,20.83429521,,,,,6.35,,,,127,88.9,9.525,1,,2670.9624,4453676.253919998,3525480.174831999,50799.8984,37690.2472,91112.07584,67186.9624,,,,,,,,,,,39.37,,65.532
2L5X3-1/2X1/4X3/4LLBB,2L,1,2L127X89X6.4X19LLBB,20.83429521,,,,,6.35,,,,127,88.9,19.05,1,,2670.9624,4453676.253919998,4245560.541119998,50799.8984,43097.97832,91112.07584,79968.87232,,,,,,,,,,,39.37,,67.564
2L5X3X1/2LLBB,2L,1,2L127X76X12.7LLBB,38.096996955,,,,,12.7,,,,127,76.2,0,1,,4838.7,7866773.943839998,3845978.372543999,94717.22992,50472.15712,167148.0528,91767.5584,,,,,,,,,,,44.196,,61.976
2L5X3X1/2X3/8LLBB,2L,1,2L127X76X12.7X9LLBB,38.096996955,,,,,12.7,,,,127,76.2,9.525,1,,4838.7,7866773.943839998,4786661.394399999,94717.22992,59157.30104,167148.0528,114709.448,,,,,,,,,,,44.196,,63.754
2L5X3X1/2X3/4LLBB,2L,1,2L127X76X12.7X19LLBB,38.096996955,,,,,12.7,,,,127,76.2,19.05,1,,4838.7,7866773.943839998,6035355.671199999,94717.22992,70464.3752,167148.0528,137815.20824,,,,,,,,,,,44.196,,65.532
2L5X3X7/16LLBB,2L,1,2L127X76X11.1LLBB,33.632505125,,,,,11.1125,,,,127,76.2,0,1,,4270.9592,6992687.950079999,3334013.719055999,83901.76768,43753.46088,148466.79984,78330.16592,,,,,,,,,,,43.688,,62.23
2L5X3X7/16X3/8LLBB,2L,1,2L127X76X11.1X9LLBB,33.632505125,,,,,11.1125,,,,127,76.2,9.525,1,,4270.9592,6992687.950079999,4162314.255999999,83901.76768,51455.38096,148466.79984,98650.12528,,,,,,,,,,,43.688,,63.754
2L5X3X7/16X3/4LLBB,2L,1,2L127X76X11.1X19LLBB,33.632505125,,,,,11.1125,,,,127,76.2,19.05,1,,4270.9592,6992687.950079999,5244515.962559999,83901.76768,61123.74872,148466.79984,118970.08464,,,,,,,,,,,43.688,,65.532
2L5X3X3/8LLBB,2L,1,2L127X76X9.5LLBB,29.168013294,,,,,9.525,,,,127,76.2,0,1,,3690.3152,6118601.956319998,2830373.694079999,72758.56416,37198.63528,128802.32304,65384.38536,,,,,,,,,,,42.926,,62.23
2L5X3X3/8X3/8LLBB,2L,1,2L127X76X9.5X9LLBB,29.168013294,,,,,9.525,,,,127,76.2,9.525,1,,3690.3152,6118601.956319998,3542129.431855999,72758.56416,43753.46088,128802.32304,83082.41448,,,,,,,,,,,42.926,,63.754
2L5X3X3/8X3/4LLBB,2L,1,2L127X76X9.5X19LLBB,29.168013294,,,,,9.525,,,,127,76.2,19.05,1,,3690.3152,6118601.956319998,4412053.111359999,72758.56416,51455.38096,128802.32304,100616.57296,,,,,,,,,,,42.926,,65.786
2L5X3X5/16LLBB,2L,1,2L127X76X7.9LLBB,24.405888675,,,,,7.9375,,,,127,76.2,0,1,,3109.6712,5202892.819999998,2339220.611872,61287.61936,30643.80968,108810.10496,53094.08736,,,,,,,,,,,42.418,,62.484
2L5X3X5/16X3/8LLBB,2L,1,2L127X76X7.9X9LLBB,24.405888675,,,,,7.9375,,,,127,76.2,9.525,1,,3109.6712,5202892.819999998,2938593.864735999,61287.61936,36215.41144,108810.10496,68006.3156,,,,,,,,,,,42.418,,64.008
2L5X3X5/16X3/4LLBB,2L,1,2L127X76X7.9X19LLBB,24.405888675,,,,,7.9375,,,,127,76.2,19.05,1,,3109.6712,5202892.819999998,3654511.916767999,61287.61936,42606.3664,108810.10496,82754.6732,,,,,,,,,,,42.418,,65.786
2L5X3X1/4LLBB,2L,1,2L127X76X6.4LLBB,19.643764055,,,,,6.35,,,,127,76.2,0,1,,2503.2208,4245560.541119998,1848067.529664,49488.93328,24252.85472,87834.66304,41131.53064,,,,,,,,,,,41.656,,62.484
2L5X3X1/4X3/8LLBB,2L,1,2L127X76X6.4X9LLBB,19.643764055,,,,,6.35,,,,127,76.2,9.525,1,,2503.2208,4245560.541119998,2285110.526544,49488.93328,28185.75008,87834.66304,53094.08736,,,,,,,,,,,41.656,,64.008
2L5X3X1/4X3/4LLBB,2L,1,2L127X76X6.4X19LLBB,19.643764055,,,,,6.35,,,,127,76.2,19.05,1,,2503.2208,4245560.541119998,2855347.579615999,49488.93328,33265.73992,87834.66304,65056.64408,,,,,,,,,,,41.656,,65.786
2L4X3-1/2X1/2LLBB,2L,1,2L102X89X12.7LLBB,35.418301857,,,,,12.7,,,,101.6,88.9,0,1,,4516.12,4412053.111359999,6035355.671199999,62926.32576,67842.44496,113398.48288,114053.96544,,,,,,,,,,,31.496,,54.356
2L4X3-1/2X1/2X3/8LLBB,2L,1,2L102X89X12.7X9LLBB,35.418301857,,,,,12.7,,,,101.6,88.9,9.525,1,,4516.12,4412053.111359999,7200803.662879999,62926.32576,76855.33016,113398.48288,135521.01928,,,,,,,,,,,31.496,,56.642
2L4X3-1/2X1/2X3/4LLBB,2L,1,2L102X89X12.7X19LLBB,35.418301857,,,,,12.7,,,,101.6,88.9,19.05,1,,4516.12,4412053.111359999,8615990.509919997,62926.32576,87506.92176,113398.48288,156988.07312,,,,,,,,,,,31.496,,59.182
2L4X3-1/2X3/8LLBB,2L,1,2L102X89X9.5LLBB,27.084583773,,,,,9.525,,,,101.6,88.9,0,1,,3458.0576,3454720.832479999,4495299.39648,48505.70944,50636.02776,87179.18048,83246.28512,,,,,,,,,,,30.48,,54.356
2L4X3-1/2X3/8X3/8LLBB,2L,1,2L102X89X9.5X9LLBB,27.084583773,,,,,9.525,,,,101.6,88.9,9.525,1,,3458.0576,3454720.832479999,5369385.390239999,48505.70944,57354.724,87179.18048,99633.34912,,,,,,,,,,,30.48,,56.642
2L4X3-1/2X3/8X3/4LLBB,2L,1,2L102X89X9.5X19LLBB,27.084583773,,,,,9.525,,,,101.6,88.9,19.05,1,,3458.0576,3454720.832479999,6368340.811679998,48505.70944,64728.9028,87179.18048,116184.28376,,,,,,,,,,,30.48,,59.182
2L4X3-1/2X5/16LLBB,2L,1,2L102X89X7.9LLBB,22.917724731,,,,,7.9375,,,,101.6,88.9,0,1,,2903.22,2938593.864735999,3671161.173791999,40967.66,41295.40128,73414.04672,68006.3156,,,,,,,,,,,29.718,,54.356
2L4X3-1/2X5/16X3/8LLBB,2L,1,2L102X89X7.9X9LLBB,22.917724731,,,,,7.9375,,,,101.6,88.9,9.525,1,,2903.22,2938593.864735999,4370429.968799999,40967.66,46703.1324,73414.04672,81935.32,,,,,,,,,,,29.718,,56.642
2L4X3-1/2X5/16X3/4LLBB,2L,1,2L102X89X7.9X19LLBB,22.917724731,,,,,7.9375,,,,101.6,88.9,19.05,1,,2903.22,2938593.864735999,5286139.105119999,40967.66,53749.56992,73414.04672,95700.45376,,,,,,,,,,,29.718,,59.182
2L4X3-1/2X1/4LLBB,2L,1,2L102X89X6.4LLBB,18.4532329,,,,,6.35,,,,101.6,88.9,0,1,,2348.3824,2405817.639967999,2926106.921968,33101.86928,32937.99864,59321.17168,53585.69928,,,,,,,,,,,28.956,,54.356
2L4X3-1/2X1/4X3/8LLBB,2L,1,2L102X89X6.4X9LLBB,18.4532329,,,,,6.35,,,,101.6,88.9,9.525,1,,2348.3824,2405817.639967999,3500506.289295999,33101.86928,37362.50592,59321.17168,64728.9028,,,,,,,,,,,28.956,,56.388
2L4X3-1/2X1/4X3/4LLBB,2L,1,2L102X89X6.4X19LLBB,18.4532329,,,,,6.35,,,,101.6,88.9,19.05,1,,2348.3824,2405817.639967999,4162314.255999999,33101.86928,42278.62512,59321.17168,75872.10632,,,,,,,,,,,28.956,,58.928
2L4X3X5/8LLBB,2L,1,2L102X76X15.9LLBB,40.478059265,,,,,15.875,,,,101.6,76.2,0,1,,5148.3768,4994777.107199999,4869907.679519999,74725.01184,63909.5496,133718.44224,113398.48288,,,,,,,,,,,34.798,,51.308
2L4X3X5/8X3/8LLBB,2L,1,2L102X76X15.9X9LLBB,40.478059265,,,,,15.875,,,,101.6,76.2,9.525,1,,5148.3768,4994777.107199999,6035355.671199999,74725.01184,74561.1412,133718.44224,137815.20824,,,,,,,,,,,34.798,,53.594
2L4X3X5/8X3/4LLBB,2L,1,2L102X76X15.9X19LLBB,40.478059265,,,,,15.875,,,,101.6,76.2,19.05,1,,5148.3768,4994777.107199999,7492165.660799998,74725.01184,87343.05112,133718.44224,162395.80424,,,,,,,,,,,34.798,,56.134
2L4X3X1/2LLBB,2L,1,2L102X76X12.7LLBB,33.037239547,,,,,12.7,,,,101.6,76.2,0,1,,4193.54,4162314.255999999,3829329.115519999,61287.61936,50308.28648,110121.07008,87506.92176,,,,,,,,,,,33.528,,51.308
2L4X3X1/2X3/8LLBB,2L,1,2L102X76X12.7X9LLBB,33.037239547,,,,,12.7,,,,101.6,76.2,9.525,1,,4193.54,4162314.255999999,4703415.10928,61287.61936,58174.0772,110121.07008,107499.13984,,,,,,,,,,,33.528,,53.594
2L4X3X1/2X3/4LLBB,2L,1,2L102X76X12.7X19LLBB,33.037239547,,,,,12.7,,,,101.6,76.2,19.05,1,,4193.54,4162314.255999999,5827239.958399999,61287.61936,68006.3156,110121.07008,127491.35792,,,,,,,,,,,33.528,,55.88
2L4X3X3/8LLBB,2L,1,2L102X76X9.5LLBB,25.298787041,,,,,9.525,,,,101.6,76.2,0,1,,3212.8968,3279903.633727999,2838698.322592,47194.74432,37198.63528,85212.7328,63254.06704,,,,,,,,,,,32.258,,51.562
2L4X3X3/8X3/8LLBB,2L,1,2L102X76X9.5X9LLBB,25.298787041,,,,,9.525,,,,101.6,76.2,9.525,1,,3212.8968,3279903.633727999,3504668.603551999,47194.74432,43261.84896,85212.7328,78494.03656,,,,,,,,,,,32.258,,53.594
2L4X3X3/8X3/4LLBB,2L,1,2L102X76X9.5X19LLBB,25.298787041,,,,,9.525,,,,101.6,76.2,19.05,1,,3212.8968,3279903.633727999,4287183.683679999,47194.74432,49980.5452,85212.7328,93897.87672,,,,,,,,,,,32.258,,55.88
2L4X3X5/16LLBB,2L,1,2L102X76X7.9LLBB,21.429560787,,,,,7.9375,,,,101.6,76.2,0,1,,2696.7688,2797075.180031999,2339220.611872,39984.43616,30643.80968,71775.34032,51455.38096,,,,,,,,,,,31.75,,51.562
2L4X3X5/16X3/8LLBB,2L,1,2L102X76X7.9X9LLBB,21.429560787,,,,,7.9375,,,,101.6,76.2,9.525,1,,2696.7688,2797075.180031999,2896970.722175999,39984.43616,35723.79952,71775.34032,64237.29088,,,,,,,,,,,31.75,,53.594
2L4X3X5/16X3/4LLBB,2L,1,2L102X76X7.9X19LLBB,21.429560787,,,,,7.9375,,,,101.6,76.2,19.05,1,,2696.7688,2797075.180031999,3558778.688879999,39984.43616,41459.27192,71775.34032,77019.2008,,,,,,,,,,,31.75,,55.88
2L4X3X1/4LLBB,2L,1,2L102X76X6.4LLBB,17.262701745,,,,,6.35,,,,101.6,76.2,0,1,,2180.6408,2289272.840799999,1860554.472431999,32446.38672,24416.72536,58010.20656,40148.3068,,,,,,,,,,,30.988,,51.562
2L4X3X1/4X3/8LLBB,2L,1,2L102X76X6.4X9LLBB,17.262701745,,,,,6.35,,,,101.6,76.2,9.525,1,,2180.6408,2289272.840799999,2268461.26952,32446.38672,28021.87944,58010.20656,50472.15712,,,,,,,,,,,30.988,,53.594
2L4X3X1/4X3/4LLBB,2L,1,2L102X76X6.4X19LLBB,17.262701745,,,,,6.35,,,,101.6,76.2,19.05,1,,2180.6408,2289272.840799999,2797075.180031999,32446.38672,32610.25736,58010.20656,60959.87808,,,,,,,,,,,30.988,,55.88
2L3-1/2X3X1/2LLBB,2L,1,2L89X76X12.7LLBB,30.358544449,,,,,12.7,,,,88.9,76.2,0,1,,3896.7664,2871996.836639999,3804355.229983999,47522.4856,49980.5452,85540.47408,86032.086,,,,,,,,,,,28.448,,46.99
2L3-1/2X3X1/2X3/8LLBB,2L,1,2L89X76X12.7X9LLBB,30.358544449,,,,,12.7,,,,88.9,76.2,9.525,1,,3896.7664,2871996.836639999,4703415.10928,47522.4856,58174.0772,85540.47408,104549.46832,,,,,,,,,,,28.448,,49.276
2L3-1/2X3X1/2X3/4LLBB,2L,1,2L89X76X12.7X19LLBB,30.358544449,,,,,12.7,,,,88.9,76.2,19.05,1,,3896.7664,2871996.836639999,5827239.958399999,47522.4856,68006.3156,85540.47408,123066.85064,,,,,,,,,,,28.448,,52.07
2L3-1/2X3X7/16LLBB,2L,1,2L89X76X11.1LLBB,27.084583773,,,,,11.1125,,,,88.9,76.2,0,1,,3445.1544,2580634.838719999,3309039.833519999,42278.62512,43425.7196,76035.97696,74069.52928,,,,,,,,,,,27.686,,46.99
2L3-1/2X3X7/16X3/8LLBB,2L,1,2L89X76X11.1X9LLBB,27.084583773,,,,,11.1125,,,,88.9,76.2,9.525,1,,3445.1544,2580634.838719999,4112366.484927999,42278.62512,50799.8984,76035.97696,90456.59328,,,,,,,,,,,27.686,,49.276
2L3-1/2X3X7/16X3/4LLBB,2L,1,2L89X76X11.1X19LLBB,27.084583773,,,,,11.1125,,,,88.9,76.2,19.05,1,,3445.1544,2580634.838719999,5078023.392319999,42278.62512,59157.30104,76035.97696,106843.65728,,,,,,,,,,,27.686,,52.07
2L3-1/2X3X3/8LLBB,2L,1,2L89X76X9.5LLBB,23.512990308,,,,,9.525,,,,88.9,76.2,0,1,,2993.5424,2272623.583775999,2826211.379823999,36707.02336,37034.76464,66531.47984,62598.58448,,,,,,,,,,,27.178,,46.99
2L3-1/2X3X3/8X3/8LLBB,2L,1,2L89X76X9.5X9LLBB,23.512990308,,,,,9.525,,,,88.9,76.2,9.525,1,,2993.5424,2272623.583775999,3521317.860576,36707.02336,43425.7196,66531.47984,76855.33016,,,,,,,,,,,27.178,,49.276
2L3-1/2X3X3/8X3/4LLBB,2L,1,2L89X76X9.5X19LLBB,23.512990308,,,,,9.525,,,,88.9,76.2,19.05,1,,2993.5424,2272623.583775999,4287183.683679999,36707.02336,49980.5452,66531.47984,91112.07584,,,,,,,,,,,27.178,,52.07
2L3-1/2X3X5/16LLBB,2L,1,2L89X76X7.9LLBB,19.643764055,,,,,7.9375,,,,88.9,76.2,0,1,,2516.124,1939638.443296,2339220.611872,31135.4216,30643.80968,56371.50016,50963.76904,,,,,,,,,,,26.67,,46.99
2L3-1/2X3X5/16X3/8LLBB,2L,1,2L89X76X7.9X9LLBB,19.643764055,,,,,7.9375,,,,88.9,76.2,9.525,1,,2516.124,1939638.443296,2871996.836639999,31135.4216,35396.05824,56371.50016,62926.32576,,,,,,,,,,,26.67,,49.276
2L3-1/2X3X5/16X3/4LLBB,2L,1,2L89X76X7.9X19LLBB,19.643764055,,,,,7.9375,,,,88.9,76.2,19.05,1,,2516.124,1939638.443296,3554616.374623999,31135.4216,41459.27192,56371.50016,74888.88248,,,,,,,,,,,26.67,,51.816
2L3-1/2X3X1/4LLBB,2L,1,2L89X76X6.4LLBB,16.072170591,,,,,6.35,,,,88.9,76.2,0,1,,2038.7056,1598328.674304,1860554.472431999,25399.9492,24416.72536,45556.03792,39984.43616,,,,,,,,,,,25.908,,46.99
2L3-1/2X3X1/4X3/8LLBB,2L,1,2L89X76X6.4X9LLBB,16.072170591,,,,,6.35,,,,88.9,76.2,9.525,1,,2038.7056,1598328.674304,2293435.155055999,25399.9492,28349.62072,45556.03792,49816.67456,,,,,,,,,,,25.908,,49.276
2L3-1/2X3X1/4X3/4LLBB,2L,1,2L89X76X6.4X19LLBB,16.072170591,,,,,6.35,,,,88.9,76.2,19.05,1,,2038.7056,1598328.674304,2805399.808543999,25399.9492,32774.128,45556.03792,59485.04232,,,,,,,,,,,25.908,,51.816
2L3-1/2X2-1/2X1/2LLBB,2L,1,2L89X64X12.7LLBB,27.977482139,,,,,12.7,,,,88.9,63.5,0,1,,3574.1864,2697179.637887999,2268461.26952,46211.52048,35723.79952,82590.80256,63581.80832,,,,,,,,,,,30.48,,44.45
2L3-1/2X2-1/2X1/2X3/8LLBB,2L,1,2L89X64X12.7X9LLBB,27.977482139,,,,,12.7,,,,88.9,63.5,9.525,1,,3574.1864,2697179.637887999,2942756.178991999,46211.52048,43097.97832,82590.80256,80624.35488,,,,,,,,,,,30.48,,46.482
2L3-1/2X2-1/2X1/2X3/4LLBB,2L,1,2L89X64X12.7X19LLBB,27.977482139,,,,,12.7,,,,88.9,63.5,19.05,1,,3574.1864,2697179.637887999,3779381.344447999,46211.52048,51783.12224,82590.80256,97666.90144,,,,,,,,,,,30.48,,49.022
2L3-1/2X2-1/2X3/8LLBB,2L,1,2L89X64X9.5LLBB,21.429560787,,,,,9.525,,,,88.9,63.5,0,1,,2735.4784,2131104.899071999,1660763.388144,35723.79952,26219.3024,64237.29088,45556.03792,,,,,,,,,,,29.21,,44.45
2L3-1/2X2-1/2X3/8X3/8LLBB,2L,1,2L89X64X9.5X9LLBB,21.429560787,,,,,9.525,,,,88.9,63.5,9.525,1,,2735.4784,2131104.899071999,2172728.041631999,35723.79952,31790.90416,64237.29088,58501.81848,,,,,,,,,,,29.21,,46.482
2L3-1/2X2-1/2X3/8X3/4LLBB,2L,1,2L89X64X9.5X19LLBB,21.429560787,,,,,9.525,,,,88.9,63.5,19.05,1,,2735.4784,2131104.899071999,2759614.351727999,35723.79952,37854.11784,64237.29088,71611.46968,,,,,,,,,,,29.21,,49.022
2L3-1/2X2-1/2X5/16LLBB,2L,1,2L89X64X7.9LLBB,18.155600112,,,,,7.9375,,,,88.9,63.5,0,1,,2309.6728,1831418.27264,1373563.70448,30316.0684,21630.92448,54732.79376,37034.76464,,,,,,,,,,,28.702,,44.704
2L3-1/2X2-1/2X5/16X3/8LLBB,2L,1,2L89X64X7.9X9LLBB,18.155600112,,,,,7.9375,,,,88.9,63.5,9.525,1,,2309.6728,1831418.27264,1768983.5588,30316.0684,25891.56112,54732.79376,48014.09752,,,,,,,,,,,28.702,,46.482
2L3-1/2X2-1/2X5/16X3/4LLBB,2L,1,2L89X64X7.9X19LLBB,18.155600112,,,,,7.9375,,,,88.9,63.5,19.05,1,,2309.6728,1831418.27264,2289272.840799999,30316.0684,31299.29224,54732.79376,59157.30104,,,,,,,,,,,28.702,,48.768
2L3-1/2X2-1/2X1/4LLBB,2L,1,2L89X64X6.4LLBB,14.584006647,,,,,6.35,,,,88.9,63.5,0,1,,1870.964,1506757.760672,1090526.335072,24744.46664,17206.4172,44572.81408,28841.23264,,,,,,,,,,,27.94,,44.704
2L3-1/2X2-1/2X1/4X3/8LLBB,2L,1,2L89X64X6.4X9LLBB,14.584006647,,,,,6.35,,,,88.9,63.5,9.525,1,,1870.964,1506757.760672,1406862.218528,24744.46664,20647.70064,44572.81408,37690.2472,,,,,,,,,,,27.94,,46.482
2L3-1/2X2-1/2X1/4X3/4LLBB,2L,1,2L89X64X6.4X19LLBB,14.584006647,,,,,6.35,,,,88.9,63.5,19.05,1,,1870.964,1506757.760672,1798119.758592,24744.46664,24580.596,44572.81408,46703.1324,,,,,,,,,,,27.94,,48.768
2L3X2-1/2X1/2LLBB,2L,1,2L76X64X12.7LLBB,25.298787041,,,,,12.7,,,,76.2,63.5,0,1,,3225.8,1723198.101983999,2251812.012496,33757.35184,35396.05824,60959.87808,61123.74872,,,,,,,,,,,25.273,,39.878
2L3X2-1/2X1/2X3/8LLBB,2L,1,2L76X64X12.7X9LLBB,25.298787041,,,,,12.7,,,,76.2,63.5,9.525,1,,3225.8,1723198.101983999,2896970.722175999,33757.35184,42442.49576,60959.87808,76527.58888,,,,,,,,,,,25.273,,42.164
2L3X2-1/2X1/2X3/4LLBB,2L,1,2L76X64X12.7X19LLBB,25.298787041,,,,,12.7,,,,76.2,63.5,19.05,1,,3225.8,1723198.101983999,3679485.802303999,33757.35184,50308.28648,60959.87808,91767.5584,,,,,,,,,,,25.273,,45.212
2L3X2-1/2X7/16LLBB,2L,1,2L76X64X11.1LLBB,22.620091942,,,,,11.1125,,,,76.2,63.5,0,1,,2864.5104,1556705.531744,1922989.186271999,30152.19776,30316.0684,54405.05248,52602.47544,,,,,,,,,,,24.6888,,39.878
2L3X2-1/2X7/16X3/8LLBB,2L,1,2L76X64X11.1X9LLBB,22.620091942,,,,,11.1125,,,,76.2,63.5,9.525,1,,2864.5104,1556705.531744,2484901.610831999,30152.19776,36379.28208,54405.05248,66367.6092,,,,,,,,,,,24.6888,,42.164
2L3X2-1/2X7/16X3/4LLBB,2L,1,2L76X64X11.1X19LLBB,22.620091942,,,,,11.1125,,,,76.2,63.5,19.05,1,,2864.5104,1556705.531744,3221631.234143999,30152.19776,44081.20216,54405.05248,79968.87232,,,,,,,,,,,24.6888,,44.958
2L3X2-1/2X3/8LLBB,2L,1,2L76X64X9.5LLBB,19.643764055,,,,,9.525,,,,76.2,63.5,0,1,,2490.3176,1373563.70448,1639951.816863999,26383.17304,25891.56112,47522.4856,44408.94344,,,,,,,,,,,24.1046,,39.878
2L3X2-1/2X3/8X3/8LLBB,2L,1,2L76X64X9.5X9LLBB,19.643764055,,,,,9.525,,,,76.2,63.5,9.525,1,,2490.3176,1373563.70448,2122780.270559999,26383.17304,31135.4216,47522.4856,56207.62952,,,,,,,,,,,24.1046,,42.164
2L3X2-1/2X3/8X3/4LLBB,2L,1,2L76X64X9.5X19LLBB,19.643764055,,,,,9.525,,,,76.2,63.5,19.05,1,,2490.3176,1373563.70448,2713828.894911999,26383.17304,37198.63528,47522.4856,68006.3156,,,,,,,,,,,24.1046,,44.958
2L3X2-1/2X5/16LLBB,2L,1,2L76X64X7.9LLBB,16.667436168,,,,,7.9375,,,,76.2,63.5,0,1,,2103.2216,1173772.620192,1356914.447456,22286.40704,21303.1832,40312.17744,36215.41144,,,,,,,,,,,23.495,,39.878
2L3X2-1/2X5/16X3/8LLBB,2L,1,2L76X64X7.9X9LLBB,16.667436168,,,,,7.9375,,,,76.2,63.5,9.525,1,,2103.2216,1173772.620192,1764821.244544,22286.40704,25891.56112,40312.17744,46211.52048,,,,,,,,,,,23.495,,42.164
2L3X2-1/2X5/16X3/4LLBB,2L,1,2L76X64X7.9X19LLBB,16.667436168,,,,,7.9375,,,,76.2,63.5,19.05,1,,2103.2216,1173772.620192,2255974.326752,22286.40704,30971.55096,40312.17744,56207.62952,,,,,,,,,,,23.495,,44.704
2L3X2-1/2X1/4LLBB,2L,1,2L76X64X6.4LLBB,13.393475492,,,,,6.35,,,,76.2,63.5,0,1,,1703.2224,965656.907392,1078039.392304,18189.64104,17042.54656,32774.128,28185.75008,,,,,,,,,,,22.86,,39.878
2L3X2-1/2X1/4X3/8LLBB,2L,1,2L76X64X6.4X9LLBB,13.393475492,,,,,6.35,,,,76.2,63.5,9.525,1,,1703.2224,965656.907392,1377726.018736,18189.64104,20156.08872,32774.128,36379.28208,,,,,,,,,,,22.86,,42.164
2L3X2-1/2X1/4X3/4LLBB,2L,1,2L76X64X6.4X19LLBB,13.393475492,,,,,6.35,,,,76.2,63.5,19.05,1,,1703.2224,965656.907392,1773145.873055999,18189.64104,24252.85472,32774.128,44408.94344,,,,,,,,,,,22.86,,44.704
2L3X2-1/2X3/16LLBB,2L,1,2L76X64X4.8LLBB,10.089751537,,,,,4.7625,,,,76.2,63.5,0,1,,1290.32,749216.56608,799164.337152,13863.456144,12585.265152,24908.33728,20483.83,,,,,,,,,,,22.1996,,39.878
2L3X2-1/2X3/16X3/8LLBB,2L,1,2L76X64X4.8X9LLBB,10.089751537,,,,,4.7625,,,,76.2,63.5,9.525,1,,1290.32,749216.56608,1023929.306976,13863.456144,14994.16356,24908.33728,26710.91432,,,,,,,,,,,22.1996,,41.91
2L3X2-1/2X3/16X3/4LLBB,2L,1,2L76X64X4.8X19LLBB,10.089751537,,,,,4.7625,,,,76.2,63.5,19.05,1,,1290.32,749216.56608,1302804.362128,13863.456144,17861.89976,24908.33728,32774.128,,,,,,,,,,,22.1996,,44.45
2L3X2X1/2LLBB,2L,1,2L76X51X12.7LLBB,22.917724731,,,,,12.7,,,,76.2,50.8,0,1,,2916.1232,1598328.674304,1190421.877216,32774.128,23433.50152,58337.94784,42934.10768,,,,,,,,,,,27.432,,37.338
2L3X2X1/2X3/8LLBB,2L,1,2L76X51X12.7X9LLBB,22.917724731,,,,,12.7,,,,76.2,50.8,9.525,1,,2916.1232,1598328.674304,1660763.388144,32774.128,29824.45648,58337.94784,56863.11208,,,,,,,,,,,27.432,,39.37
2L3X2X1/2X3/4LLBB,2L,1,2L76X51X12.7X19LLBB,22.917724731,,,,,12.7,,,,76.2,50.8,19.05,1,,2916.1232,1598328.674304,2276785.898031999,32774.128,37690.2472,58337.94784,70792.11648,,,,,,,,,,,27.432,,42.164
2L3X2X3/8LLBB,2L,1,2L76X51X9.5LLBB,17.560334534,,,,,9.525,,,,76.2,50.8,0,1,,2258.06,1281992.790848,865761.365248,25563.81984,17042.54656,45556.03792,30643.80968,,,,,,,,,,,26.162,,37.592
2L3X2X3/8X3/8LLBB,2L,1,2L76X51X9.5X9LLBB,17.560334534,,,,,9.525,,,,76.2,50.8,9.525,1,,2258.06,1281992.790848,1207071.13424,25563.81984,21794.79512,45556.03792,41459.27192,,,,,,,,,,,26.162,,39.37
2L3X2X3/8X3/4LLBB,2L,1,2L76X51X9.5X19LLBB,17.560334534,,,,,9.525,,,,76.2,50.8,19.05,1,,2258.06,1281992.790848,1669088.016655999,25563.81984,27694.13816,45556.03792,52110.86352,,,,,,,,,,,26.162,,41.91
2L3X2X5/16LLBB,2L,1,2L76X51X7.9LLBB,14.881639436,,,,,7.9375,,,,76.2,50.8,0,1,,1909.6736,1098850.963584,711755.737776,21630.92448,14010.93972,39001.21232,24744.46664,,,,,,,,,,,25.654,,37.592
2L3X2X5/16X3/8LLBB,2L,1,2L76X51X7.9X9LLBB,14.881639436,,,,,7.9375,,,,76.2,50.8,9.525,1,,1909.6736,1098850.963584,990630.792928,21630.92448,17861.89976,39001.21232,33921.22248,,,,,,,,,,,25.654,,39.624
2L3X2X5/16X3/4LLBB,2L,1,2L76X51X7.9X19LLBB,14.881639436,,,,,7.9375,,,,76.2,50.8,19.05,1,,1909.6736,1098850.963584,1356914.447456,21630.92448,22450.27768,39001.21232,42934.10768,,,,,,,,,,,25.654,,41.91
2L3X2X1/4LLBB,2L,1,2L76X51X6.4LLBB,12.202944337,,,,,6.35,,,,76.2,50.8,0,1,,1548.384,907384.507808,561912.42456,17698.02912,11061.2682,31790.90416,19172.86488,,,,,,,,,,,24.892,,37.592
2L3X2X1/4X3/8LLBB,2L,1,2L76X51X6.4X9LLBB,12.202944337,,,,,6.35,,,,76.2,50.8,9.525,1,,1548.384,907384.507808,778352.765872,17698.02912,14010.93972,31790.90416,26547.04368,,,,,,,,,,,24.892,,39.624
2L3X2X1/4X3/4LLBB,2L,1,2L76X51X6.4X19LLBB,12.202944337,,,,,6.35,,,,76.2,50.8,19.05,1,,1548.384,907384.507808,1061390.13528,17698.02912,17534.15848,31790.90416,33921.22248,,,,,,,,,,,24.892,,41.91
2L3X2X3/16LLBB,2L,1,2L76X51X4.8LLBB,9.137326614,,,,,4.7625,,,,76.2,50.8,0,1,,1180.6428,703431.109264,415815.1941744,13568.488992,8193.532,24416.72536,13879.843208,,,,,,,,,,,24.1808,,37.846
2L3X2X3/16X3/8LLBB,2L,1,2L76X51X4.8X9LLBB,9.137326614,,,,,4.7625,,,,76.2,50.8,9.525,1,,1180.6428,703431.109264,574399.367328,13568.488992,10340.237384,24416.72536,19500.60616,,,,,,,,,,,24.1808,,39.37
2L3X2X3/16X3/4LLBB,2L,1,2L76X51X4.8X19LLBB,9.137326614,,,,,4.7625,,,,76.2,50.8,19.05,1,,1180.6428,703431.109264,790839.70864,13568.488992,13109.6512,24416.72536,25236.07856,,,,,,,,,,,24.1808,,41.656
2L2-1/2X2X3/8LLBB,2L,1,2L64X51X9.5LLBB,15.774537802,,,,,9.525,,,,63.5,50.8,0,1,,1999.996,761703.508848,857436.736736,17861.89976,16878.67592,32118.64544,29332.84456,,,,,,,,,,,20.9804,,32.766
2L2-1/2X2X3/8X3/8LLBB,2L,1,2L64X51X9.5X9LLBB,15.774537802,,,,,9.525,,,,63.5,50.8,9.525,1,,1999.996,761703.508848,1182097.248704,17861.89976,21303.1832,32118.64544,38837.34168,,,,,,,,,,,20.9804,,35.052
2L2-1/2X2X3/8X3/4LLBB,2L,1,2L64X51X9.5X19LLBB,15.774537802,,,,,9.525,,,,63.5,50.8,19.05,1,,1999.996,761703.508848,1590004.045791999,17861.89976,26383.17304,32118.64544,48341.8388,,,,,,,,,,,20.9804,,37.846
2L2-1/2X2X5/16LLBB,2L,1,2L64X51X7.9LLBB,13.393475492,,,,,7.9375,,,,63.5,50.8,0,1,,1703.2224,657645.652448,711755.737776,15239.96952,14010.93972,27530.26752,24088.98408,,,,,,,,,,,20.3962,,32.766
2L2-1/2X2X5/16X3/8LLBB,2L,1,2L64X51X7.9X9LLBB,13.393475492,,,,,7.9375,,,,63.5,50.8,9.525,1,,1703.2224,657645.652448,978143.85016,15239.96952,17534.15848,27530.26752,32118.64544,,,,,,,,,,,20.3962,,35.052
2L2-1/2X2X5/16X3/4LLBB,2L,1,2L64X51X7.9X19LLBB,13.393475492,,,,,7.9375,,,,63.5,50.8,19.05,1,,1703.2224,657645.652448,1327778.247664,15239.96952,21958.66576,27530.26752,40312.17744,,,,,,,,,,,20.3962,,37.846
2L2-1/2X2X1/4LLBB,2L,1,2L64X51X6.4LLBB,10.774306951,,,,,6.35,,,,63.5,50.8,0,1,,1380.6424,545263.167536,561912.42456,12486.942768,11061.2682,22614.14832,18681.25296,,,,,,,,,,,19.7866,,32.766
2L2-1/2X2X1/4X3/8LLBB,2L,1,2L64X51X6.4X9LLBB,10.774306951,,,,,6.35,,,,63.5,50.8,9.525,1,,1380.6424,545263.167536,770028.13736,12486.942768,13863.456144,22614.14832,25236.07856,,,,,,,,,,,19.7866,,35.052
2L2-1/2X2X1/4X3/4LLBB,2L,1,2L64X51X6.4X19LLBB,10.774306951,,,,,6.35,,,,63.5,50.8,19.05,1,,1380.6424,545263.167536,1040578.564,12486.942768,17206.4172,22614.14832,31790.90416,,,,,,,,,,,19.7866,,37.846
2L2-1/2X2X3/16LLBB,2L,1,2L64X51X4.8LLBB,8.18490169,,,,,4.7625,,,,63.5,50.8,0,1,,1058.0624,424556.054112,420393.739856,9602.819504,8275.46732,17370.28784,13617.650184,,,,,,,,,,,19.1516,,32.766
2L2-1/2X2X3/16X3/8LLBB,2L,1,2L64X51X4.8X9LLBB,8.18490169,,,,,4.7625,,,,63.5,50.8,9.525,1,,1058.0624,424556.054112,574399.367328,9602.819504,10340.237384,17370.28784,18681.25296,,,,,,,,,,,19.1516,,35.052
2L2-1/2X2X3/16X3/4LLBB,2L,1,2L64X51X4.8X19LLBB,8.18490169,,,,,4.7625,,,,63.5,50.8,19.05,1,,1058.0624,424556.054112,782515.080128,9602.819504,12978.554688,17370.28784,23597.37216,,,,,,,,,,,19.1516,,37.592
2L2-1/2X1-1/2X1/4LLBB,2L,1,2L64X38X6.4LLBB,9.49448596,,,,,6.35,,,,63.5,38.1,0,1,,1219.3524,495315.396464,238916.8382944,11929.782592,6276.245512,21139.31256,11552.88012,,,,,,,,,,,21.9964,,30.734
2L2-1/2X1-1/2X1/4X3/8LLBB,2L,1,2L64X38X6.4X9LLBB,9.49448596,,,,,6.35,,,,63.5,38.1,9.525,1,,1219.3524,495315.396464,375440.7458912,11929.782592,8767.07924,21139.31256,17370.28784,,,,,,,,,,,21.9964,,32.512
2L2-1/2X1-1/2X1/4X3/4LLBB,2L,1,2L64X38X6.4X19LLBB,9.49448596,,,,,6.35,,,,63.5,38.1,19.05,1,,1219.3524,495315.396464,570237.053072,11929.782592,11978.943784,21139.31256,23105.76024,,,,,,,,,,,21.9964,,35.052
2L2-1/2X1-1/2X3/16LLBB,2L,1,2L64X38X4.8LLBB,7.262240045,,,,,4.7625,,,,63.5,38.1,0,1,,935.482,386262.7629568,176482.1244544,9176.75584,4637.539112,16288.741616,8226.306128,,,,,,,,,,,21.3106,,30.988
2L2-1/2X1-1/2X3/16X3/8LLBB,2L,1,2L64X38X4.8X9LLBB,7.262240045,,,,,4.7625,,,,63.5,38.1,9.525,1,,935.482,386262.7629568,276793.898024,9176.75584,6456.503216,16288.741616,12683.587536,,,,,,,,,,,21.3106,,32.766
2L2-1/2X1-1/2X3/16X3/4LLBB,2L,1,2L64X38X4.8X19LLBB,7.262240045,,,,,4.7625,,,,63.5,38.1,19.05,1,,935.482,386262.7629568,420393.739856,9176.75584,8832.627496,16288.741616,17206.4172,,,,,,,,,,,21.3106,,35.052
2L8X6X1SLBB,2L,1,2L203X152X25.4SLBB,131.553692612,,,,,25.4,,,,203.2,152.4,0,2,,16903.192,32299558.62655999,143599841.83199996,291689.7392,706282.4584,530940.8736,1137262.2416,,,,,,,,,,,41.91,,106.172
2L8X6X1X3/8SLBB,2L,1,2L203X152X25.4X9SLBB,131.553692612,,,,,25.4,,,,203.2,152.4,9.525,2,,16903.192,32299558.62655999,154838090.32319996,291689.7392,743972.7056,530940.8736,1217558.8552,,,,,,,,,,,41.91,,109.22
2L8X6X1X3/4SLBB,2L,1,2L203X152X25.4X19SLBB,131.553692612,,,,,25.4,,,,203.2,152.4,19.05,2,,16903.192,32299558.62655999,166908801.66559997,291689.7392,784940.3656,530940.8736,1299494.1752,,,,,,,,,,,41.91,,112.522
2L8X6X7/8SLBB,2L,1,2L203X152X22.2SLBB,116.374420387,,,,,22.225,,,,203.2,152.4,0,2,,14838.68,29052953.506879993,124869427.67999998,260554.3176,614514.9,470308.7368,979946.4272,,,,,,,,,,,40.64,,105.918
2L8X6X7/8X3/8SLBB,2L,1,2L203X152X22.2X9SLBB,116.374420387,,,,,22.225,,,,203.2,152.4,9.525,2,,14838.68,29052953.506879993,134442750.46879998,260554.3176,647289.028,470308.7368,1050410.8024,,,,,,,,,,,40.64,,108.966
2L8X6X7/8X3/4SLBB,2L,1,2L203X152X22.2X19SLBB,116.374420387,,,,,22.225,,,,203.2,152.4,19.05,2,,14838.68,29052953.506879993,144848536.10879996,260554.3176,681701.8624,470308.7368,1120875.1776,,,,,,,,,,,40.64,,112.268
2L8X6X3/4SLBB,2L,1,2L203X152X19SLBB,100.599882585,,,,,19.05,,,,203.2,152.4,0,2,,12903.2,25598232.674399994,107387707.80479997,226141.4832,527663.4608,408037.8936,834101.5576,,,,,,,,,,,39.624,,105.918
2L8X6X3/4X3/8SLBB,2L,1,2L203X152X19X9SLBB,100.599882585,,,,,19.05,,,,203.2,152.4,9.525,2,,12903.2,25598232.674399994,115296104.89119998,226141.4832,553882.7632,408037.8936,896372.4008,,,,,,,,,,,39.624,,108.712
2L8X6X3/4X3/4SLBB,2L,1,2L203X152X19X19SLBB,100.599882585,,,,,19.05,,,,203.2,152.4,19.05,2,,12903.2,25598232.674399994,124036964.82879996,226141.4832,583379.4784,408037.8936,957004.5376,,,,,,,,,,,39.624,,111.76
2L8X6X5/8SLBB,2L,1,2L203X152X15.9SLBB,84.825344783,,,,,15.875,,,,203.2,152.4,0,2,,10838.688,21977019.271679994,89073525.07839999,193367.3552,439173.3152,344128.344,688256.688,,,,,,,,,,,38.354,,105.664
2L8X6X5/8X3/8SLBB,2L,1,2L203X152X15.9X9SLBB,84.825344783,,,,,15.875,,,,203.2,152.4,9.525,2,,10838.688,21977019.271679994,95733227.88799998,193367.3552,460476.4984,344128.344,740695.2928,,,,,,,,,,,38.354,,108.458
2L8X6X5/8X3/4SLBB,2L,1,2L203X152X15.9X19SLBB,84.825344783,,,,,15.875,,,,203.2,152.4,19.05,2,,10838.688,21977019.271679994,103225393.54879998,193367.3552,485057.0944,344128.344,793133.8976,,,,,,,,,,,38.354,,111.506
2L8X6X9/16SLBB,2L,1,2L203X152X14.3SLBB,76.491626699,,,,,14.2875,,,,203.2,152.4,0,2,,9806.432,20062354.713919997,79916433.71519998,175341.5848,393289.536,311354.216,617792.3128,,,,,,,,,,,37.846,,105.41
2L8X6X9/16X3/8SLBB,2L,1,2L203X152X14.3X9SLBB,76.491626699,,,,,14.2875,,,,203.2,152.4,9.525,2,,9806.432,20062354.713919997,86159905.09919998,175341.5848,414592.7192,311354.216,665314.7984,,,,,,,,,,,37.846,,108.458
2L8X6X9/16X3/4SLBB,2L,1,2L203X152X14.3X19SLBB,76.491626699,,,,,14.2875,,,,203.2,152.4,19.05,2,,9806.432,20062354.713919997,92819607.90879998,175341.5848,435895.9024,311354.216,712837.284,,,,,,,,,,,37.846,,111.506
2L8X6X1/2SLBB,2L,1,2L203X152X12.7SLBB,68.455541404,,,,,12.7,,,,203.2,152.4,0,2,,8774.176,18106067.013599996,70759342.35199998,156988.07312,347405.7568,278580.088,548966.644,,,,,,,,,,,37.084,,105.41
2L8X6X1/2X3/8SLBB,2L,1,2L203X152X12.7X9SLBB,68.455541404,,,,,12.7,,,,203.2,152.4,9.525,2,,8774.176,18106067.013599996,76586582.31039998,156988.07312,368708.94,278580.088,589934.304,,,,,,,,,,,37.084,,108.204
2L8X6X1/2X3/4SLBB,2L,1,2L203X152X12.7X19SLBB,68.455541404,,,,,12.7,,,,203.2,152.4,19.05,2,,8774.176,18106067.013599996,81997590.84319998,156988.07312,385096.004,278580.088,632540.6704,,,,,,,,,,,37.084,,111.252
2L8X6X7/16SLBB,2L,1,2L203X152X11.1SLBB,60.12182332,,,,,11.1125,,,,203.2,152.4,0,2,,7741.92,16066533.028159996,62434713.83999999,138634.56144,308076.8032,245805.96,476863.5624,,,,,,,,,,,36.576,,105.41
2L8X6X7/16X3/8SLBB,2L,1,2L203X152X11.1X9SLBB,60.12182332,,,,,11.1125,,,,203.2,152.4,9.525,2,,7741.92,16066533.028159996,67013259.521599986,138634.56144,322825.1608,245805.96,514553.8096,,,,,,,,,,,36.576,,108.204
2L8X6X7/16X3/4SLBB,2L,1,2L203X152X11.1X19SLBB,60.12182332,,,,,11.1125,,,,203.2,152.4,19.05,2,,7741.92,16066533.028159996,72008036.62879999,138634.56144,339212.2248,245805.96,550605.3504,,,,,,,,,,,36.576,,111.252
2L8X4X1SLBB,2L,1,2L203X102X25.4SLBB,111.314662979,,,,,25.4,,,,203.2,101.6,0,2,,14322.552,9698192.216479998,143599841.83199996,128966.19368,706282.4584,253999.492,1102849.4072,,,,,,,,,,,26.416,,104.394
2L8X4X1X3/8SLBB,2L,1,2L203X102X25.4X9SLBB,111.314662979,,,,,25.4,,,,203.2,101.6,9.525,2,,14322.552,9698192.216479998,154005627.47199997,128966.19368,740695.2928,253999.492,1170036.3696,,,,,,,,,,,26.416,,107.95
2L8X4X1X3/4SLBB,2L,1,2L203X102X25.4X19SLBB,111.314662979,,,,,25.4,,,,203.2,101.6,19.05,2,,14322.552,9698192.216479998,165243875.96319997,128966.19368,776746.8336,253999.492,1238862.0384,,,,,,,,,,,26.416,,111.506
2L8X4X7/8SLBB,2L,1,2L203X102X22.2SLBB,98.516453064,,,,,22.225,,,,203.2,101.6,0,2,,12645.136,8782483.080159998,124869427.67999998,115037.18928,614514.9,221225.364,958643.244,,,,,,,,,,,25.3238,,103.886
2L8X4X7/8X3/8SLBB,2L,1,2L203X102X22.2X9SLBB,98.516453064,,,,,22.225,,,,203.2,101.6,9.525,2,,12645.136,8782483.080159998,134442750.46879998,115037.18928,647289.028,221225.364,1019275.3808,,,,,,,,,,,25.3238,,107.188
2L8X4X7/8X3/4SLBB,2L,1,2L203X102X22.2X19SLBB,98.516453064,,,,,22.225,,,,203.2,101.6,19.05,2,,12645.136,8782483.080159998,144432304.68319997,115037.18928,678424.4496,221225.364,1079907.5176,,,,,,,,,,,25.3238,,110.998
2L8X4X3/4SLBB,2L,1,2L203X102X19SLBB,85.420610361,,,,,19.05,,,,203.2,101.6,0,2,,10967.72,7783527.658719998,106971476.37919998,100616.57296,526024.7544,190089.9424,817714.4936,,,,,,,,,,,24.1046,,103.378
2L8X4X3/4X3/8SLBB,2L,1,2L203X102X19X9SLBB,85.420610361,,,,,19.05,,,,203.2,101.6,9.525,2,,10967.72,7783527.658719998,114879873.46559997,100616.57296,552244.0568,190089.9424,870153.0984,,,,,,,,,,,24.1046,,106.68
2L8X4X3/4X3/4SLBB,2L,1,2L203X102X19X19SLBB,85.420610361,,,,,19.05,,,,203.2,101.6,19.05,2,,10967.72,7783527.658719998,123620733.40319997,100616.57296,581740.772,190089.9424,922591.7032,,,,,,,,,,,24.1046,,110.49
2L8X4X5/8SLBB,2L,1,2L203X102X15.9SLBB,72.027134869,,,,,15.875,,,,203.2,101.6,0,2,,9225.788,6742949.094719999,88657293.65279998,85704.34472,435895.9024,159446.13272,678424.4496,,,,,,,,,,,22.9108,,102.87
2L8X4X5/8X3/8SLBB,2L,1,2L203X102X15.9X9SLBB,72.027134869,,,,,15.875,,,,203.2,101.6,9.525,2,,9225.788,6742949.094719999,95316996.46239997,85704.34472,458837.792,159446.13272,722669.5224,,,,,,,,,,,22.9108,,106.172
2L8X4X5/8X3/4SLBB,2L,1,2L203X102X15.9X19SLBB,72.027134869,,,,,15.875,,,,203.2,101.6,19.05,2,,9225.788,6742949.094719999,102392930.69759998,85704.34472,481779.6816,159446.13272,766914.5952,,,,,,,,,,,22.9108,,109.728
2L8X4X9/16SLBB,2L,1,2L203X102X14.3SLBB,65.181580728,,,,,14.2875,,,,203.2,101.6,0,2,,8387.08,6201848.241439999,80332665.14079998,78166.29528,394928.2424,143714.55128,607960.0744,,,,,,,,,,,22.3012,,102.616
2L8X4X9/16X3/8SLBB,2L,1,2L203X102X14.3X9SLBB,65.181580728,,,,,14.2875,,,,203.2,101.6,9.525,2,,8387.08,6201848.241439999,86159905.09919998,78166.29528,414592.7192,143714.55128,648927.7344,,,,,,,,,,,22.3012,,105.918
2L8X4X9/16X3/4SLBB,2L,1,2L203X102X14.3X19SLBB,65.181580728,,,,,14.2875,,,,203.2,101.6,19.05,2,,8387.08,6201848.241439999,92403376.48319998,78166.29528,434257.196,143714.55128,688256.688,,,,,,,,,,,22.3012,,109.474
2L8X4X1/2SLBB,2L,1,2L203X102X12.7SLBB,58.336026588,,,,,12.7,,,,203.2,101.6,0,2,,7483.856,5619124.245599999,70759342.35199998,70300.50456,347405.7568,127982.96984,539134.4056,,,,,,,,,,,21.6916,,102.362
2L8X4X1/2X3/8SLBB,2L,1,2L203X102X12.7X9SLBB,58.336026588,,,,,12.7,,,,203.2,101.6,9.525,2,,7483.856,5619124.245599999,76170350.88479999,70300.50456,367070.2336,127982.96984,575185.9464,,,,,,,,,,,21.6916,,105.664
2L8X4X1/2X3/4SLBB,2L,1,2L203X102X12.7X19SLBB,58.336026588,,,,,12.7,,,,203.2,101.6,19.05,2,,7483.856,5619124.245599999,81997590.84319998,70300.50456,385096.004,127982.96984,611237.4872,,,,,,,,,,,21.6916,,109.22
2L8X4X7/16SLBB,2L,1,2L203X102X11.1SLBB,51.192839659,,,,,11.1125,,,,203.2,101.6,0,2,,6580.632,5036400.249759999,62018482.41439998,62434.71384,304799.3904,112251.3884,470308.7368,,,,,,,,,,,21.0566,,102.108
2L8X4X7/16X3/8SLBB,2L,1,2L203X102X11.1X9SLBB,51.192839659,,,,,11.1125,,,,203.2,101.6,9.525,2,,6580.632,5036400.249759999,66597028.095999986,62434.71384,319547.748,112251.3884,501444.1584,,,,,,,,,,,21.0566,,105.41
2L8X4X7/16X3/4SLBB,2L,1,2L203X102X11.1X19SLBB,51.192839659,,,,,11.1125,,,,203.2,101.6,19.05,2,,6580.632,5036400.249759999,71175573.77759999,62434.71384,334296.1056,112251.3884,534218.2864,,,,,,,,,,,21.0566,,108.966
2L7X4X3/4SLBB,2L,1,2L178X102X19SLBB,77.979790643,,,,,19.05,,,,177.8,101.6,0,2,,9999.98,7492165.660799998,72008036.62879999,98486.25464,404760.4808,183535.1168,634179.3768,,,,,,,,,,,25.4,,90.678
2L7X4X3/4X3/8SLBB,2L,1,2L178X102X19X9SLBB,77.979790643,,,,,19.05,,,,177.8,101.6,9.525,2,,9999.98,7492165.660799998,78251508.01279998,98486.25464,429341.0768,183535.1168,681701.8624,,,,,,,,,,,25.4,,93.98
2L7X4X3/4X3/4SLBB,2L,1,2L178X102X19X19SLBB,77.979790643,,,,,19.05,,,,177.8,101.6,19.05,2,,9999.98,7492165.660799998,84911210.82239997,98486.25464,453921.6728,183535.1168,729224.348,,,,,,,,,,,25.4,,97.536
2L7X4X5/8SLBB,2L,1,2L178X102X15.9SLBB,65.776846306,,,,,15.875,,,,177.8,101.6,0,2,,8387.08,6493210.239359998,59104862.43519998,83901.76768,332657.3992,153710.66032,521108.6352,,,,,,,,,,,24.3332,,90.17
2L7X4X5/8X3/8SLBB,2L,1,2L178X102X15.9X9SLBB,65.776846306,,,,,15.875,,,,177.8,101.6,9.525,2,,8387.08,6493210.239359998,64932102.39359999,83901.76768,355599.2888,153710.66032,562076.2952,,,,,,,,,,,24.3332,,93.472
2L7X4X5/8X3/4SLBB,2L,1,2L178X102X15.9X19SLBB,65.776846306,,,,,15.875,,,,177.8,101.6,19.05,2,,8387.08,6493210.239359998,69926879.50079998,83901.76768,373625.0592,153710.66032,601405.2488,,,,,,,,,,,24.3332,,97.028
2L7X4X1/2SLBB,2L,1,2L178X102X12.7SLBB,53.27626918,,,,,12.7,,,,177.8,101.6,0,2,,6774.18,5411008.532799998,47450382.51839999,68825.6688,267109.1432,123558.46256,412954.0128,,,,,,,,,,,23.114,,89.662
2L7X4X1/2X3/8SLBB,2L,1,2L178X102X12.7X9SLBB,53.27626918,,,,,12.7,,,,177.8,101.6,9.525,2,,6774.18,5411008.532799998,51612696.77439999,68825.6688,283496.2072,123558.46256,445728.1408,,,,,,,,,,,23.114,,92.964
2L7X4X1/2X3/4SLBB,2L,1,2L178X102X12.7X19SLBB,53.27626918,,,,,12.7,,,,177.8,101.6,19.05,2,,6774.18,5411008.532799998,55775011.030399986,68825.6688,298244.5648,123558.46256,478502.2688,,,,,,,,,,,23.114,,96.52
2L7X4X7/16SLBB,2L,1,2L178X102X11.1SLBB,46.728347828,,,,,11.1125,,,,177.8,101.6,0,2,,5974.1816,4828284.536959998,41456649.98975999,60959.87808,232696.3088,108318.49304,360515.408,,,,,,,,,,,22.5044,,89.662
2L7X4X7/16X3/8SLBB,2L,1,2L178X102X11.1X9SLBB,46.728347828,,,,,11.1125,,,,177.8,101.6,9.525,2,,5974.1816,4828284.536959998,44952993.96479999,60959.87808,245805.96,108318.49304,390012.1232,,,,,,,,,,,22.5044,,92.964
2L7X4X7/16X3/4SLBB,2L,1,2L178X102X11.1X19SLBB,46.728347828,,,,,11.1125,,,,177.8,101.6,19.05,2,,5974.1816,4828284.536959998,48699076.79519999,60959.87808,260554.3176,108318.49304,417870.132,,,,,,,,,,,22.5044,,96.266
2L7X4X3/8SLBB,2L,1,2L178X102X9.5SLBB,40.478059265,,,,,9.525,,,,177.8,101.6,0,2,,5161.28,4203937.398559999,35379671.17599999,52766.34608,198283.4744,93078.52352,308076.8032,,,,,,,,,,,21.8694,,89.408
2L7X4X3/8X3/8SLBB,2L,1,2L178X102X9.5X9SLBB,40.478059265,,,,,9.525,,,,177.8,101.6,9.525,2,,5161.28,4203937.398559999,38501406.86799999,52766.34608,211393.1256,93078.52352,332657.3992,,,,,,,,,,,21.8694,,92.71
2L7X4X3/8X3/4SLBB,2L,1,2L178X102X9.5X19SLBB,40.478059265,,,,,9.525,,,,177.8,101.6,19.05,2,,5161.28,4203937.398559999,41623142.55999999,52766.34608,222864.0704,93078.52352,357237.9952,,,,,,,,,,,21.8694,,96.012
2L6X4X7/8SLBB,2L,1,2L152X102X22.2SLBB,80.95611853,,,,,22.225,,,,152.4,101.6,0,2,,10322.56,8074889.656639998,52861391.05119999,110448.81136,347405.7568,204838.3,555521.4696,,,,,,,,,,,28.448,,78.74
2L6X4X7/8X3/8SLBB,2L,1,2L152X102X22.2X9SLBB,80.95611853,,,,,22.225,,,,152.4,101.6,9.525,2,,10322.56,8074889.656639998,58272399.583999984,110448.81136,370347.6464,204838.3,604682.6616,,,,,,,,,,,28.448,,82.042
2L6X4X7/8X3/4SLBB,2L,1,2L152X102X22.2X19SLBB,80.95611853,,,,,22.225,,,,152.4,101.6,19.05,2,,10322.56,8074889.656639998,64515870.96799999,110448.81136,398205.6552,204838.3,653843.8536,,,,,,,,,,,28.448,,85.598
2L6X4X3/4SLBB,2L,1,2L152X102X19SLBB,70.241338136,,,,,19.05,,,,152.4,101.6,0,2,,8967.724,7200803.662879999,45369225.39039999,96683.6776,298244.5648,176980.2912,470308.7368,,,,,,,,,,,27.178,,78.486
2L6X4X3/4X3/8SLBB,2L,1,2L152X102X19X9SLBB,70.241338136,,,,,19.05,,,,152.4,101.6,9.525,2,,8967.724,7200803.662879999,49947771.07199999,96683.6776,317909.0416,176980.2912,512915.1032,,,,,,,,,,,27.178,,81.788
2L6X4X3/4X3/4SLBB,2L,1,2L152X102X19X19SLBB,70.241338136,,,,,19.05,,,,152.4,101.6,19.05,2,,8967.724,7200803.662879999,54942548.179199986,96683.6776,339212.2248,176980.2912,555521.4696,,,,,,,,,,,27.178,,85.09
2L6X4X5/8SLBB,2L,1,2L152X102X15.9SLBB,59.526557743,,,,,15.875,,,,152.4,101.6,0,2,,7548.372,6243471.383999999,37377582.01887999,82426.93192,245805.96,149613.89432,390012.1232,,,,,,,,,,,26.162,,78.232
2L6X4X5/8X3/8SLBB,2L,1,2L152X102X15.9X9SLBB,59.526557743,,,,,15.875,,,,152.4,101.6,9.525,2,,7548.372,6243471.383999999,41248534.276959985,82426.93192,262193.024,149613.89432,426063.664,,,,,,,,,,,26.162,,81.534
2L6X4X5/8X3/4SLBB,2L,1,2L152X102X15.9X19SLBB,59.526557743,,,,,15.875,,,,152.4,101.6,19.05,2,,7548.372,6243471.383999999,45785456.81599999,82426.93192,283496.2072,149613.89432,462115.2048,,,,,,,,,,,26.162,,84.836
2L6X4X9/16SLBB,2L,1,2L152X102X14.3SLBB,53.871534757,,,,,14.2875,,,,152.4,101.6,0,2,,6838.696,5702370.530719998,33589876.04591999,75052.75312,219586.6576,135357.14864,347405.7568,,,,,,,,,,,25.4,,77.978
2L6X4X9/16X3/8SLBB,2L,1,2L152X102X14.3X9SLBB,53.871534757,,,,,14.2875,,,,152.4,101.6,9.525,2,,6838.696,5702370.530719998,37086220.02095999,75052.75312,235973.7216,135357.14864,380179.8848,,,,,,,,,,,25.4,,81.28
2L6X4X9/16X3/4SLBB,2L,1,2L152X102X14.3X19SLBB,53.871534757,,,,,14.2875,,,,152.4,101.6,19.05,2,,6838.696,5702370.530719998,40790679.70879999,75052.75312,252360.7856,135357.14864,412954.0128,,,,,,,,,,,25.4,,84.582
2L6X4X1/2SLBB,2L,1,2L152X102X12.7SLBB,48.216511772,,,,,12.7,,,,152.4,101.6,0,2,,6129.02,5161269.677439999,29885416.358079992,67514.70368,196644.768,120936.53232,308076.8032,,,,,,,,,,,24.9174,,77.978
2L6X4X1/2X3/8SLBB,2L,1,2L152X102X12.7X9SLBB,48.216511772,,,,,12.7,,,,152.4,101.6,9.525,2,,6129.02,5161269.677439999,33007152.05007999,67514.70368,209754.4192,120936.53232,337573.5184,,,,,,,,,,,24.9174,,81.026
2L6X4X1/2X3/4SLBB,2L,1,2L152X102X12.7X19SLBB,48.216511772,,,,,12.7,,,,152.4,101.6,19.05,2,,6129.02,5161269.677439999,36295380.312319994,67514.70368,224502.7768,120936.53232,367070.2336,,,,,,,,,,,24.9174,,84.328
2L6X4X7/16SLBB,2L,1,2L152X102X11.1SLBB,42.561488786,,,,,11.1125,,,,152.4,101.6,0,2,,5393.5376,4620168.824159998,26139333.52767999,59812.7836,172064.172,106352.04536,267109.1432,,,,,,,,,,,24.3078,,77.724
2L6X4X7/16X3/8SLBB,2L,1,2L152X102X11.1X9SLBB,42.561488786,,,,,11.1125,,,,152.4,101.6,9.525,2,,5393.5376,4620168.824159998,28844837.794079993,59812.7836,183535.1168,106352.04536,293328.4456,,,,,,,,,,,24.3078,,81.026
2L6X4X7/16X3/4SLBB,2L,1,2L152X102X11.1X19SLBB,42.561488786,,,,,11.1125,,,,152.4,101.6,19.05,2,,5393.5376,4620168.824159998,31716834.630719993,59812.7836,196644.768,106352.04536,317909.0416,,,,,,,,,,,24.3078,,84.074
2L6X4X3/8SLBB,2L,1,2L152X102X9.5SLBB,36.608833012,,,,,9.525,,,,152.4,101.6,0,2,,4658.0552,4045769.456831999,22393250.697279993,51946.99288,146991.96408,91439.81712,227780.1896,,,,,,,,,,,23.6982,,77.724
2L6X4X3/8X3/8SLBB,2L,1,2L152X102X9.5X9SLBB,36.608833012,,,,,9.525,,,,152.4,101.6,9.525,2,,4658.0552,4045769.456831999,24599277.252959996,51946.99288,156496.4612,91439.81712,250722.0792,,,,,,,,,,,23.6982,,80.772
2L6X4X3/8X3/4SLBB,2L,1,2L152X102X9.5X19SLBB,36.608833012,,,,,9.525,,,,152.4,101.6,19.05,2,,4658.0552,4045769.456831999,27055042.663999993,51946.99288,167148.0528,91439.81712,272025.2624,,,,,,,,,,,23.6982,,84.074
2L6X4X5/16SLBB,2L,1,2L152X102X7.9SLBB,30.656177238,,,,,7.9375,,,,152.4,101.6,0,2,,3909.6696,3438071.575455999,18647167.866879996,43753.46088,122411.36808,76527.58888,188451.236,,,,,,,,,,,23.0632,,77.47
2L6X4X5/16X3/8SLBB,2L,1,2L152X102X7.9X9SLBB,30.656177238,,,,,7.9375,,,,152.4,101.6,9.525,2,,3909.6696,3438071.575455999,20478586.139519997,43753.46088,130277.1588,76527.58888,208115.7128,,,,,,,,,,,23.0632,,80.518
2L6X4X5/16X3/4SLBB,2L,1,2L152X102X7.9X19SLBB,30.656177238,,,,,7.9375,,,,152.4,101.6,19.05,2,,3909.6696,3438071.575455999,22559743.267519996,43753.46088,139290.044,76527.58888,226141.4832,,,,,,,,,,,23.0632,,83.82
2L6X3-1/2X1/2SLBB,2L,1,2L152X89X12.7SLBB,45.537816673,,,,,12.7,,,,152.4,88.9,0,2,,5806.44,3525480.174831999,29802170.07295999,51946.99288,195006.0616,94553.35928,304799.3904,,,,,,,,,,,21.0566,,77.216
2L6X3-1/2X1/2X3/8SLBB,2L,1,2L152X89X12.7X9SLBB,45.537816673,,,,,12.7,,,,152.4,88.9,9.525,2,,5806.44,3525480.174831999,32840659.479839996,51946.99288,209754.4192,94553.35928,332657.3992,,,,,,,,,,,21.0566,,80.518
2L6X3-1/2X1/2X3/4SLBB,2L,1,2L152X89X12.7X19SLBB,45.537816673,,,,,12.7,,,,152.4,88.9,19.05,2,,5806.44,3525480.174831999,36212134.02719999,51946.99288,222864.0704,94553.35928,360515.408,,,,,,,,,,,21.0566,,84.074
2L6X3-1/2X3/8SLBB,2L,1,2L152X89X9.5SLBB,34.82303628,,,,,9.525,,,,152.4,88.9,0,2,,4438.7008,2767938.980239999,22434873.839839995,40148.3068,147155.83472,71447.59904,227780.1896,,,,,,,,,,,19.8374,,76.708
2L6X3-1/2X3/8X3/8SLBB,2L,1,2L152X89X9.5X9SLBB,34.82303628,,,,,9.525,,,,152.4,88.9,9.525,2,,4438.7008,2767938.980239999,24765769.823199995,40148.3068,157643.55568,71447.59904,249083.3728,,,,,,,,,,,19.8374,,80.01
2L6X3-1/2X3/8X3/4SLBB,2L,1,2L152X89X9.5X19SLBB,34.82303628,,,,,9.525,,,,152.4,88.9,19.05,2,,4438.7008,2767938.980239999,27179912.091679994,40148.3068,167148.0528,71447.59904,270386.556,,,,,,,,,,,19.8374,,83.566
2L6X3-1/2X5/16SLBB,2L,1,2L152X89X7.9SLBB,29.168013294,,,,,7.9375,,,,152.4,88.9,0,2,,3729.0248,2364194.497407999,18605544.72432,33921.22248,122083.6268,59812.7836,190089.9424,,,,,,,,,,,19.2024,,76.708
2L6X3-1/2X5/16X3/8SLBB,2L,1,2L152X89X7.9X9SLBB,29.168013294,,,,,7.9375,,,,152.4,88.9,9.525,2,,3729.0248,2364194.497407999,20520209.282079995,33921.22248,130604.90008,59812.7836,206477.0064,,,,,,,,,,,19.2024,,79.756
2L6X3-1/2X5/16X3/4SLBB,2L,1,2L152X89X7.9X19SLBB,29.168013294,,,,,7.9375,,,,152.4,88.9,19.05,2,,3729.0248,2364194.497407999,22518120.124959994,33921.22248,139126.17336,59812.7836,224502.7768,,,,,,,,,,,19.2024,,83.312
2L5X3-1/2X3/4SLBB,2L,1,2L127X89X19SLBB,58.931292165,,,,,19.05,,,,127,88.9,0,2,,7548.372,4578545.681599999,26430695.525599994,72103.0816,208115.7128,133226.83032,334296.1056,,,,,,,,,,,25.2222,,66.04
2L5X3-1/2X3/4X3/8SLBB,2L,1,2L127X89X19X9SLBB,58.931292165,,,,,19.05,,,,127,88.9,9.525,2,,7548.372,4578545.681599999,29718923.787839994,72103.0816,226141.4832,133226.83032,370347.6464,,,,,,,,,,,25.2222,,69.342
2L5X3-1/2X3/4X3/4SLBB,2L,1,2L127X89X19X19SLBB,58.931292165,,,,,19.05,,,,127,88.9,19.05,2,,7548.372,4578545.681599999,33423383.47567999,72103.0816,244167.2536,133226.83032,404760.4808,,,,,,,,,,,25.2222,,72.644
2L5X3-1/2X5/8SLBB,2L,1,2L127X89X15.9SLBB,50.002308504,,,,,15.875,,,,127,88.9,0,2,,6361.2776,3995821.685759999,21727280.416319996,61615.36064,170425.4656,112579.12968,273663.9688,,,,,,,,,,,24.0538,,65.786
2L5X3-1/2X5/8X3/8SLBB,2L,1,2L127X89X15.9X9SLBB,50.002308504,,,,,15.875,,,,127,88.9,9.525,2,,6361.2776,3995821.685759999,24640900.395519994,61615.36064,186812.5296,112579.12968,303160.684,,,,,,,,,,,24.0538,,68.834
2L5X3-1/2X5/8X3/4SLBB,2L,1,2L127X89X15.9X19SLBB,50.002308504,,,,,15.875,,,,127,88.9,19.05,2,,6361.2776,3995821.685759999,27512897.23215999,61615.36064,201560.8872,112579.12968,334296.1056,,,,,,,,,,,24.0538,,72.39
2L5X3-1/2X1/2SLBB,2L,1,2L127X89X12.7SLBB,40.478059265,,,,,12.7,,,,127,88.9,0,2,,5161.28,3346500.661823999,17315227.304959998,50636.02776,136340.37248,91275.94648,216309.2448,,,,,,,,,,,22.8854,,65.532
2L5X3-1/2X1/2X3/8SLBB,2L,1,2L127X89X12.7X9SLBB,40.478059265,,,,,12.7,,,,127,88.9,9.525,2,,5161.28,3346500.661823999,19521253.860639993,50636.02776,148139.05856,91275.94648,240889.8408,,,,,,,,,,,22.8854,,68.58
2L5X3-1/2X1/2X3/4SLBB,2L,1,2L127X89X12.7X19SLBB,40.478059265,,,,,12.7,,,,127,88.9,19.05,2,,5161.28,3346500.661823999,21977019.271679994,50636.02776,160920.96848,91275.94648,265470.4368,,,,,,,,,,,22.8854,,71.882
2L5X3-1/2X3/8SLBB,2L,1,2L127X89X9.5SLBB,30.953810026,,,,,9.525,,,,127,88.9,0,2,,3935.476,2626420.295535999,12986420.478719996,39001.21232,102255.27936,69317.28072,159937.74464,,,,,,,,,,,21.6916,,65.024
2L5X3-1/2X3/8X3/8SLBB,2L,1,2L127X89X9.5X9SLBB,30.953810026,,,,,9.525,,,,127,88.9,9.525,2,,3935.476,2626420.295535999,14484853.610879995,39001.21232,109957.19944,69317.28072,178618.9976,,,,,,,,,,,21.6916,,68.326
2L5X3-1/2X3/8X3/4SLBB,2L,1,2L127X89X9.5X19SLBB,30.953810026,,,,,9.525,,,,127,88.9,19.05,2,,3935.476,2626420.295535999,16399518.168639995,39001.21232,120117.17912,69317.28072,196644.768,,,,,,,,,,,21.6916,,71.374
2L5X3-1/2X5/16SLBB,2L,1,2L127X89X7.9SLBB,25.894052618,,,,,7.9375,,,,127,88.9,0,2,,3303.2192,2239325.069728,10780393.923039997,32937.99864,84884.99152,58174.0772,131751.99456,,,,,,,,,,,21.0566,,65.024
2L5X3-1/2X5/16X3/8SLBB,2L,1,2L127X89X7.9X9SLBB,25.894052618,,,,,7.9375,,,,127,88.9,9.525,2,,3303.2192,2239325.069728,12070711.342399998,32937.99864,91603.68776,58174.0772,147483.576,,,,,,,,,,,21.0566,,68.072
2L5X3-1/2X5/16X3/4SLBB,2L,1,2L127X89X7.9X19SLBB,25.894052618,,,,,7.9375,,,,127,88.9,19.05,2,,3303.2192,2239325.069728,13527521.331999997,32937.99864,99141.7372,58174.0772,163215.15744,,,,,,,,,,,21.0566,,71.374
2L5X3-1/2X1/4SLBB,2L,1,2L127X89X6.4SLBB,20.83429521,,,,,6.35,,,,127,88.9,0,2,,2670.9624,1831418.27264,8574367.367359998,26710.91432,67514.70368,46703.1324,105204.95088,,,,,,,,,,,20.4216,,64.77
2L5X3-1/2X1/4X3/8SLBB,2L,1,2L127X89X6.4X9SLBB,20.83429521,,,,,6.35,,,,127,88.9,9.525,2,,2670.9624,1831418.27264,9698192.216479998,26710.91432,73577.91736,46703.1324,117822.99016,,,,,,,,,,,20.4216,,67.818
2L5X3-1/2X1/4X3/4SLBB,2L,1,2L127X89X6.4X19SLBB,20.83429521,,,,,6.35,,,,127,88.9,19.05,2,,2670.9624,1831418.27264,10863640.208159998,26710.91432,79641.13104,46703.1324,130604.90008,,,,,,,,,,,20.4216,,71.12
2L5X3X1/2SLBB,2L,1,2L127X76X12.7SLBB,38.096996955,,,,,12.7,,,,127,76.2,0,2,,4838.7,2122780.270559999,17231981.019839995,37034.76464,135684.88992,68006.3156,213031.832,,,,,,,,,,,18.9484,,64.516
2L5X3X1/2X3/8SLBB,2L,1,2L127X76X12.7X9SLBB,38.096996955,,,,,12.7,,,,127,76.2,9.525,2,,4838.7,2122780.270559999,19521253.860639993,37034.76464,148139.05856,68006.3156,237612.428,,,,,,,,,,,18.9484,,68.072
2L5X3X1/2X3/4SLBB,2L,1,2L127X76X12.7X19SLBB,38.096996955,,,,,12.7,,,,127,76.2,19.05,2,,4838.7,2122780.270559999,21768903.558879994,37034.76464,159446.13272,68006.3156,260554.3176,,,,,,,,,,,18.9484,,71.374
2L5X3X7/16SLBB,2L,1,2L127X76X11.1SLBB,33.632505125,,,,,11.1125,,,,127,76.2,0,2,,4270.9592,1906339.929248,15067577.606719997,32937.99864,118642.34336,59812.7836,186812.5296,,,,,,,,,,,18.3388,,64.516
2L5X3X7/16X3/8SLBB,2L,1,2L127X76X11.1X9SLBB,33.632505125,,,,,11.1125,,,,127,76.2,9.525,2,,4270.9592,1906339.929248,16940619.021919996,32937.99864,128638.4524,59812.7836,206477.0064,,,,,,,,,,,18.3388,,67.818
2L5X3X7/16X3/4SLBB,2L,1,2L127X76X11.1X19SLBB,33.632505125,,,,,11.1125,,,,127,76.2,19.05,2,,4270.9592,1906339.929248,19063399.292479996,32937.99864,139617.78528,59812.7836,227780.1896,,,,,,,,,,,18.3388,,71.12
2L5X3X3/8SLBB,2L,1,2L127X76X9.5SLBB,29.168013294,,,,,9.525,,,,127,76.2,0,2,,3690.3152,1673250.330911999,12944797.336159997,28677.362,101927.53808,51455.38096,158462.90888,,,,,,,,,,,17.7292,,64.262
2L5X3X3/8X3/8SLBB,2L,1,2L127X76X9.5X9SLBB,29.168013294,,,,,9.525,,,,127,76.2,9.525,2,,3690.3152,1673250.330911999,14526476.753439996,28677.362,110284.94072,51455.38096,175341.5848,,,,,,,,,,,17.7292,,67.564
2L5X3X3/8X3/4SLBB,2L,1,2L127X76X9.5X19SLBB,29.168013294,,,,,9.525,,,,127,76.2,19.05,2,,3690.3152,1673250.330911999,16357895.026079996,28677.362,119789.43784,51455.38096,193367.3552,,,,,,,,,,,17.7292,,70.866
2L5X3X5/16SLBB,2L,1,2L127X76X7.9SLBB,24.405888675,,,,,7.9375,,,,127,76.2,0,2,,3109.6712,1431836.104064,10780393.923039997,24252.85472,84884.99152,42934.10768,131915.8652,,,,,,,,,,,17.0942,,64.008
2L5X3X5/16X3/8SLBB,2L,1,2L127X76X7.9X9SLBB,24.405888675,,,,,7.9375,,,,127,76.2,9.525,2,,3109.6712,1431836.104064,12153957.627519997,24252.85472,92259.17032,42934.10768,146664.2228,,,,,,,,,,,17.0942,,67.31
2L5X3X5/16X3/4SLBB,2L,1,2L127X76X7.9X19SLBB,24.405888675,,,,,7.9375,,,,127,76.2,19.05,2,,3109.6712,1431836.104064,13569144.474559998,24252.85472,99469.47848,42934.10768,161576.45104,,,,,,,,,,,17.0942,,70.612
2L5X3X1/4SLBB,2L,1,2L127X76X6.4SLBB,19.643764055,,,,,6.35,,,,127,76.2,0,2,,2503.2208,1173772.620192,8532744.224799998,19664.4768,67186.9624,34412.8344,104221.72704,,,,,,,,,,,16.4592,,63.754
2L5X3X1/4X3/8SLBB,2L,1,2L127X76X6.4X9SLBB,19.643764055,,,,,6.35,,,,127,76.2,9.525,2,,2503.2208,1173772.620192,9614945.931359999,19664.4768,72922.4348,34412.8344,116184.28376,,,,,,,,,,,16.4592,,67.056
2L5X3X1/4X3/4SLBB,2L,1,2L127X76X6.4X19SLBB,19.643764055,,,,,6.35,,,,127,76.2,19.05,2,,2503.2208,1173772.620192,10738770.780479997,19664.4768,78657.9072,34412.8344,128146.84048,,,,,,,,,,,16.4592,,70.358
2L4X3-1/2X1/2SLBB,2L,1,2L102X89X12.7SLBB,35.418301857,,,,,12.7,,,,101.6,88.9,0,2,,4516.12,3134222.634767999,8907352.507839996,49161.192,87670.7924,88326.27496,142239.71552,,,,,,,,,,,25.2476,,54.864
2L4X3-1/2X1/2X3/8SLBB,2L,1,2L102X89X12.7X9SLBB,35.418301857,,,,,12.7,,,,101.6,88.9,9.525,2,,4516.12,3134222.634767999,10405785.639999997,49161.192,97830.77208,88326.27496,163706.76936,,,,,,,,,,,25.2476,,57.912
2L4X3-1/2X1/2X3/4SLBB,2L,1,2L102X89X12.7X19SLBB,35.418301857,,,,,12.7,,,,101.6,88.9,19.05,2,,4516.12,3134222.634767999,11987465.057279997,49161.192,107826.88112,88326.27496,185173.8232,,,,,,,,,,,25.2476,,60.96
2L4X3-1/2X3/8SLBB,2L,1,2L102X89X9.5SLBB,27.084583773,,,,,9.525,,,,101.6,88.9,0,2,,3458.0576,2464090.039551999,6659702.809599998,38017.98848,65548.256,67678.57432,105368.82152,,,,,,,,,,,24.0538,,54.864
2L4X3-1/2X3/8X3/8SLBB,2L,1,2L102X89X9.5X9SLBB,27.084583773,,,,,9.525,,,,101.6,88.9,9.525,2,,3458.0576,2464090.039551999,7700281.373599998,38017.98848,72430.82288,67678.57432,121919.75616,,,,,,,,,,,24.0538,,57.658
2L4X3-1/2X3/8X3/4SLBB,2L,1,2L102X89X9.5X19SLBB,27.084583773,,,,,9.525,,,,101.6,88.9,19.05,2,,3458.0576,2464090.039551999,8907352.507839996,38017.98848,80132.74296,67678.57432,138306.82016,,,,,,,,,,,24.0538,,60.706
2L4X3-1/2X5/16SLBB,2L,1,2L102X89X7.9SLBB,22.917724731,,,,,7.9375,,,,101.6,88.9,0,2,,2903.22,2101968.699279999,5535877.960479999,32118.64544,54405.05248,57026.98272,86195.95664,,,,,,,,,,,23.4442,,54.864
2L4X3-1/2X5/16X3/8SLBB,2L,1,2L102X89X7.9X9SLBB,22.917724731,,,,,7.9375,,,,101.6,88.9,9.525,2,,2903.22,2101968.699279999,6409963.954239999,32118.64544,60304.39552,57026.98272,100124.96104,,,,,,,,,,,23.4442,,57.404
2L4X3-1/2X5/16X3/4SLBB,2L,1,2L102X89X7.9X19SLBB,22.917724731,,,,,7.9375,,,,101.6,88.9,19.05,2,,2903.22,2101968.699279999,7408919.375679999,32118.64544,66695.35048,57026.98272,113890.0948,,,,,,,,,,,23.4442,,60.452
2L4X3-1/2X1/4SLBB,2L,1,2L102X89X6.4SLBB,18.4532329,,,,,6.35,,,,101.6,88.9,0,2,,2348.3824,1719035.787728,4370429.968799999,26055.43176,42934.10768,45883.7792,68006.3156,,,,,,,,,,,22.7838,,54.61
2L4X3-1/2X1/4X3/8SLBB,2L,1,2L102X89X6.4X9SLBB,18.4532329,,,,,6.35,,,,101.6,88.9,9.525,2,,2348.3824,1719035.787728,5078023.392319999,26055.43176,47686.35624,45883.7792,79149.51912,,,,,,,,,,,22.7838,,57.404
2L4X3-1/2X1/4X3/4SLBB,2L,1,2L102X89X6.4X19SLBB,18.4532329,,,,,6.35,,,,101.6,88.9,19.05,2,,2348.3824,1719035.787728,5868863.100959999,26055.43176,52766.34608,45883.7792,90292.72264,,,,,,,,,,,22.7838,,60.198
2L4X3X5/8SLBB,2L,1,2L102X76X15.9SLBB,40.478059265,,,,,15.875,,,,101.6,76.2,0,2,,5148.3768,2372519.12592,11238248.491199998,43753.46088,110612.682,80296.6136,178618.9976,,,,,,,,,,,22.0218,,53.34
2L4X3X5/8X3/8SLBB,2L,1,2L102X76X15.9X9SLBB,40.478059265,,,,,15.875,,,,101.6,76.2,9.525,2,,5148.3768,2372519.12592,13028043.621279998,43753.46088,122411.36808,80296.6136,203199.5936,,,,,,,,,,,22.0218,,56.388
2L4X3X5/8X3/4SLBB,2L,1,2L102X76X15.9X19SLBB,40.478059265,,,,,15.875,,,,101.6,76.2,19.05,2,,5148.3768,2372519.12592,15067577.606719997,43753.46088,135521.01928,80296.6136,227780.1896,,,,,,,,,,,22.0218,,59.944
2L4X3X1/2SLBB,2L,1,2L102X76X12.7SLBB,33.037239547,,,,,12.7,,,,101.6,76.2,0,2,,4193.54,1993748.528624,8865729.365279999,36051.5408,87179.18048,65384.38536,140601.00912,,,,,,,,,,,20.8788,,53.086
2L4X3X1/2X3/8SLBB,2L,1,2L102X76X12.7X9SLBB,33.037239547,,,,,12.7,,,,101.6,76.2,9.525,2,,4193.54,1993748.528624,10280916.212319998,36051.5408,96683.6776,65384.38536,160593.2272,,,,,,,,,,,20.8788,,56.134
2L4X3X1/2X3/4SLBB,2L,1,2L102X76X12.7X19SLBB,33.037239547,,,,,12.7,,,,101.6,76.2,19.05,2,,4193.54,1993748.528624,11945841.914719997,36051.5408,107499.13984,65384.38536,180257.704,,,,,,,,,,,20.8788,,59.436
2L4X3X3/8SLBB,2L,1,2L102X76X9.5SLBB,25.298787041,,,,,9.525,,,,101.6,76.2,0,2,,3212.8968,1577517.103024,6659702.809599998,27858.0088,65548.256,49816.67456,103566.24448,,,,,,,,,,,19.685,,52.832
2L4X3X3/8X3/8SLBB,2L,1,2L102X76X9.5X9SLBB,25.298787041,,,,,9.525,,,,101.6,76.2,9.525,2,,3212.8968,1577517.103024,7741904.516159999,27858.0088,72758.56416,49816.67456,118970.08464,,,,,,,,,,,19.685,,55.88
2L4X3X3/8X3/4SLBB,2L,1,2L102X76X9.5X19SLBB,25.298787041,,,,,9.525,,,,101.6,76.2,19.05,2,,3212.8968,1577517.103024,8865729.365279999,27858.0088,79805.00168,49816.67456,134210.05416,,,,,,,,,,,19.685,,58.928
2L4X3X5/16SLBB,2L,1,2L102X76X7.9SLBB,21.429560787,,,,,7.9375,,,,101.6,76.2,0,2,,2696.7688,1348589.818944,5494254.817919998,23597.37216,54077.3112,41950.88384,85540.47408,,,,,,,,,,,19.05,,52.578
2L4X3X5/16X3/8SLBB,2L,1,2L102X76X7.9X9SLBB,21.429560787,,,,,7.9375,,,,101.6,76.2,9.525,2,,2696.7688,1348589.818944,6326717.669119998,23597.37216,59485.04232,41950.88384,98486.25464,,,,,,,,,,,19.05,,55.626
2L4X3X5/16X3/4SLBB,2L,1,2L102X76X7.9X19SLBB,21.429560787,,,,,7.9375,,,,101.6,76.2,19.05,2,,2696.7688,1348589.818944,7367296.233119998,23597.37216,66367.6092,41950.88384,111268.16456,,,,,,,,,,,19.05,,58.928
2L4X3X1/4SLBB,2L,1,2L102X76X6.4SLBB,17.262701745,,,,,6.35,,,,101.6,76.2,0,2,,2180.6408,1107175.592096,4370429.968799999,19172.86488,42934.10768,33757.35184,67514.70368,,,,,,,,,,,18.415,,52.324
2L4X3X1/4X3/8SLBB,2L,1,2L102X76X6.4X9SLBB,17.262701745,,,,,6.35,,,,101.6,76.2,9.525,2,,2180.6408,1107175.592096,5078023.392319999,19172.86488,47686.35624,33757.35184,78002.42464,,,,,,,,,,,18.415,,55.372
2L4X3X1/4X3/4SLBB,2L,1,2L102X76X6.4X19SLBB,17.262701745,,,,,6.35,,,,101.6,76.2,19.05,2,,2180.6408,1107175.592096,5868863.100959999,19172.86488,52766.34608,33757.35184,88326.27496,,,,,,,,,,,18.415,,58.674
2L3-1/2X3X1/2SLBB,2L,1,2L89X76X12.7SLBB,30.358544449,,,,,12.7,,,,88.9,76.2,0,2,,3896.7664,1935476.12904,6035355.671199999,35723.79952,67842.44496,64565.03216,110776.55264,,,,,,,,,,,22.0726,,47.752
2L3-1/2X3X1/2X3/8SLBB,2L,1,2L89X76X12.7X9SLBB,30.358544449,,,,,12.7,,,,88.9,76.2,9.525,2,,3896.7664,1935476.12904,7200803.662879999,35723.79952,76855.33016,64565.03216,129457.8056,,,,,,,,,,,22.0726,,50.8
2L3-1/2X3X1/2X3/4SLBB,2L,1,2L89X76X12.7X19SLBB,30.358544449,,,,,12.7,,,,88.9,76.2,19.05,2,,3896.7664,1935476.12904,8491121.082239997,35723.79952,86195.95664,64565.03216,147975.18792,,,,,,,,,,,22.0726,,54.102
2L3-1/2X3X7/16SLBB,2L,1,2L89X76X11.1SLBB,27.084583773,,,,,11.1125,,,,88.9,76.2,0,2,,3445.1544,1739847.359008,5286139.105119999,31790.90416,59485.04232,57190.85336,95372.71248,,,,,,,,,,,21.4884,,47.752
2L3-1/2X3X7/16X3/8SLBB,2L,1,2L89X76X11.1X9SLBB,27.084583773,,,,,11.1125,,,,88.9,76.2,9.525,2,,3445.1544,1739847.359008,6201848.241439999,31790.90416,66203.73856,57190.85336,111759.77648,,,,,,,,,,,21.4884,,50.546
2L3-1/2X3X7/16X3/4SLBB,2L,1,2L89X76X11.1X19SLBB,27.084583773,,,,,11.1125,,,,88.9,76.2,19.05,2,,3445.1544,1739847.359008,7367296.233119998,31790.90416,74888.88248,57190.85336,128146.84048,,,,,,,,,,,21.4884,,53.848
2L3-1/2X3X3/8SLBB,2L,1,2L89X76X9.5SLBB,23.512990308,,,,,9.525,,,,88.9,76.2,0,2,,2993.5424,1535893.960464,4453676.253919998,27694.13816,50144.41584,49816.67456,81279.83744,,,,,,,,,,,20.9042,,47.752
2L3-1/2X3X3/8X3/8SLBB,2L,1,2L89X76X9.5X9SLBB,23.512990308,,,,,9.525,,,,88.9,76.2,9.525,2,,2993.5424,1535893.960464,5327762.247679999,27694.13816,56863.11208,49816.67456,95536.58312,,,,,,,,,,,20.9042,,50.546
2L3-1/2X3X3/8X3/4SLBB,2L,1,2L89X76X9.5X19SLBB,23.512990308,,,,,9.525,,,,88.9,76.2,19.05,2,,2993.5424,1535893.960464,6326717.669119998,27694.13816,64237.29088,49816.67456,109793.3288,,,,,,,,,,,20.9042,,53.594
2L3-1/2X3X5/16SLBB,2L,1,2L89X76X7.9SLBB,19.643764055,,,,,7.9375,,,,88.9,76.2,0,2,,2516.124,1315291.304896,3700297.373583999,23597.37216,41623.14256,41950.88384,67186.9624,,,,,,,,,,,20.2692,,47.498
2L3-1/2X3X5/16X3/8SLBB,2L,1,2L89X76X7.9X9SLBB,19.643764055,,,,,7.9375,,,,88.9,76.2,9.525,2,,2516.124,1315291.304896,4412053.111359999,23597.37216,47030.87368,41950.88384,79149.51912,,,,,,,,,,,20.2692,,50.292
2L3-1/2X3X5/16X3/4SLBB,2L,1,2L89X76X7.9X19SLBB,19.643764055,,,,,7.9375,,,,88.9,76.2,19.05,2,,2516.124,1315291.304896,5202892.819999998,23597.37216,52930.21672,41950.88384,91112.07584,,,,,,,,,,,20.2692,,53.594
2L3-1/2X3X1/4SLBB,2L,1,2L89X76X6.4SLBB,16.072170591,,,,,6.35,,,,88.9,76.2,0,2,,2038.7056,1086364.020816,2959405.436015999,19172.86488,33265.73992,34085.09312,52766.34608,,,,,,,,,,,19.6342,,47.498
2L3-1/2X3X1/4X3/8SLBB,2L,1,2L89X76X6.4X9SLBB,16.072170591,,,,,6.35,,,,88.9,76.2,9.525,2,,2038.7056,1086364.020816,3496343.975039999,19172.86488,37362.50592,34085.09312,62598.58448,,,,,,,,,,,19.6342,,50.292
2L3-1/2X3X1/4X3/4SLBB,2L,1,2L89X76X6.4X19SLBB,16.072170591,,,,,6.35,,,,88.9,76.2,19.05,2,,2038.7056,1086364.020816,4162314.255999999,19172.86488,42278.62512,34085.09312,72266.95224,,,,,,,,,,,19.6342,,53.34
2L3-1/2X2-1/2X1/2SLBB,2L,1,2L89X64X12.7SLBB,27.977482139,,,,,12.7,,,,88.9,63.5,0,2,,3574.1864,1132149.477632,6035355.671199999,24744.46664,67842.44496,45556.03792,108973.9756,,,,,,,,,,,17.8054,,46.228
2L3-1/2X2-1/2X1/2X3/8SLBB,2L,1,2L89X64X12.7X9SLBB,27.977482139,,,,,12.7,,,,88.9,63.5,9.525,2,,3574.1864,1132149.477632,7159180.520319998,24744.46664,76363.71824,45556.03792,126016.52216,,,,,,,,,,,17.8054,,49.53
2L3-1/2X2-1/2X1/2X3/4SLBB,2L,1,2L89X64X12.7X19SLBB,27.977482139,,,,,12.7,,,,88.9,63.5,19.05,2,,3574.1864,1132149.477632,8407874.797119997,24744.46664,85376.60344,45556.03792,143059.06872,,,,,,,,,,,17.8054,,52.832
2L3-1/2X2-1/2X3/8SLBB,2L,1,2L89X64X9.5SLBB,21.429560787,,,,,9.525,,,,88.9,63.5,0,2,,2735.4784,903222.193552,4453676.253919998,19336.73552,50144.41584,34904.44632,79968.87232,,,,,,,,,,,16.637,,45.974
2L3-1/2X2-1/2X3/8X3/8SLBB,2L,1,2L89X64X9.5X9SLBB,21.429560787,,,,,9.525,,,,88.9,63.5,9.525,2,,2735.4784,903222.193552,5286139.105119999,19336.73552,56371.50016,34904.44632,92914.65288,,,,,,,,,,,16.637,,49.022
2L3-1/2X2-1/2X3/8X3/4SLBB,2L,1,2L89X64X9.5X19SLBB,21.429560787,,,,,9.525,,,,88.9,63.5,19.05,2,,2735.4784,903222.193552,6243471.383999999,19336.73552,63417.93768,34904.44632,106024.30408,,,,,,,,,,,16.637,,52.578
2L3-1/2X2-1/2X5/16SLBB,2L,1,2L89X64X7.9SLBB,18.155600112,,,,,7.9375,,,,88.9,63.5,0,2,,2309.6728,778352.765872,3721108.944863999,16387.064,41787.0132,29496.7152,66367.6092,,,,,,,,,,,16.0528,,45.72
2L3-1/2X2-1/2X5/16X3/8SLBB,2L,1,2L89X64X7.9X9SLBB,18.155600112,,,,,7.9375,,,,88.9,63.5,9.525,2,,2309.6728,778352.765872,4412053.111359999,16387.064,47030.87368,29496.7152,77346.94208,,,,,,,,,,,16.0528,,48.768
2L3-1/2X2-1/2X5/16X3/4SLBB,2L,1,2L89X64X7.9X19SLBB,18.155600112,,,,,7.9375,,,,88.9,63.5,19.05,2,,2309.6728,778352.765872,5202892.819999998,16387.064,52930.21672,29496.7152,88326.27496,,,,,,,,,,,16.0528,,52.324
2L3-1/2X2-1/2X1/4SLBB,2L,1,2L89X64X6.4SLBB,14.584006647,,,,,6.35,,,,88.9,63.5,0,2,,1870.964,645158.70968,2976054.693039999,13421.005416,33429.61056,23925.11344,52274.73416,,,,,,,,,,,15.4178,,45.72
2L3-1/2X2-1/2X1/4X3/8SLBB,2L,1,2L89X64X6.4X9SLBB,14.584006647,,,,,6.35,,,,88.9,63.5,9.525,2,,1870.964,645158.70968,3488019.346527999,13421.005416,37198.63528,23925.11344,61123.74872,,,,,,,,,,,15.4178,,48.768
2L3-1/2X2-1/2X1/4X3/4SLBB,2L,1,2L89X64X6.4X19SLBB,14.584006647,,,,,6.35,,,,88.9,63.5,19.05,2,,1870.964,645158.70968,4133178.056207999,13421.005416,41950.88384,23925.11344,70136.63392,,,,,,,,,,,15.4178,,52.07
2L3X2-1/2X1/2SLBB,2L,1,2L76X64X12.7SLBB,25.298787041,,,,,12.7,,,,76.2,63.5,0,2,,3225.8,1073877.078048,3791868.287215999,24088.98408,49816.67456,43917.33152,81443.70808,,,,,,,,,,,18.9484,,40.894
2L3X2-1/2X1/2X3/8SLBB,2L,1,2L76X64X12.7X9SLBB,25.298787041,,,,,12.7,,,,76.2,63.5,9.525,2,,3225.8,1073877.078048,4620168.824159998,24088.98408,57026.98272,43917.33152,96847.54824,,,,,,,,,,,18.9484,,43.942
2L3X2-1/2X1/2X3/4SLBB,2L,1,2L76X64X12.7X19SLBB,25.298787041,,,,,12.7,,,,76.2,63.5,19.05,2,,3225.8,1073877.078048,5577501.103039999,24088.98408,65056.64408,43917.33152,112251.3884,,,,,,,,,,,18.9484,,47.244
2L3X2-1/2X7/16SLBB,2L,1,2L76X64X11.1SLBB,22.620091942,,,,,11.1125,,,,76.2,63.5,0,2,,2864.5104,969819.221648,3317364.462031999,21467.05384,43589.59024,39001.21232,70792.11648,,,,,,,,,,,18.3896,,40.64
2L3X2-1/2X7/16X3/8SLBB,2L,1,2L76X64X11.1X9SLBB,22.620091942,,,,,11.1125,,,,76.2,63.5,9.525,2,,2864.5104,969819.221648,4049931.771087999,21467.05384,49980.5452,39001.21232,84393.3796,,,,,,,,,,,18.3896,,43.688
2L3X2-1/2X7/16X3/4SLBB,2L,1,2L76X64X11.1X19SLBB,22.620091942,,,,,11.1125,,,,76.2,63.5,19.05,2,,2864.5104,969819.221648,4911530.822079999,21467.05384,57354.724,39001.21232,97994.64272,,,,,,,,,,,18.3896,,46.99
2L3X2-1/2X3/8SLBB,2L,1,2L76X64X9.5SLBB,19.643764055,,,,,9.525,,,,76.2,63.5,0,2,,2490.3176,857436.736736,2801237.494287999,18845.1236,36707.02336,33921.22248,59976.65424,,,,,,,,,,,17.8054,,40.64
2L3X2-1/2X3/8X3/8SLBB,2L,1,2L76X64X9.5X9SLBB,19.643764055,,,,,9.525,,,,76.2,63.5,9.525,2,,2490.3176,857436.736736,3425584.632687999,18845.1236,42278.62512,33921.22248,71939.21096,,,,,,,,,,,17.8054,,43.688
2L3X2-1/2X3/8X3/4SLBB,2L,1,2L76X64X9.5X19SLBB,19.643764055,,,,,9.525,,,,76.2,63.5,19.05,2,,2490.3176,857436.736736,4162314.255999999,18845.1236,48505.70944,33921.22248,83737.89704,,,,,,,,,,,17.8054,,46.99
2L3X2-1/2X5/16SLBB,2L,1,2L76X64X7.9SLBB,16.667436168,,,,,7.9375,,,,76.2,63.5,0,2,,2103.2216,740891.937568,2326733.669103999,15961.000336,30479.93904,28677.362,49488.93328,,,,,,,,,,,17.1958,,40.386
2L3X2-1/2X5/16X3/8SLBB,2L,1,2L76X64X7.9X9SLBB,16.667436168,,,,,7.9375,,,,76.2,63.5,9.525,2,,2103.2216,740891.937568,2851185.265359999,15961.000336,35232.1876,28677.362,59485.04232,,,,,,,,,,,17.1958,,43.434
2L3X2-1/2X5/16X3/4SLBB,2L,1,2L76X64X7.9X19SLBB,16.667436168,,,,,7.9375,,,,76.2,63.5,19.05,2,,2103.2216,740891.937568,3475532.403759999,15961.000336,40476.04808,28677.362,69481.15136,,,,,,,,,,,17.1958,,46.736
2L3X2-1/2X1/4SLBB,2L,1,2L76X64X6.4SLBB,13.393475492,,,,,6.35,,,,76.2,63.5,0,2,,1703.2224,611860.195632,1856392.158176,13011.328816,24416.72536,23105.76024,39001.21232,,,,,,,,,,,16.5862,,40.386
2L3X2-1/2X1/4X3/8SLBB,2L,1,2L76X64X6.4X9SLBB,13.393475492,,,,,6.35,,,,76.2,63.5,9.525,2,,1703.2224,611860.195632,2276785.898031999,13011.328816,28185.75008,23105.76024,47030.87368,,,,,,,,,,,16.5862,,43.18
2L3X2-1/2X1/4X3/4SLBB,2L,1,2L76X64X6.4X19SLBB,13.393475492,,,,,6.35,,,,76.2,63.5,19.05,2,,1703.2224,611860.195632,2742965.094703999,13011.328816,31954.7748,23105.76024,55224.40568,,,,,,,,,,,16.5862,,46.482
2L3X2-1/2X3/16SLBB,2L,1,2L76X64X4.8SLBB,10.089751537,,,,,4.7625,,,,76.2,63.5,0,2,,1290.32,474503.825184,1386050.647248,9930.560784,18189.64104,17534.15848,28677.362,,,,,,,,,,,15.9258,,40.132
2L3X2-1/2X3/16X3/8SLBB,2L,1,2L76X64X4.8X9SLBB,10.089751537,,,,,4.7625,,,,76.2,63.5,9.525,2,,1290.32,474503.825184,1677412.645168,9930.560784,20647.70064,17534.15848,34740.57568,,,,,,,,,,,15.9258,,43.18
2L3X2-1/2X3/16X3/4SLBB,2L,1,2L76X64X4.8X19SLBB,10.089751537,,,,,4.7625,,,,76.2,63.5,19.05,2,,1290.32,474503.825184,2052020.928207999,9930.560784,23925.11344,17534.15848,40967.66,,,,,,,,,,,15.9258,,46.228
2L3X2X1/2SLBB,2L,1,2L76X51X12.7SLBB,22.917724731,,,,,12.7,,,,76.2,50.8,0,2,,2916.1232,553587.796048,3791868.287215999,15403.84016,49816.67456,29005.10328,79968.87232,,,,,,,,,,,14.732,,39.37
2L3X2X1/2X3/8SLBB,2L,1,2L76X51X12.7X9SLBB,22.917724731,,,,,12.7,,,,76.2,50.8,9.525,2,,2916.1232,553587.796048,4578545.681599999,15403.84016,56535.3708,29005.10328,93897.87672,,,,,,,,,,,14.732,,42.926
2L3X2X1/2X3/4SLBB,2L,1,2L76X51X12.7X19SLBB,22.917724731,,,,,12.7,,,,76.2,50.8,19.05,2,,2916.1232,553587.796048,5577501.103039999,15403.84016,65056.64408,29005.10328,107826.88112,,,,,,,,,,,14.732,,46.482
2L3X2X3/8SLBB,2L,1,2L76X51X9.5SLBB,17.560334534,,,,,9.525,,,,76.2,50.8,0,2,,2258.06,449529.939648,2813724.437055999,12060.879104,36870.894,22286.40704,58993.4304,,,,,,,,,,,13.589,,39.116
2L3X2X3/8X3/8SLBB,2L,1,2L76X51X9.5X9SLBB,17.560334534,,,,,9.525,,,,76.2,50.8,9.525,2,,2258.06,449529.939648,3454720.832479999,12060.879104,42606.3664,22286.40704,69808.89264,,,,,,,,,,,13.589,,42.418
2L3X2X3/8X3/4SLBB,2L,1,2L76X51X9.5X19SLBB,17.560334534,,,,,9.525,,,,76.2,50.8,19.05,2,,2258.06,449529.939648,4162314.255999999,12060.879104,48505.70944,22286.40704,80624.35488,,,,,,,,,,,13.589,,45.974
2L3X2X5/16SLBB,2L,1,2L76X51X7.9SLBB,14.881639436,,,,,7.9375,,,,76.2,50.8,0,2,,1909.6736,389176.382936,2347545.240383999,10291.076192,30807.68032,18681.25296,48997.32136,,,,,,,,,,,12.9794,,38.862
2L3X2X5/16X3/8SLBB,2L,1,2L76X51X7.9X9SLBB,14.881639436,,,,,7.9375,,,,76.2,50.8,9.525,2,,1909.6736,389176.382936,2847022.951103999,10291.076192,35232.1876,18681.25296,58010.20656,,,,,,,,,,,12.9794,,42.164
2L3X2X5/16X3/4SLBB,2L,1,2L76X51X7.9X19SLBB,14.881639436,,,,,7.9375,,,,76.2,50.8,19.05,2,,1909.6736,389176.382936,3438071.575455999,10291.076192,40148.3068,18681.25296,67186.9624,,,,,,,,,,,12.9794,,45.72
2L3X2X1/4SLBB,2L,1,2L76X51X6.4SLBB,12.202944337,,,,,6.35,,,,76.2,50.8,0,2,,1548.384,324244.2805424,1873041.415199999,8439.33796,24580.596,15174.421264,38509.6004,,,,,,,,,,,12.3698,,38.608
2L3X2X1/4X3/8SLBB,2L,1,2L76X51X6.4X9SLBB,12.202944337,,,,,6.35,,,,76.2,50.8,9.525,2,,1548.384,324244.2805424,2276785.898031999,8439.33796,28185.75008,15174.421264,45883.7792,,,,,,,,,,,12.3698,,41.91
2L3X2X1/4X3/4SLBB,2L,1,2L76X51X6.4X19SLBB,12.202944337,,,,,6.35,,,,76.2,50.8,19.05,2,,1548.384,324244.2805424,2751289.723216,8439.33796,32118.64544,15174.421264,53257.958,,,,,,,,,,,12.3698,,45.466
2L3X2X3/16SLBB,2L,1,2L76X51X4.8SLBB,9.137326614,,,,,4.7625,,,,76.2,50.8,0,2,,1180.6428,253901.169616,1390212.961504,6489.277344,18189.64104,11520.105992,28677.362,,,,,,,,,,,11.7348,,38.608
2L3X2X3/16X3/8SLBB,2L,1,2L76X51X4.8X9SLBB,9.137326614,,,,,4.7625,,,,76.2,50.8,9.525,2,,1180.6428,253901.169616,1689899.587936,6489.277344,20811.57128,11520.105992,34248.96376,,,,,,,,,,,11.7348,,41.656
2L3X2X3/16X3/4SLBB,2L,1,2L76X51X4.8X19SLBB,9.137326614,,,,,4.7625,,,,76.2,50.8,19.05,2,,1180.6428,253901.169616,2047858.613951999,6489.277344,23925.11344,11520.105992,39820.56552,,,,,,,,,,,11.7348,,45.212
2L2-1/2X2X3/8SLBB,2L,1,2L64X51X9.5SLBB,15.774537802,,,,,9.525,,,,63.5,50.8,0,2,,1999.996,428718.368368,1648276.445376,11831.460208,25891.56112,21467.05384,41950.88384,,,,,,,,,,,14.6812,,33.528
2L2-1/2X2X3/8X3/8SLBB,2L,1,2L64X51X9.5X9SLBB,15.774537802,,,,,9.525,,,,63.5,50.8,9.525,2,,1999.996,428718.368368,2081157.128,11831.460208,30479.93904,21467.05384,51455.38096,,,,,,,,,,,14.6812,,36.83
2L2-1/2X2X3/8X3/4SLBB,2L,1,2L64X51X9.5X19SLBB,15.774537802,,,,,9.525,,,,63.5,50.8,19.05,2,,1999.996,428718.368368,2601446.409999999,11831.460208,35559.92888,21467.05384,60959.87808,,,,,,,,,,,14.6812,,40.386
2L2-1/2X2X5/16SLBB,2L,1,2L64X51X7.9SLBB,13.393475492,,,,,7.9375,,,,63.5,50.8,0,2,,1703.2224,370862.2002096,1377726.018736,10110.818488,21630.92448,18189.64104,34740.57568,,,,,,,,,,,14.097,,33.528
2L2-1/2X2X5/16X3/8SLBB,2L,1,2L64X51X7.9X9SLBB,13.393475492,,,,,7.9375,,,,63.5,50.8,9.525,2,,1703.2224,370862.2002096,1744009.673264,10110.818488,25563.81984,18189.64104,42770.23704,,,,,,,,,,,14.097,,36.576
2L2-1/2X2X5/16X3/4SLBB,2L,1,2L64X51X7.9X19SLBB,13.393475492,,,,,7.9375,,,,63.5,50.8,19.05,2,,1703.2224,370862.2002096,2185214.984399999,10110.818488,29988.32712,18189.64104,50963.76904,,,,,,,,,,,14.097,,40.132
2L2-1/2X2X1/4SLBB,2L,1,2L64X51X6.4SLBB,10.774306951,,,,,6.35,,,,63.5,50.8,0,2,,1380.6424,309676.1806464,1078039.392304,8308.241448,17042.54656,14895.841176,27366.39688,,,,,,,,,,,13.5128,,33.528
2L2-1/2X2X1/4X3/8SLBB,2L,1,2L64X51X6.4X9SLBB,10.774306951,,,,,6.35,,,,63.5,50.8,9.525,2,,1380.6424,309676.1806464,1369401.390224,8308.241448,19992.21808,14895.841176,33921.22248,,,,,,,,,,,13.5128,,36.322
2L2-1/2X2X1/4X3/4SLBB,2L,1,2L64X51X6.4X19SLBB,10.774306951,,,,,6.35,,,,63.5,50.8,19.05,2,,1380.6424,309676.1806464,1719035.787728,8308.241448,23597.37216,14895.841176,40476.04808,,,,,,,,,,,13.5128,,39.878
2L2-1/2X2X3/16SLBB,2L,1,2L64X51X4.8SLBB,8.18490169,,,,,4.7625,,,,63.5,50.8,0,2,,1058.0624,242662.9211248,811651.27992,6407.342024,12781.90992,11389.00948,20156.08872,,,,,,,,,,,12.9032,,33.274
2L2-1/2X2X3/16X3/8SLBB,2L,1,2L64X51X4.8X9SLBB,8.18490169,,,,,4.7625,,,,63.5,50.8,9.525,2,,1058.0624,242662.9211248,1032253.935488,6407.342024,15125.260072,11389.00948,25236.07856,,,,,,,,,,,12.9032,,36.322
2L2-1/2X2X3/16X3/4SLBB,2L,1,2L64X51X4.8X19SLBB,8.18490169,,,,,4.7625,,,,63.5,50.8,19.05,2,,1058.0624,242662.9211248,1298642.047872,6407.342024,17861.89976,11389.00948,30316.0684,,,,,,,,,,,12.9032,,39.624
2L2-1/2X1-1/2X1/4SLBB,2L,1,2L64X38X6.4SLBB,9.49448596,,,,,6.35,,,,63.5,38.1,0,2,,1219.3524,131529.1304896,1078039.392304,4588.37792,17042.54656,8554.047408,26874.78496,,,,,,,,,,,9.4488,,32.1056
2L2-1/2X1-1/2X1/4X3/8SLBB,2L,1,2L64X38X6.4X9SLBB,9.49448596,,,,,6.35,,,,63.5,38.1,9.525,2,,1219.3524,131529.1304896,1369401.390224,4588.37792,19992.21808,8554.047408,32774.128,,,,,,,,,,,9.4488,,35.5346
2L2-1/2X1-1/2X1/4X3/4SLBB,2L,1,2L64X38X6.4X19SLBB,9.49448596,,,,,6.35,,,,63.5,38.1,19.05,2,,1219.3524,131529.1304896,1698224.216448,4588.37792,23269.63088,8554.047408,38509.6004,,,,,,,,,,,9.4488,,39.243
2L2-1/2X1-1/2X3/16SLBB,2L,1,2L64X38X4.8SLBB,7.262240045,,,,,4.7625,,,,63.5,38.1,0,2,,935.482,103641.6249744,811651.27992,3539.605824,12781.90992,6489.277344,19828.34744,,,,,,,,,,,8.8138,,31.9532
2L2-1/2X1-1/2X3/16X3/8SLBB,2L,1,2L64X38X4.8X9SLBB,7.262240045,,,,,4.7625,,,,63.5,38.1,9.525,2,,935.482,103641.6249744,1019766.99272,3539.605824,14945.002368,6489.277344,24416.72536,,,,,,,,,,,8.8138,,35.306
2L2-1/2X1-1/2X3/16X3/4SLBB,2L,1,2L64X38X4.8X19SLBB,7.262240045,,,,,4.7625,,,,63.5,38.1,19.05,2,,935.482,103641.6249744,1286155.105104,3539.605824,17534.15848,6489.277344,28841.23264,,,,,,,,,,,8.8138,,38.9636
HSS34X10X1,HSS,1,HSS863.6X254X25.4,412.325583845,863.6,254,,,23.622,,,25.4,,,,,,49161.192,3995821685.7599993,557750110.3039999,9258691.159999998,4391733.152,12290297.999999998,5030828.647999999,1681574959.4239995,,9094820.52,,,,,,,,,,
HSS34X10X7/8,HSS,1,HSS863.6X254X22.2,364.421586501,863.6,254,,,20.6756,,,22.225,,,,,,43419.268,3579590260.1599994,503640024.9759999,8291854.384,3965669.487999999,10946558.751999998,4490055.535999999,1510920074.9279997,,8095209.615999999,,,,,,,,,,
HSS34X10X3/4,HSS,1,HSS863.6X254X19.0,315.490756037,863.6,254,,,17.7292,,,19.05,,,,,,37548.312,3142547263.2799993,445367625.3919999,7275856.415999999,3523218.76,9537271.248,3932895.359999999,1327778247.6639998,,7062824.584,,,,,,,,,,
HSS34X10X5/8,HSS,1,HSS863.6X254X15.9,265.503329172,863.6,254,,,14.7574,,,15.875,,,,,,31548.324,2676368066.6079993,384597837.2543999,6194310.192,3031606.84,8078822.551999999,3359348.12,1132149477.6319997,,5981278.359999999,,,,,,,,,,
HSS30X10X1,HSS,1,HSS762X254X25.4,371.817761301,762,254,,,23.622,,,25.4,,,,,,44322.492,2871996836.6399994,491153082.2079999,7538049.439999999,3883734.168,9930560.784,4473668.471999999,1440160732.5759997,,7980500.168,,,,,,,,,,
HSS30X10X7/8,HSS,1,HSS762X254X22.2,328.973521365,762,254,,,20.6756,,,22.225,,,,,,39225.728,2576472524.4639993,445367625.3919999,6767857.431999999,3523218.76,8849014.559999999,4014830.68,1294479733.6159997,,7111985.776,,,,,,,,,,
HSS30X10X3/4,HSS,1,HSS762X254X19.0,285.102448309,762,254,,,17.7292,,,19.05,,,,,,33935.416,2264298955.2639995,396252317.1711999,5948504.232,3113542.16,7718307.143999999,3523218.76,1136311791.8879998,,6210697.255999999,,,,,,,,,,
HSS30X10X5/8,HSS,1,HSS762X254X15.9,240.189660492,762,254,,,14.7574,,,15.875,,,,,,28580.588,1931313814.7839994,341309768.9919999,5079989.84,2687478.496,6554825.6,2998832.712,969819221.6479998,,5260247.544,,,,,,,,,,
HSS30X10X1/2,HSS,1,HSS762X254X12.7,194.235157915,762,254,,,11.811,,,12.7,,,,,,23096.728,1585841731.5359995,282621137.98239994,4162314.256,2228640.704,5342182.863999999,2441672.536,795002022.8959998,,4293410.767999999,,,,,,,,,,
HSS24X20X3/4,HSS,1,HSS609.6X508X19.0,315.490756037,609.6,508,,,17.7292,,,19.05,,,,,,37548.312,2064507870.9759996,1560867845.9999995,6767857.431999999,6145148.999999999,8013274.295999999,7079211.647999999,2805399808.543999,,10274689.127999999,,,,,,,,,,
HSS24X20X5/8,HSS,1,HSS609.6X508X15.9,265.503329172,609.6,508,,,14.7574,,,15.875,,,,,,31548.324,1756496616.0319996,1327778247.6639998,5751859.464,5227473.415999999,6767857.431999999,5981278.359999999,2368356811.6639996,,8652369.792,,,,,,,,,,
HSS24X20X1/2,HSS,1,HSS609.6X508X12.7,214.489069187,609.6,508,,,11.811,,,12.7,,,,,,25483.82,1435998418.3199997,1086364020.8159997,4703087.368,4277023.704,5506053.504,4866958.007999999,1922989186.2719996,,6997276.328,,,,,,,,,,
HSS24X20X3/8,HSS,1,HSS609.6X508X9.5,162.433094441,609.6,508,,,8.8646,,,9.525,,,,,,19290.284,1098850963.5839996,832462851.1999998,3605154.08,3277412.8,4195088.384,3703476.464,1460972303.8559997,,5309408.736,,,,,,,,,,
HSS24X20X5/16,HSS,1,HSS609.6X508X7.9,136.003302803,609.6,508,,,7.3914,,,7.9375,,,,,,16193.516,928196079.0879998,703431109.2639998,3047993.904,2769413.816,3523218.76,3113542.16,1227882705.5199997,,4457281.408,,,,,,,,,,
HSS24X18X3/4,HSS,1,HSS609.6X457.2X19.0,300.296602173,609.6,457.2,,,17.7292,,,19.05,,,,,,35741.864,1906339929.2479994,1223720391.2639997,6259858.448,5358569.927999999,7472501.183999999,6145148.999999999,2368356811.6639996,,9209529.967999998,,,,,,,,,,
HSS24X18X5/8,HSS,1,HSS609.6X457.2X15.9,252.853935652,609.6,457.2,,,14.7574,,,15.875,,,,,,30064.456,1623302559.8399997,1044740878.2559998,5325795.8,4571990.856,6325406.703999999,5211086.352,2002073157.1359994,,7751081.271999999,,,,,,,,,,
HSS24X18X1/2,HSS,1,HSS609.6X457.2X12.7,204.354672731,609.6,457.2,,,11.811,,,12.7,,,,,,24258.016,1327778247.6639998,857436736.7359998,4358959.023999999,3752637.655999999,5145538.096,4227862.511999999,1627464874.0959997,,6276245.511999999,,,,,,,,,,
HSS24X18X3/8,HSS,1,HSS609.6X457.2X9.5,154.828576689,609.6,457.2,,,8.8646,,,9.525,,,,,,18387.06,1019766992.7199998,657645652.4479998,3342961.056,2884123.264,3932895.359999999,3228251.608,1236207334.0319996,,4768635.624,,,,,,,,,,
HSS24X18X5/16,HSS,1,HSS609.6X457.2X7.9,129.678606043,609.6,457.2,,,7.3914,,,7.9375,,,,,,15419.324,857436736.7359998,553587796.0479999,2818575.008,2425285.472,3293799.864,2720252.624,1040578563.9999998,,3998443.615999999,,,,,,,,,,
HSS24X16X3/4,HSS,1,HSS609.6X406.4X19.0,285.102448309,609.6,406.4,,,17.7292,,,19.05,,,,,,33935.416,1748171987.5199995,936520707.5999998,5735472.399999999,4604764.983999999,6948115.135999999,5260247.544,1947963071.8079996,,8127983.743999999,,,,,,,,,,
HSS24X16X5/8,HSS,1,HSS609.6X406.4X15.9,240.189660492,609.6,406.4,,,14.7574,,,15.875,,,,,,28580.588,1490108503.6479995,799164337.1519998,4883345.072,3932895.359999999,5882955.976,4457281.408,1648276445.3759997,,6866179.816,,,,,,,,,,
HSS24X16X1/2,HSS,1,HSS609.6X406.4X12.7,194.235157915,609.6,406.4,,,11.811,,,12.7,,,,,,23096.728,1219558077.0079997,657645652.4479998,3998443.615999999,3228251.608,4785022.687999999,3637928.208,1340265190.4319997,,5571601.76,,,,,,,,,,
HSS24X16X3/8,HSS,1,HSS609.6X406.4X9.5,147.238940577,609.6,406.4,,,8.8646,,,9.525,,,,,,17483.836,936520707.5999998,503640024.9759999,3080768.032,2490833.728,3654315.272,2769413.816,1023929306.9759997,,4227862.511999999,,,,,,,,,,
HSS24X16X5/16,HSS,1,HSS609.6X406.4X7.9,123.339027643,609.6,406.4,,,7.3914,,,7.9375,,,,,,14645.132,790839708.6399999,428718368.3679999,2589156.112,2097544.192,3080768.032,2343350.152,861599050.9919997,,3555992.888,,,,,,,,,,
HSS24X14X3/4,HSS,1,HSS609.6X355.6X19.0,269.908294445,609.6,355.6,,,17.7292,,,19.05,,,,,,32128.968,1590004045.7919996,690944166.4959998,5211086.352,3883734.168,6407342.023999999,4424507.279999999,1552543217.4879997,,7062824.584,,,,,,,,,,
HSS24X14X5/8,HSS,1,HSS609.6X355.6X15.9,227.525385332,609.6,355.6,,,14.7574,,,15.875,,,,,,27032.204,1356914447.4559996,591048624.3519999,4457281.408,3326573.992,5440505.248,3752637.655999999,1319453619.1519997,,5964891.295999999,,,,,,,,,,
HSS24X14X1/2,HSS,1,HSS609.6X355.6X12.7,184.100761459,609.6,355.6,,,11.811,,,12.7,,,,,,21870.924,1115500220.6079998,486990767.9519999,3654315.272,2736639.688,4424507.279999999,3064380.968,1073877078.0479999,,4850570.943999999,,,,,,,,,,
HSS24X14X3/8,HSS,1,HSS609.6X355.6X9.5,139.634422825,609.6,355.6,,,8.8646,,,9.525,,,,,,16580.612,857436736.7359998,375440745.8911999,2802187.944,2113931.256,3392122.248,2343350.152,819975908.4319998,,3687089.399999999,,,,,,,,,,
HSS24X14X5/16,HSS,1,HSS609.6X355.6X7.9,117.014330883,609.6,355.6,,,7.3914,,,7.9375,,,,,,13935.456,724242680.5439998,317584577.73279995,2376124.28,1786189.976,2851349.136,1966447.68,690944166.4959998,,3097155.096,,,,,,,,,,
HSS24X14X1/4,HSS,1,HSS609.6X355.6X6.4,94.126369431,609.6,355.6,,,5.9182,,,6.35,,,,,,11225.784,586886310.0959998,257647252.44639993,1917286.488,1450255.164,2294188.96,1596100.0336,557750110.3039999,,2490833.728,,,,,,,,,,
HSS24X12X1,HSS,1,HSS609.6X304.8X25.4,331.309938757,609.6,304.8,,,23.622,,,25.4,,,,,,39548.308,1806444387.1039996,607697881.3759998,5932117.168,3982056.552,7521662.375999999,4621152.047999999,1510920074.9279997,,7734694.208,,,,,,,,,,
HSS24X12X7/8,HSS,1,HSS609.6X304.8X22.2,293.52545623,609.6,304.8,,,20.6756,,,22.225,,,,,,35032.188,1627464874.0959997,549425481.7919998,5342182.863999999,3605154.08,6718696.239999999,4129540.128,1352752133.1999996,,6882566.879999999,,,,,,,,,,
HSS24X12X3/4,HSS,1,HSS609.6X304.8X19.0,254.714140581,609.6,304.8,,,17.7292,,,19.05,,,,,,30387.036,1431836104.0639997,486990767.9519999,4703087.368,3195477.48,5882955.976,3621541.144,1186259562.9599998,,5997665.424,,,,,,,,,,
HSS24X12X5/8,HSS,1,HSS609.6X304.8X15.9,214.875991812,609.6,304.8,,,14.7574,,,15.875,,,,,,25548.336,1223720391.2639997,416231425.5999999,4014830.68,2736639.688,4981667.455999999,3080768.032,1011442364.2079997,,5079989.84,,,,,,,,,,
HSS24X12X1/2,HSS,1,HSS609.6X304.8X12.7,173.981246643,609.6,304.8,,,11.811,,,12.7,,,,,,20709.636,1007280049.9519998,345055851.8223999,3310186.928,2261414.832,4063991.872,2523607.856,824138222.6879998,,4129540.128,,,,,,,,,,
HSS24X12X3/8,HSS,1,HSS609.6X304.8X9.5,132.044786713,609.6,304.8,,,8.8646,,,9.525,,,,,,15677.388,774190451.6159998,267220575.23519993,2539994.92,1753415.848,3113542.16,1933673.552,632671766.9119998,,3146316.288,,,,,,,,,,
HSS24X12X5/16,HSS,1,HSS609.6X304.8X7.9,110.689634123,609.6,304.8,,,7.3914,,,7.9375,,,,,,13161.264,653483338.1919998,226013664.10079995,2146705.384,1484667.9984,2621930.24,1628874.1616,532776224.7679999,,2638317.304,,,,,,,,,,
HSS24X12X1/4,HSS,1,HSS609.6X304.8X6.4,89.066612023,609.6,304.8,,,5.9182,,,6.35,,,,,,10580.624,532776224.7679999,183974290.11519995,1737028.784,1206087.9104,2113931.256,1319158.652,428718368.3679999,,2130318.32,,,,,,,,,,
HSS24X8X1/2,HSS,1,HSS609.6X203.2X12.7,153.727335371,609.6,203.2,,,11.811,,,12.7,,,,,,18258.028,790839708.6399999,139853759.00159997,2605543.176,1376513.376,3359348.12,1532190.484,397501011.4479999,,2703865.56,,,,,,,,,,
HSS24X8X3/8,HSS,1,HSS609.6X203.2X9.5,116.850632849,609.6,203.2,,,8.8646,,,9.525,,,,,,13870.94,611860195.6319999,109468864.93279998,2015608.872,1078268.8112,2572769.048,1183146.0208,307595023.51839995,,2064770.064,,,,,,,,,,
HSS24X8X5/16,HSS,1,HSS609.6X203.2X7.9,98.025358963,609.6,203.2,,,7.3914,,,7.9375,,,,,,11677.396,520289281.9999999,93235839.33439998,1704254.656,917675.584,2163092.448,999610.904,260144640.99999994,,1737028.784,,,,,,,,,,
HSS24X8X1/4,HSS,1,HSS609.6X203.2X6.4,78.947097206,609.6,203.2,,,5.9182,,,6.35,,,,,,9419.336,420393739.8559999,76170350.88479999,1383068.2016,750527.5312,1753415.848,811159.668,211445564.20479995,,1409287.504,,,,,,,,,,
HSS22X22X1,HSS,1,HSS558.8X558.8X25.4,412.325583845,558.8,558.8,,,23.622,,,25.4,,,,,,49161.192,2310084412.0799994,2310084412.0799994,8275467.319999999,8275467.319999999,9766690.144,9766690.144,3700297373.583999,,13486553.671999998,,,,,,,,,,
HSS22X22X7/8,HSS,1,HSS558.8X558.8X22.2,364.421586501,558.8,558.8,,,20.6756,,,22.225,,,,,,43419.268,2068670185.2319994,2068670185.2319994,7406952.927999999,7406952.927999999,8685143.92,8685143.92,3284065947.9839993,,11946169.656,,,,,,,,,,
HSS22X22X3/4,HSS,1,HSS558.8X558.8X19.0,315.490756037,558.8,558.8,,,17.7292,,,19.05,,,,,,37548.312,1810606701.3599997,1810606701.3599997,6472890.279999999,6472890.279999999,7570823.567999999,7570823.567999999,2855347579.615999,,10356624.447999999,,,,,,,,,,
HSS22X22X5/8,HSS,1,HSS558.8X558.8X15.9,265.503329172,558.8,558.8,,,14.7574,,,15.875,,,,,,31548.324,1544218588.9759996,1544218588.9759996,5522440.567999999,5522440.567999999,6390954.959999999,6390954.959999999,2409979954.2239995,,8717918.047999999,,,,,,,,,,
HSS22X22X1/2,HSS,1,HSS558.8X558.8X12.7,214.489069187,558.8,558.8,,,11.811,,,12.7,,,,,,25483.82,1261181219.5679996,1261181219.5679996,4522829.664,4522829.664,5194699.288,5194699.288,1956287700.3199995,,7062824.584,,,,,,,,,,
HSS22X20X3/4,HSS,1,HSS558.8X508X19.0,300.296602173,558.8,508,,,17.7292,,,19.05,,,,,,35741.864,1681574959.4239995,1452647675.3439996,6014052.488,5719085.335999999,7079211.647999999,6636760.919999999,2464090039.5519996,,9389787.671999998,,,,,,,,,,
HSS22X20X5/8,HSS,1,HSS558.8X508X15.9,252.853935652,558.8,508,,,14.7574,,,15.875,,,,,,30064.456,1431836104.0639997,1236207334.0319996,5129151.032,4866958.007999999,5997665.424,5620762.952,2081157127.9999995,,7914951.912,,,,,,,,,,
HSS22X20X1/2,HSS,1,HSS558.8X508X12.7,204.354672731,558.8,508,,,11.811,,,12.7,,,,,,24258.016,1173772620.1919997,1015604678.4639997,4195088.384,3998443.615999999,4866958.007999999,4571990.856,1689899587.9359996,,6407342.023999999,,,,,,,,,,
HSS22X20X3/8,HSS,1,HSS558.8X508X9.5,154.828576689,558.8,508,,,8.8646,,,9.525,,,,,,18387.06,899059879.2959998,778352765.8719999,3211864.544,3064380.968,3719863.527999999,3490444.632,1286155105.1039996,,4866958.007999999,,,,,,,,,,
HSS22X20X5/16,HSS,1,HSS558.8X508X7.9,129.678606043,558.8,508,,,7.3914,,,7.9375,,,,,,15419.324,757541194.5919998,657645652.4479998,2720252.624,2589156.112,3129929.224,2933284.456,1078039392.3039997,,4080378.936,,,,,,,,,,
HSS22X18X3/4,HSS,1,HSS558.8X457.2X19.0,285.102448309,558.8,457.2,,,17.7292,,,19.05,,,,,,33935.416,1548380903.2319996,1136311791.8879998,5538827.631999999,4981667.455999999,6587599.727999999,5751859.464,2081157127.9999995,,8406563.831999999,,,,,,,,,,
HSS22X18X5/8,HSS,1,HSS558.8X457.2X15.9,240.189660492,558.8,457.2,,,14.7574,,,15.875,,,,,,28580.588,1319453619.1519997,969819221.6479998,4719474.432,4244249.575999999,5587988.823999999,4866958.007999999,1760658930.2879996,,7095598.711999999,,,,,,,,,,
HSS22X18X1/2,HSS,1,HSS558.8X457.2X12.7,194.235157915,558.8,457.2,,,11.811,,,12.7,,,,,,23096.728,1082201706.5599997,795002022.8959998,3867347.104,3490444.632,4539216.727999999,3965669.487999999,1431836104.0639997,,5751859.464,,,,,,,,,,
HSS22X18X3/8,HSS,1,HSS558.8X457.2X9.5,147.238940577,558.8,457.2,,,8.8646,,,9.525,,,,,,17483.836,832462851.1999998,611860195.6319999,2982445.648,2687478.496,3474057.568,3031606.84,1090526335.0719998,,4375346.088,,,,,,,,,,
HSS22X18X5/16,HSS,1,HSS558.8X457.2X7.9,123.339027643,558.8,457.2,,,7.3914,,,7.9375,,,,,,14645.132,699268795.0079998,516126967.7439999,2507220.792,2261414.832,2916897.392,2556381.984,915709136.3199998,,3670702.336,,,,,,,,,,
HSS22X16X3/4,HSS,1,HSS558.8X406.4X19.0,269.908294445,558.8,406.4,,,17.7292,,,19.05,,,,,,32128.968,1415186847.0399997,865761365.2479998,5063602.776,4260636.64,6095987.807999999,4916119.199999999,1719035787.7279997,,7439727.055999999,,,,,,,,,,
HSS22X16X5/8,HSS,1,HSS558.8X406.4X15.9,227.525385332,558.8,406.4,,,14.7574,,,15.875,,,,,,27032.204,1211233448.4959998,740891937.5679998,4326184.896,3654315.272,5178312.223999999,4162314.256,1456809989.5999997,,6276245.511999999,,,,,,,,,,
HSS22X16X1/2,HSS,1,HSS558.8X406.4X12.7,184.100761459,558.8,406.4,,,11.811,,,12.7,,,,,,21870.924,990630792.9279997,611860195.6319999,3555992.888,2998832.712,4211475.448,3392122.248,1186259562.9599998,,5096376.903999999,,,,,,,,,,
HSS22X16X3/8,HSS,1,HSS558.8X406.4X9.5,139.634422825,558.8,406.4,,,8.8646,,,9.525,,,,,,16580.612,761703508.8479998,470341510.9279999,2736639.688,2310576.024,3228251.608,2605543.176,903222193.5519998,,3867347.104,,,,,,,,,,
HSS22X16X5/16,HSS,1,HSS558.8X406.4X7.9,117.014330883,558.8,406.4,,,7.3914,,,7.9375,,,,,,13935.456,645158709.6799998,397084780.0223999,2310576.024,1950060.616,2703865.56,2179479.512,761703508.8479998,,3244638.672,,,,,,,,,,
HSS22X16X1/4,HSS,1,HSS558.8X406.4X6.4,94.126369431,558.8,406.4,,,5.9182,,,6.35,,,,,,11225.784,520289281.9999999,322163123.4143999,1868125.296,1584629.0888,2195866.576,1769802.912,611860195.6319999,,2621930.24,,,,,,,,,,
HSS22X14X3/4,HSS,1,HSS558.8X355.6X19.0,254.714140581,558.8,355.6,,,17.7292,,,19.05,,,,,,30387.036,1286155105.1039996,636834081.1679999,4604764.983999999,3588767.016,5620762.952,4113153.064,1373563704.4799998,,6456503.215999999,,,,,,,,,,
HSS22X14X5/8,HSS,1,HSS558.8X355.6X15.9,214.875991812,558.8,355.6,,,14.7574,,,15.875,,,,,,25548.336,1098850963.5839996,549425481.7919998,3932895.359999999,3080768.032,4768635.624,3490444.632,1165447991.6799998,,5456892.312,,,,,,,,,,
HSS22X14X1/2,HSS,1,HSS558.8X355.6X12.7,173.981246643,558.8,355.6,,,11.811,,,12.7,,,,,,20709.636,903222193.5519998,449529939.6479999,3228251.608,2539994.92,3883734.168,2851349.136,953169964.6239997,,4440894.344,,,,,,,,,,
HSS22X14X3/8,HSS,1,HSS558.8X355.6X9.5,132.044786713,558.8,355.6,,,8.8646,,,9.525,,,,,,15677.388,695106480.7519999,348385703.2271999,2490833.728,1966447.68,2982445.648,2195866.576,728404994.7999998,,3375735.184,,,,,,,,,,
HSS22X14X5/16,HSS,1,HSS558.8X355.6X7.9,110.689634123,558.8,355.6,,,7.3914,,,7.9375,,,,,,13161.264,586886310.0959998,294691849.32479995,2097544.192,1655093.464,2507220.792,1835351.168,611860195.6319999,,2834962.072,,,,,,,,,,
HSS22X14X1/4,HSS,1,HSS558.8X355.6X6.4,89.066612023,558.8,355.6,,,5.9182,,,6.35,,,,,,10580.624,474503825.1839999,239333069.71999994,1704254.656,1347016.6608,2015608.872,1489584.1176,495315396.46399987,,2294188.96,,,,,,,,,,
HSS22X10X5/8,HSS,1,HSS558.8X254X15.9,189.547441492,558.8,254,,,14.7574,,,15.875,,,,,,22580.6,878248308.0159998,255566095.31839994,3129929.224,2015608.872,3949282.424,2277801.896,649321023.9359999,,3834572.976,,,,,,,,,,
HSS22X10X1/2,HSS,1,HSS558.8X254X12.7,153.727335371,558.8,254,,,11.811,,,12.7,,,,,,18258.028,724242680.5439998,212278027.05599993,2589156.112,1671480.528,3228251.608,1868125.296,532776224.7679999,,3129929.224,,,,,,,,,,
HSS22X10X3/8,HSS,1,HSS558.8X254X9.5,116.850632849,558.8,254,,,8.8646,,,9.525,,,,,,13870.94,557750110.3039999,165243875.96319997,1999221.808,1301132.8816,2474446.664,1437145.5128,410404185.6415999,,2392511.344,,,,,,,,,,
HSS22X10X5/16,HSS,1,HSS558.8X254X7.9,98.025358963,558.8,254,,,7.3914,,,7.9375,,,,,,11677.396,474503825.1839999,140269990.42719996,1687867.592,1104488.1136,2097544.192,1212642.736,346304546.0991999,,2015608.872,,,,,,,,,,
HSS22X10X1/4,HSS,1,HSS558.8X254X6.4,78.947097206,558.8,254,,,5.9182,,,6.35,,,,,,9419.336,384181605.8287999,114463642.03999998,1374874.6696,901288.52,1687867.592,983223.84,280539980.8543999,,1622319.336,,,,,,,,,,
HSS20X20X1,HSS,1,HSS508X508X25.4,371.817761301,508,508,,,23.622,,,25.4,,,,,,44322.492,1706548844.9599996,1706548844.9599996,6718696.239999999,6718696.239999999,7964113.103999999,7964113.103999999,2747127408.9599996,,11028494.071999999,,,,,,,,,,
HSS20X20X7/8,HSS,1,HSS508X508X22.2,328.973521365,508,508,,,20.6756,,,22.225,,,,,,39225.728,1527569331.9519997,1527569331.9519997,6014052.488,6014052.488,7095598.711999999,7095598.711999999,2443278468.2719994,,9783077.207999999,,,,,,,,,,
HSS20X20X3/4,HSS,1,HSS508X508X19.0,285.102448309,508,508,,,17.7292,,,19.05,,,,,,33935.416,1344427504.6879997,1344427504.6879997,5293021.671999999,5293021.671999999,6194310.192,6194310.192,2126942584.8159995,,8504886.216,,,,,,,,,,
HSS20X20X5/8,HSS,1,HSS508X508X15.9,240.189660492,508,508,,,14.7574,,,15.875,,,,,,28580.588,1144636420.3999996,1144636420.3999996,4506442.6,4506442.6,5243860.48,5243860.48,1798119758.5919995,,7161146.967999999,,,,,,,,,,
HSS20X20X1/2,HSS,1,HSS508X508X12.7,194.235157915,508,508,,,11.811,,,12.7,,,,,,23096.728,940683021.8559998,940683021.8559998,3703476.464,3703476.464,4277023.704,4277023.704,1460972303.8559997,,5817407.72,,,,,,,,,,
HSS20X20X3/8,HSS,1,HSS508X508X9.5,147.238940577,508,508,,,8.8646,,,9.525,,,,,,17483.836,724242680.5439998,724242680.5439998,2851349.136,2851349.136,3261025.736,3261025.736,1115500220.6079998,,4408120.216,,,,,,,,,,
HSS20X20X5/16,HSS,1,HSS508X508X7.9,123.339027643,508,508,,,7.3914,,,7.9375,,,,,,14645.132,607697881.3759998,607697881.3759998,2392511.344,2392511.344,2736639.688,2736639.688,936520707.5999998,,3703476.464,,,,,,,,,,
HSS20X16X3/4,HSS,1,HSS508X406.4X19.0,254.714140581,508,406.4,,,17.7292,,,19.05,,,,,,30387.036,1127987163.3759997,799164337.1519998,4440894.344,3932895.359999999,5309408.736,4555603.791999999,1494270817.9039996,,6735083.304,,,,,,,,,,
HSS20X16X5/8,HSS,1,HSS508X406.4X15.9,214.875991812,508,406.4,,,14.7574,,,15.875,,,,,,25548.336,965656907.3919997,682619537.9839998,3801798.848,3375735.184,4506442.6,3867347.104,1265343533.8239996,,5686311.208,,,,,,,,,,
HSS20X16X1/2,HSS,1,HSS508X406.4X12.7,173.981246643,508,406.4,,,11.811,,,12.7,,,,,,20709.636,790839708.6399999,561912424.5599998,3113542.16,2769413.816,3670702.336,3162703.351999999,1032253935.4879998,,4621152.047999999,,,,,,,,,,
HSS20X16X3/8,HSS,1,HSS508X406.4X9.5,132.044786713,508,406.4,,,8.8646,,,9.525,,,,,,15677.388,611860195.6319999,432880682.6239999,2408898.408,2130318.32,2818575.008,2425285.472,786677394.3839998,,3523218.76,,,,,,,,,,
HSS20X16X5/16,HSS,1,HSS508X406.4X7.9,110.689634123,508,406.4,,,7.3914,,,7.9375,,,,,,13161.264,516126967.7439999,367116117.3791999,2031995.936,1802577.04,2359737.216,2031995.936,661807966.7039999,,2949671.52,,,,,,,,,,
HSS20X16X1/4,HSS,1,HSS508X406.4X6.4,89.066612023,508,406.4,,,5.9182,,,6.35,,,,,,10580.624,416231425.5999999,298021700.72959995,1638706.4,1466642.228,1917286.488,1638706.4,532776224.7679999,,2376124.28,,,,,,,,,,
HSS20X12X1,HSS,1,HSS508X304.8X25.4,290.787234573,508,304.8,,,23.622,,,25.4,,,,,,34709.608,1140474106.1439998,511964653.48799986,4490055.535999999,3359348.12,5637150.016,3949282.424,1173772620.1919997,,6390954.959999999,,,,,,,,,,
HSS20X12X7/8,HSS,1,HSS508X304.8X22.2,258.092272733,508,304.8,,,20.6756,,,22.225,,,,,,30774.132,1032253935.4879998,462016882.4159999,4063991.872,3047993.904,5047215.711999999,3539605.824,1053065506.7679998,,5686311.208,,,,,,,,,,
HSS20X12X3/4,HSS,1,HSS508X304.8X19.0,224.340714493,508,304.8,,,17.7292,,,19.05,,,,,,26774.14,911546822.0639998,411236648.4927999,3588767.016,2703865.56,4424507.279999999,3113542.16,924033764.8319998,,4965280.392,,,,,,,,,,
HSS20X12X5/8,HSS,1,HSS508X304.8X15.9,189.547441492,508,304.8,,,14.7574,,,15.875,,,,,,22580.6,782515080.1279998,354212943.1855999,3080768.032,2326963.088,3769024.72,2654704.368,786677394.3839998,,4211475.448,,,,,,,,,,
HSS20X12X1/2,HSS,1,HSS508X304.8X12.7,153.727335371,508,304.8,,,11.811,,,12.7,,,,,,18258.028,645158709.6799998,293443155.0479999,2539994.92,1917286.488,3080768.032,2163092.448,640996395.4239999,,3424896.376,,,,,,,,,,
HSS20X12X3/8,HSS,1,HSS508X304.8X9.5,116.850632849,508,304.8,,,8.8646,,,9.525,,,,,,13870.94,499477710.7199999,227678589.80319995,1966447.68,1492861.5304,2359737.216,1671480.528,491153082.2079999,,2621930.24,,,,,,,,,,
HSS20X12X5/16,HSS,1,HSS508X304.8X7.9,98.025358963,508,304.8,,,7.3914,,,7.9375,,,,,,11677.396,420393739.8559999,193131381.47839996,1655093.464,1266720.0472,1999221.808,1406010.0912,414982731.3231999,,2195866.576,,,,,,,,,,
HSS20X8X1,HSS,1,HSS508X203.2X25.4,250.27941203,508,203.2,,,23.622,,,25.4,,,,,,29935.424,857436736.7359998,196461232.88319996,3375735.184,1933673.552,4473668.471999999,2310576.024,549425481.7919998,,4063991.872,,,,,,,,,,
HSS20X8X7/8,HSS,1,HSS508X203.2X22.2,222.644207597,508,203.2,,,20.6756,,,22.225,,,,,,26580.592,782515080.1279998,179811975.85919997,3080768.032,1769802.912,4031217.743999999,2081157.128,499477710.7199999,,3637928.208,,,,,,,,,,
HSS20X8X3/4,HSS,1,HSS508X203.2X19.0,193.952406765,508,203.2,,,17.7292,,,19.05,,,,,,23161.244,695106480.7519999,161497793.13279995,2736639.688,1591183.9144,3539605.824,1835351.168,441205311.1359999,,3195477.48,,,,,,,,,,
HSS20X8X5/8,HSS,1,HSS508X203.2X15.9,164.233772812,508,203.2,,,14.7574,,,15.875,,,,,,19548.348,599373252.8639998,140686221.85279995,2359737.216,1386345.6144,3031606.84,1579712.9696,381267985.8495999,,2736639.688,,,,,,,,,,
HSS20X8X1/2,HSS,1,HSS508X203.2X12.7,133.458542459,508,203.2,,,11.811,,,12.7,,,,,,15870.936,495315396.46399987,117793493.44479997,1950060.616,1160204.1312,2490833.728,1302771.588,315087189.17919993,,2245027.768,,,,,,,,,,
HSS20X8X3/8,HSS,1,HSS508X203.2X9.5,101.656478985,508,203.2,,,8.8646,,,9.525,,,,,,12064.492,385430300.1055999,92403376.48319998,1517442.1264,911120.7584,1917286.488,1007804.436,243911615.40159994,,1720641.72,,,,,,,,,,
HSS20X8X5/16,HSS,1,HSS508X203.2X7.9,85.361083803,508,203.2,,,7.3914,,,7.9375,,,,,,10129.012,327157900.52159995,78667739.43839999,1288023.2304,776746.8336,1615764.5104,852127.328,206450787.09759995,,1446977.7512,,,,,,,,,,
HSS20X6X5/8,HSS,1,HSS508X152.4X15.9,151.569497653,508,152.4,,,14.7574,,,15.875,,,,,,18064.48,507802339.2319999,72840499.47999999,1999221.808,957004.5376,2654704.368,1102849.4072,219770192.71679994,,1999221.808,,,,,,,,,,
HSS20X6X1/2,HSS,1,HSS508X152.4X12.7,123.339027643,508,152.4,,,11.811,,,12.7,,,,,,14709.648,424556054.11199987,61602250.98879998,1671480.528,809520.9616,2195866.576,914398.1712,183558058.68959996,,1638706.4,,,,,,,,,,
HSS20X6X3/8,HSS,1,HSS508X152.4X9.5,94.066842873,508,152.4,,,8.8646,,,9.525,,,,,,11161.268,329655289.0751999,49115308.22079999,1297855.4688,642372.9088,1687867.592,711198.5776,143599841.83199996,,1266720.0472,,,,,,,,,,
HSS20X6X5/16,HSS,1,HSS508X152.4X7.9,79.036387043,508,152.4,,,7.3914,,,7.9375,,,,,,9419.336,280123749.4287999,42039373.98559999,1102849.4072,550605.3504,1427313.2744,604682.6616,121955807.70079997,,1071713.9856,,,,,,,,,,
HSS20X6X1/4,HSS,1,HSS508X152.4X6.4,63.752943343,508,152.4,,,5.9182,,,6.35,,,,,,7612.888,228511052.65439993,34505585.182239994,899649.8136,452282.9664,1158565.4248,491611.92,99895542.14399998,,870153.0984,,,,,,,,,,
HSS20X4X1/2,HSS,1,HSS508X101.6X12.7,113.204631187,508,101.6,,,11.811,,,12.7,,,,,,13483.844,348801934.6527999,24432784.682719994,1373235.9632,480140.9752,1884512.36,557160.176,81165127.99199998,,1045494.6832,,,,,,,,,,
HSS20X4X3/8,HSS,1,HSS508X101.6X9.5,86.462325121,508,101.6,,,8.8646,,,9.525,,,,,,10322.56,273464046.61919993,19812615.858559996,1076630.1048,390012.1232,1463364.8152,439173.3152,64932102.39359999,,817714.4936,,,,,,,,,,
HSS20X4X5/16,HSS,1,HSS508X101.6X7.9,72.711690283,508,101.6,,,7.3914,,,7.9375,,,,,,8645.144,233089598.33599994,17148734.734719995,917675.584,337573.5184,1238862.0384,375263.7656,55775011.030399986,,694811.5136,,,,,,,,,,
HSS20X4X1/4,HSS,1,HSS508X101.6X6.4,58.678304295,508,101.6,,,5.9182,,,6.35,,,,,,6967.728,190633992.92479995,14276737.898079995,750527.5312,280218.7944,1007804.436,306438.0968,46201688.24159999,,568631.1208,,,,,,,,,,
HSS18X18X1,HSS,1,HSS457.2X457.2X25.4,331.309938757,457.2,457.2,,,23.622,,,25.4,,,,,,39548.308,1215395762.7519996,1215395762.7519996,5309408.736,5309408.736,6341793.767999999,6341793.767999999,1972936957.3439996,,8832627.496,,,,,,,,,,
HSS18X18X7/8,HSS,1,HSS457.2X457.2X22.2,293.52545623,457.2,457.2,,,20.6756,,,22.225,,,,,,35032.188,1094688649.3279998,1094688649.3279998,4785022.687999999,4785022.687999999,5669924.143999999,5669924.143999999,1756496616.0319996,,7849403.655999999,,,,,,,,,,
HSS18X18X3/4,HSS,1,HSS457.2X457.2X19.0,254.714140581,457.2,457.2,,,17.7292,,,19.05,,,,,,30387.036,965656907.3919997,965656907.3919997,4227862.511999999,4227862.511999999,4948893.328,4948893.328,1535893960.4639997,,6833405.687999999,,,,,,,,,,
HSS18X18X5/8,HSS,1,HSS457.2X457.2X15.9,214.875991812,457.2,457.2,,,14.7574,,,15.875,,,,,,25548.336,824138222.6879998,824138222.6879998,3605154.08,3605154.08,4211475.448,4211475.448,1298642047.8719997,,5768246.527999999,,,,,,,,,,
HSS18X18X1/2,HSS,1,HSS457.2X457.2X12.7,173.981246643,457.2,457.2,,,11.811,,,12.7,,,,,,20709.636,678457223.7279998,678457223.7279998,2966058.584,2966058.584,3441283.439999999,3441283.439999999,1057227821.0239997,,4686700.304,,,,,,,,,,
HSS18X18X3/8,HSS,1,HSS457.2X457.2X9.5,132.044786713,457.2,457.2,,,8.8646,,,9.525,,,,,,15677.388,520289281.9999999,520289281.9999999,2277801.896,2277801.896,2621930.24,2621930.24,807488965.6639998,,3555992.888,,,,,,,,,,
HSS18X18X5/16,HSS,1,HSS457.2X457.2X7.9,110.689634123,457.2,457.2,,,7.3914,,,7.9375,,,,,,13161.264,441205311.1359999,441205311.1359999,1933673.552,1933673.552,2212253.64,2212253.64,678457223.7279998,,2982445.648,,,,,,,,,,
HSS18X18X1/4,HSS,1,HSS457.2X457.2X6.4,89.066612023,457.2,457.2,,,5.9182,,,6.35,,,,,,10580.624,357959026.0159999,357959026.0159999,1566603.3184,1566603.3184,1786189.976,1786189.976,549425481.7919998,,2408898.408,,,,,,,,,,
HSS18X10X5/8,HSS,1,HSS457.2X254X15.9,164.233772812,457.2,254,,,14.7574,,,15.875,,,,,,19548.348,532776224.7679999,212694258.48159996,2326963.088,1671480.528,2884123.264,1917286.488,495315396.46399987,,3113542.16,,,,,,,,,,
HSS18X10X1/2,HSS,1,HSS457.2X254X12.7,133.458542459,457.2,254,,,11.811,,,12.7,,,,,,15870.936,441205311.1359999,176898355.87999997,1917286.488,1392900.44,2359737.216,1576435.5568,406658102.8111999,,2539994.92,,,,,,,,,,
HSS18X10X3/8,HSS,1,HSS457.2X254X9.5,101.656478985,457.2,254,,,8.8646,,,9.525,,,,,,12064.492,341309768.9919999,138188833.29919997,1492861.5304,1088101.0496,1818964.104,1215920.1488,313006032.0511999,,1950060.616,,,,,,,,,,
HSS18X10X5/16,HSS,1,HSS457.2X254X7.9,85.361083803,457.2,254,,,7.3914,,,7.9375,,,,,,10129.012,289280840.79199994,117377262.01919997,1265081.3408,924230.4096,1535467.8968,1027468.9128,264306955.25599992,,1638706.4,,,,,,,,,,
HSS18X10X1/4,HSS,1,HSS457.2X254X6.4,68.812700751,457.2,254,,,5.9182,,,6.35,,,,,,8193.532,235586986.88959995,95733227.88799998,1030746.3256,755443.6504,1245416.864,834101.5576,214359184.18399996,,1324074.7712,,,,,,,,,,
HSS18X8X5/8,HSS,1,HSS457.2X203.2X15.9,151.569497653,457.2,203.2,,,14.7574,,,15.875,,,,,,18064.48,457854568.1599999,127366816.23359998,1999221.808,1255249.1024,2556381.984,1438784.2192,331736446.2031999,,2441672.536,,,,,,,,,,
HSS18X8X1/2,HSS,1,HSS457.2X203.2X12.7,123.339027643,457.2,203.2,,,11.811,,,12.7,,,,,,14709.648,380019291.5727999,106971476.37919998,1655093.464,1052049.5088,2097544.192,1188062.14,274296509.4703999,,1999221.808,,,,,,,,,,
HSS18X8X3/8,HSS,1,HSS457.2X203.2X9.5,94.066842873,457.2,203.2,,,8.8646,,,9.525,,,,,,11161.268,295940543.60159993,84078747.97119997,1294578.056,827546.732,1617403.2168,919314.2904,212278027.05599993,,1542022.7224,,,,,,,,,,
HSS18X8X5/16,HSS,1,HSS457.2X203.2X7.9,79.036387043,457.2,203.2,,,7.3914,,,7.9375,,,,,,9419.336,251403781.06239995,71591805.20319998,1099571.9944,704643.752,1366681.1376,778385.54,179811975.85919997,,1301132.8816,,,,,,,,,,
HSS18X8X1/4,HSS,1,HSS457.2X203.2X6.4,63.752943343,457.2,203.2,,,5.9182,,,6.35,,,,,,7612.888,204785861.39519995,58688631.00959998,896372.4008,576824.6528,1109404.2328,632540.6704,146097230.38559997,,1053688.2152,,,,,,,,,,
HSS18X6X3/4,HSS,1,HSS457.2X152.4X19.0,163.564099038,457.2,152.4,,,17.7292,,,19.05,,,,,,19548.348,441205311.1359999,74505425.18239999,1933673.552,976669.0144,2589156.112,1153649.3056,220602655.56799996,,2081157.128,,,,,,,,,,
HSS18X6X5/8,HSS,1,HSS457.2X152.4X15.9,138.905222493,457.2,152.4,,,14.7574,,,15.875,,,,,,16580.612,384181605.8287999,65764565.24479999,1687867.592,863598.2728,2212253.64,999610.904,192298918.62719995,,1786189.976,,,,,,,,,,
HSS18X6X1/2,HSS,1,HSS457.2X152.4X12.7,113.204631187,457.2,152.4,,,11.811,,,12.7,,,,,,13483.844,320498197.71199995,55775011.030399986,1402732.6784,730863.0544,1835351.168,830824.1448,161081561.70719996,,1473197.0536,,,,,,,,,,
HSS18X6X3/8,HSS,1,HSS457.2X152.4X9.5,86.462325121,457.2,152.4,,,8.8646,,,9.525,,,,,,10322.56,250571318.21119994,44120531.113599986,1096294.5816,581740.772,1415842.3296,647289.028,125701890.53119998,,1138900.948,,,,,,,,,,
HSS18X6X5/16,HSS,1,HSS457.2X152.4X7.9,72.711690283,457.2,152.4,,,7.3914,,,7.9375,,,,,,8645.144,213526721.33279994,38001929.15727999,934062.648,498166.7456,1197894.3784,548966.644,106971476.37919998,,961920.6568,,,,,,,,,,
HSS18X6X1/4,HSS,1,HSS457.2X152.4X6.4,58.678304295,457.2,152.4,,,5.9182,,,6.35,,,,,,6967.728,174400967.32639995,31258980.06255999,761998.476,409676.6,973391.6016,447366.8472,87408599.37599997,,781662.9528,,,,,,,,,,
HSS16X16X1,HSS,1,HSS406.4X406.4X25.4,290.787234573,406.4,406.4,,,23.622,,,25.4,,,,,,34709.608,828300536.9439998,828300536.9439998,4080378.936,4080378.936,4916119.199999999,4916119.199999999,1361076761.7119997,,6866179.816,,,,,,,,,,
HSS16X16X7/8,HSS,1,HSS406.4X406.4X22.2,258.092272733,406.4,406.4,,,20.6756,,,22.225,,,,,,30774.132,749216566.0799998,749216566.0799998,3687089.399999999,3687089.399999999,4391733.152,4391733.152,1215395762.7519996,,6112374.872,,,,,,,,,,
HSS16X16X3/4,HSS,1,HSS406.4X406.4X19.0,224.340714493,406.4,406.4,,,17.7292,,,19.05,,,,,,26774.14,661807966.7039999,661807966.7039999,3261025.736,3261025.736,3850960.04,3850960.04,1065552449.5359998,,5342182.863999999,,,,,,,,,,
HSS16X16X5/8,HSS,1,HSS406.4X406.4X15.9,189.547441492,406.4,406.4,,,14.7574,,,15.875,,,,,,22580.6,570237053.0719999,570237053.0719999,2802187.944,2802187.944,3277412.8,3277412.8,903222193.5519998,,4522829.664,,,,,,,,,,
HSS16X16X1/2,HSS,1,HSS406.4X406.4X12.7,153.727335371,406.4,406.4,,,11.811,,,12.7,,,,,,18258.028,470341510.9279999,470341510.9279999,2310576.024,2310576.024,2687478.496,2687478.496,736729623.3119998,,3670702.336,,,,,,,,,,
HSS16X16X3/8,HSS,1,HSS406.4X406.4X9.5,116.850632849,406.4,406.4,,,8.8646,,,9.525,,,,,,13870.94,363370034.54879993,363370034.54879993,1786189.976,1786189.976,2064770.064,2064770.064,561912424.5599998,,2802187.944,,,,,,,,,,
HSS16X16X5/16,HSS,1,HSS406.4X406.4X7.9,98.025358963,406.4,406.4,,,7.3914,,,7.9375,,,,,,11677.396,307595023.51839995,307595023.51839995,1512526.0072,1512526.0072,1737028.784,1737028.784,474503825.1839999,,2359737.216,,,,,,,,,,
HSS16X16X1/4,HSS,1,HSS406.4X406.4X6.4,78.947097206,406.4,406.4,,,5.9182,,,6.35,,,,,,9419.336,249738855.35999995,249738855.35999995,1229029.8,1229029.8,1406010.0912,1406010.0912,383349142.9775999,,1900899.424,,,,,,,,,,
HSS16X12X1,HSS,1,HSS406.4X304.8X25.4,250.27941203,406.4,304.8,,,23.622,,,25.4,,,,,,29935.424,653483338.1919998,416231425.5999999,3211864.544,2736639.688,3998443.615999999,3277412.8,844949793.9679998,,5030828.647999999,,,,,,,,,,
HSS16X12X7/8,HSS,1,HSS406.4X304.8X22.2,222.644207597,406.4,304.8,,,20.6756,,,22.225,,,,,,26580.592,595210938.6079998,378770597.2959999,2916897.392,2490833.728,3588767.016,2933284.456,761703508.8479998,,4490055.535999999,,,,,,,,,,
HSS16X12X3/4,HSS,1,HSS406.4X304.8X19.0,193.952406765,406.4,304.8,,,17.7292,,,19.05,,,,,,23161.244,528613910.51199985,337147454.73599994,2605543.176,2212253.64,3162703.351999999,2589156.112,670132595.2159998,,3932895.359999999,,,,,,,,,,
HSS16X12X5/8,HSS,1,HSS406.4X304.8X15.9,164.233772812,406.4,304.8,,,14.7574,,,15.875,,,,,,19548.348,453692253.90399987,291361997.91999996,2228640.704,1917286.488,2703865.56,2212253.64,570237053.0719999,,3342961.056,,,,,,,,,,
HSS16X12X1/2,HSS,1,HSS406.4X304.8X12.7,133.458542459,406.4,304.8,,,11.811,,,12.7,,,,,,15870.936,376273208.74239993,241830458.27359995,1851738.232,1586267.7952,2212253.64,1818964.104,466179196.6719999,,2720252.624,,,,,,,,,,
HSS16X12X3/8,HSS,1,HSS406.4X304.8X9.5,101.656478985,406.4,304.8,,,8.8646,,,9.525,,,,,,12064.492,292194460.77119994,188136604.37119997,1437145.5128,1233945.9192,1704254.656,1401093.972,358791488.8671999,,2081157.128,,,,,,,,,,
HSS16X12X5/16,HSS,1,HSS406.4X304.8X7.9,85.361083803,406.4,304.8,,,7.3914,,,7.9375,,,,,,10129.012,247657698.23199993,159832867.43039995,1219197.5616,1048772.096,1437145.5128,1183146.0208,302600246.4111999,,1753415.848,,,,,,,,,,
HSS16X10X5/8,HSS,1,HSS406.4X254X15.9,151.569497653,406.4,254,,,14.7574,,,15.875,,,,,,18064.48,396668548.5967999,191050224.35039994,1950060.616,1504332.4752,2408898.408,1737028.784,420393739.8559999,,2753026.752,,,,,,,,,,
HSS16X10X1/2,HSS,1,HSS406.4X254X12.7,123.339027643,406.4,254,,,11.811,,,12.7,,,,,,14709.648,329655289.0751999,159416636.00479996,1622319.336,1255249.1024,1982834.744,1430590.6872,345055851.8223999,,2245027.768,,,,,,,,,,
HSS16X10X3/8,HSS,1,HSS406.4X254X9.5,94.066842873,406.4,254,,,8.8646,,,9.525,,,,,,11161.268,256398558.16959995,124453196.25439997,1261803.928,981585.1336,1523996.952,1104488.1136,265971880.95839992,,1720641.72,,,,,,,,,,
HSS16X10X5/16,HSS,1,HSS406.4X254X7.9,79.036387043,406.4,254,,,7.3914,,,7.9375,,,,,,9419.336,217689035.58879995,106139013.52799997,1071713.9856,834101.5576,1288023.2304,934062.648,224348738.39839995,,1453532.5768,,,,,,,,,,
HSS16X10X1/4,HSS,1,HSS406.4X254X6.4,63.752943343,406.4,254,,,5.9182,,,6.35,,,,,,7612.888,177314587.30559996,86576136.52479997,873430.5112,681701.8624,1043855.9768,758721.0632,181893132.98719996,,1174952.4888,,,,,,,,,,
HSS16X8X7/8,HSS,1,HSS406.4X203.2X22.2,187.196142462,406.4,203.2,,,20.6756,,,22.225,,,,,,22387.052,437042996.8799999,144848536.10879996,2146705.384,1425674.568,2785800.88,1704254.656,369613505.93279994,,2884123.264,,,,,,,,,,
HSS16X8X3/4,HSS,1,HSS406.4X203.2X19.0,163.564099038,406.4,203.2,,,17.7292,,,19.05,,,,,,19548.348,390841308.6383999,130696667.63839997,1917286.488,1284745.8176,2458059.6,1505971.1816,328822826.2239999,,2539994.92,,,,,,,,,,
HSS16X8X5/8,HSS,1,HSS406.4X203.2X15.9,138.905222493,406.4,203.2,,,14.7574,,,15.875,,,,,,16580.612,339228611.8639999,114047410.61439997,1671480.528,1124152.5904,2113931.256,1297855.4688,283453600.8335999,,2163092.448,,,,,,,,,,
HSS16X8X1/2,HSS,1,HSS406.4X203.2X12.7,113.204631187,406.4,203.2,,,11.811,,,12.7,,,,,,13483.844,282621137.98239994,95733227.88799998,1391261.7336,943894.8864,1737028.784,1073352.692,234338292.61279994,,1769802.912,,,,,,,,,,
HSS16X8X3/8,HSS,1,HSS406.4X203.2X9.5,86.462325121,406.4,203.2,,,8.8646,,,9.525,,,,,,10322.56,221018886.99359995,75337888.03359999,1086462.3432,742333.9992,1345377.9544,832462.8512,181476901.56159997,,1366681.1376,,,,,,,,,,
HSS16X8X5/16,HSS,1,HSS406.4X203.2X7.9,72.711690283,406.4,203.2,,,7.3914,,,7.9375,,,,,,8645.144,187720372.94559994,64515870.96799999,924230.4096,634179.3768,1137262.2416,704643.752,153589396.04639995,,1153649.3056,,,,,,,,,,
HSS16X8X1/4,HSS,1,HSS406.4X203.2X6.4,58.678304295,406.4,203.2,,,5.9182,,,6.35,,,,,,6967.728,153173164.62079996,52861391.05119999,755443.6504,519469.9288,924230.4096,573547.24,124869427.67999998,,934062.648,,,,,,,,,,
HSS16X6X5/8,HSS,1,HSS406.4X152.4X15.9,126.255828972,406.4,152.4,,,14.7574,,,15.875,,,,,,15032.228,281788675.13119996,58688631.00959998,1386345.6144,768553.3016,1818964.104,896372.4008,165660107.38879997,,1578074.2632,,,,,,,,,,
HSS16X6X1/2,HSS,1,HSS406.4X152.4X12.7,103.085116371,406.4,152.4,,,11.811,,,12.7,,,,,,12258.04,236003218.31519994,49947771.07199999,1161842.8376,653843.8536,1502693.7688,745611.412,138605064.72479996,,1304410.2944,,,,,,,,,,
HSS16X6X3/8,HSS,1,HSS406.4X152.4X9.5,78.872689009,406.4,152.4,,,8.8646,,,9.525,,,,,,9419.336,185222984.39199996,39666854.85967999,911120.7584,521108.6352,1165120.2504,581740.772,108220170.65599997,,1009443.1424,,,,,,,,,,
HSS16X6X5/16,HSS,1,HSS406.4X152.4X7.9,66.372111883,406.4,152.4,,,7.3914,,,7.9375,,,,,,7870.952,157751710.30239996,34047730.61407999,776746.8336,447366.8472,988139.9592,494889.3328,92403376.48319998,,853766.0344,,,,,,,,,,
HSS16X6X1/4,HSS,1,HSS406.4X152.4X6.4,53.618546887,406.4,152.4,,,5.9182,,,6.35,,,,,,6387.084,129447973.36159997,28053998.085439995,635818.0832,368708.94,802966.136,404760.4808,75337888.03359999,,693172.8072,,,,,,,,,,
HSS16X6X3/16,HSS,1,HSS406.4X152.4X4.8,40.61199402,406.4,152.4,,,4.4196,,,4.7625,,,,,,4812.8936,98646847.86719997,21560787.846079994,485057.0944,283496.2072,609598.7808,308076.8032,57439936.732799985,,526024.7544,,,,,,,,,,
HSS16X4X5/8,HSS,1,HSS406.4X101.6X15.9,113.591553813,406.4,101.6,,,14.7574,,,15.875,,,,,,13548.36,224348738.39839995,22518120.124959994,1102849.4072,442450.728,1522358.2456,532579.58,72424268.05439998,,991417.372,,,,,,,,,,
HSS16X4X1/2,HSS,1,HSS406.4X101.6X12.7,92.950719915,406.4,101.6,,,11.811,,,12.7,,,,,,11096.752,189385298.64799994,19562877.003199995,932423.9416,385096.004,1266720.0472,449005.5536,62434713.83999999,,830824.1448,,,,,,,,,,
HSS16X4X3/8,HSS,1,HSS406.4X101.6X9.5,71.283052897,406.4,101.6,,,8.8646,,,9.525,,,,,,8516.112,149843313.21599996,15941663.600479996,737417.88,312992.9224,986501.2528,355599.2888,49947771.07199999,,650566.4408,,,,,,,,,,
HSS16X4X5/16,HSS,1,HSS406.4X101.6X7.9,60.047415123,406.4,101.6,,,7.3914,,,7.9375,,,,,,7161.276,128199279.08479998,13818883.329919998,630901.964,272025.2624,837378.9704,303160.684,42871836.83679999,,553882.7632,,,,,,,,,,
HSS16X4X1/4,HSS,1,HSS406.4X101.6X6.4,48.558789479,406.4,101.6,,,5.9182,,,6.35,,,,,,5780.6336,105306550.67679997,11529610.489119997,517831.2224,226141.4832,683340.5688,249083.3728,35462917.461119995,,452282.9664,,,,,,,,,,
HSS16X4X3/16,HSS,1,HSS406.4X101.6X4.8,36.802294324,406.4,101.6,,,4.4196,,,4.7625,,,,,,4361.2816,80332665.14079998,8948975.650399998,396566.9488,176980.2912,519469.9288,191728.6488,27263158.376799993,,345767.0504,,,,,,,,,,
HSS14X14X1,HSS,1,HSS355.6X355.6X25.4,250.27941203,355.6,355.6,,,23.622,,,25.4,,,,,,29935.424,536938539.0239999,536938539.0239999,3015219.776,3015219.776,3670702.336,3670702.336,886572936.5279998,,5161925.159999999,,,,,,,,,,
HSS14X14X7/8,HSS,1,HSS355.6X355.6X22.2,222.644207597,355.6,355.6,,,20.6756,,,22.225,,,,,,26580.592,486990767.9519999,486990767.9519999,2736639.688,2736639.688,3293799.864,3293799.864,795002022.8959998,,4604764.983999999,,,,,,,,,,
HSS14X14X3/4,HSS,1,HSS355.6X355.6X19.0,193.952406765,355.6,355.6,,,17.7292,,,19.05,,,,,,23161.244,432880682.6239999,432880682.6239999,2441672.536,2441672.536,2900510.328,2900510.328,699268795.0079998,,4031217.743999999,,,,,,,,,,
HSS14X14X5/8,HSS,1,HSS355.6X355.6X15.9,164.233772812,355.6,355.6,,,14.7574,,,15.875,,,,,,19548.348,373359588.7631999,373359588.7631999,2097544.192,2097544.192,2474446.664,2474446.664,595210938.6079998,,3408509.312,,,,,,,,,,
HSS14X14X1/2,HSS,1,HSS355.6X355.6X12.7,133.458542459,355.6,355.6,,,11.811,,,12.7,,,,,,15870.936,309259949.2207999,309259949.2207999,1737028.784,1737028.784,2031995.936,2031995.936,486990767.9519999,,2785800.88,,,,,,,,,,
HSS14X14X3/8,HSS,1,HSS355.6X355.6X9.5,101.656478985,355.6,355.6,,,8.8646,,,9.525,,,,,,12064.492,240165532.57119995,240165532.57119995,1351932.78,1351932.78,1563325.9056,1563325.9056,374608283.0399999,,2130318.32,,,,,,,,,,
HSS14X14X5/16,HSS,1,HSS355.6X355.6X7.9,85.361083803,355.6,355.6,,,7.3914,,,7.9375,,,,,,10129.012,203953398.54399994,203953398.54399994,1145455.7736,1145455.7736,1319158.652,1319158.652,315919652.0303999,,1786189.976,,,,,,,,,,
HSS14X14X1/4,HSS,1,HSS355.6X355.6X6.4,68.812700751,355.6,355.6,,,5.9182,,,6.35,,,,,,8193.532,166076338.81439996,166076338.81439996,934062.648,934062.648,1070075.2792,1070075.2792,255566095.31839994,,1446977.7512,,,,,,,,,,
HSS14X12X5/8,HSS,1,HSS355.6X304.8X15.9,151.569497653,355.6,304.8,,,14.7574,,,15.875,,,,,,18064.48,329655289.0751999,259728409.57439995,1851738.232,1704254.656,2212253.64,1999221.808,466179196.6719999,,2900510.328,,,,,,,,,,
HSS14X12X1/2,HSS,1,HSS355.6X304.8X12.7,123.339027643,355.6,304.8,,,11.811,,,12.7,,,,,,14709.648,273880278.0447999,216024109.88639995,1540384.016,1417481.036,1818964.104,1638706.4,383349142.9775999,,2376124.28,,,,,,,,,,
HSS14X12X3/8,HSS,1,HSS355.6X304.8X9.5,94.066842873,355.6,304.8,,,8.8646,,,9.525,,,,,,11161.268,213110489.90719995,168573727.36799997,1199533.0848,1104488.1136,1407648.7976,1268358.7536,294691849.32479995,,1818964.104,,,,,,,,,,
HSS14X12X5/16,HSS,1,HSS355.6X304.8X7.9,79.036387043,355.6,304.8,,,7.3914,,,7.9375,,,,,,9419.336,181060670.13599995,143183610.40639997,1017636.6744,938978.7672,1189700.8464,1071713.9856,248906392.50879994,,1528913.0712,,,,,,,,,,
HSS14X12X1/4,HSS,1,HSS355.6X304.8X6.4,63.752943343,355.6,304.8,,,5.9182,,,6.35,,,,,,7612.888,147345924.66239998,116544799.16799997,829185.4384,765275.8888,965198.0696,868514.392,201456009.99039996,,1235584.6256,,,,,,,,,,
HSS14X10X7/8,HSS,1,HSS355.6X254X22.2,187.196142462,355.6,254,,,20.6756,,,22.225,,,,,,22387.052,368781043.0815999,217272804.16319996,2081157.128,1704254.656,2589156.112,2048383,457854568.1599999,,3195477.48,,,,,,,,,,
HSS14X10X3/4,HSS,1,HSS355.6X254X19.0,163.564099038,355.6,254,,,17.7292,,,19.05,,,,,,19548.348,329655289.0751999,194796307.18079996,1851738.232,1533829.1904,2294188.96,1818964.104,403744482.8319999,,2802187.944,,,,,,,,,,
HSS14X10X5/8,HSS,1,HSS355.6X254X15.9,138.905222493,355.6,254,,,14.7574,,,15.875,,,,,,16580.612,285950989.38719994,169406190.21919996,1609209.6848,1335545.716,1966447.68,1558409.7864,346304546.0991999,,2392511.344,,,,,,,,,,
HSS14X10X1/2,HSS,1,HSS355.6X254X12.7,113.204631187,355.6,254,,,11.811,,,12.7,,,,,,13483.844,238500606.86879995,141934916.12959996,1340461.8352,1115959.0584,1619041.9232,1286384.524,285118526.53599995,,1966447.68,,,,,,,,,,
HSS14X10X3/8,HSS,1,HSS355.6X254X9.5,86.462325121,355.6,254,,,8.8646,,,9.525,,,,,,10322.56,186055447.24319994,111133790.63519998,1047133.3896,875069.2176,1250332.9832,994694.7848,219770192.71679994,,1504332.4752,,,,,,,,,,
HSS14X10X5/16,HSS,1,HSS355.6X254X7.9,72.711690283,355.6,254,,,7.3914,,,7.9375,,,,,,8645.144,158167941.72799996,94484533.61119998,889817.5752,745611.412,1058604.3344,842295.0896,185639215.81759995,,1268358.7536,,,,,,,,,,
HSS14X10X1/4,HSS,1,HSS355.6X254X6.4,58.678304295,355.6,254,,,5.9182,,,6.35,,,,,,6967.728,129031741.93599997,77419045.16159998,725946.9352,609598.7808,858682.1536,684979.2752,150675776.06719998,,1025830.2064,,,,,,,,,,
HSS14X8X5/8,HSS,1,HSS355.6X203.2X15.9,126.255828972,355.6,203.2,,,14.7574,,,15.875,,,,,,15032.228,242246689.69919994,100728004.99519998,1363403.7248,993056.0784,1704254.656,1155288.012,235586986.88959995,,1884512.36,,,,,,,,,,
HSS14X8X1/2,HSS,1,HSS355.6X203.2X12.7,103.085116371,355.6,203.2,,,11.811,,,12.7,,,,,,12258.04,202704704.26719996,84911210.82239997,1140539.6544,835740.264,1412564.9168,958643.244,195212538.60639995,,1548577.548,,,,,,,,,,
HSS14X8X3/8,HSS,1,HSS355.6X203.2X9.5,78.872689009,355.6,203.2,,,8.8646,,,9.525,,,,,,9419.336,159000404.57919997,67013259.521599986,894733.6944,658759.9728,1094655.8752,745611.412,151092007.49279997,,1191339.5528,,,,,,,,,,
HSS14X8X5/16,HSS,1,HSS355.6X203.2X7.9,66.372111883,355.6,203.2,,,7.3914,,,7.9375,,,,,,7870.952,135275213.31999996,57439936.732799985,761998.476,563715.0016,927507.8224,632540.6704,128199279.08479998,,1006165.7296,,,,,,,,,,
HSS14X8X1/4,HSS,1,HSS355.6X203.2X6.4,53.618546887,355.6,203.2,,,5.9182,,,6.35,,,,,,6387.084,110717559.20959997,47034151.09279999,622708.432,462115.2048,753804.944,514553.8096,104057856.39999998,,816075.7872,,,,,,,,,,
HSS14X8X3/16,HSS,1,HSS355.6X203.2X4.8,40.61199402,355.6,203.2,,,4.4196,,,4.7625,,,,,,4812.8936,84494979.39679998,35962395.17184,475224.856,353960.5824,571908.5336,390012.1232,79083970.86399998,,616153.6064,,,,,,,,,,
HSS14X6X5/8,HSS,1,HSS355.6X152.4X15.9,113.591553813,355.6,152.4,,,14.7574,,,15.875,,,,,,13548.36,198958621.43679994,51612696.77439999,1119236.4712,675147.0368,1453532.5768,793133.8976,139021296.15039995,,1371597.2568,,,,,,,,,,
HSS14X6X1/2,HSS,1,HSS355.6X152.4X12.7,92.950719915,355.6,152.4,,,11.811,,,12.7,,,,,,11096.752,167325033.09119996,43704299.687999986,940617.4736,575185.9464,1206087.9104,662037.3856,116128567.74239998,,1135623.5352,,,,,,,,,,
HSS14X6X3/8,HSS,1,HSS355.6X152.4X9.5,71.283052897,355.6,152.4,,,8.8646,,,9.525,,,,,,8516.112,131945361.91519997,35005062.89295999,742333.9992,458837.792,938978.7672,517831.2224,91154682.20639998,,879985.3368,,,,,,,,,,
HSS14X6X5/16,HSS,1,HSS355.6X152.4X7.9,60.047415123,355.6,152.4,,,7.3914,,,7.9375,,,,,,7161.276,112798716.33759998,30093532.070879992,634179.3768,394928.2424,796411.3104,440812.0216,77419045.16159998,,745611.412,,,,,,,,,,
HSS14X6X1/4,HSS,1,HSS355.6X152.4X6.4,48.558789479,355.6,152.4,,,5.9182,,,6.35,,,,,,5780.6336,92403376.48319998,24807392.965759996,519469.9288,326102.5736,648927.7344,360515.408,63267176.69119999,,604682.6616,,,,,,,,,,
HSS14X6X3/16,HSS,1,HSS355.6X152.4X4.8,36.802294324,355.6,152.4,,,4.4196,,,4.7625,,,,,,4361.2816,70759342.35199998,19105022.435039993,398205.6552,250722.0792,493250.6264,273663.9688,48282845.36959999,,458837.792,,,,,,,,,,
HSS14X4X5/8,HSS,1,HSS355.6X101.6X15.9,100.927278653,355.6,101.6,,,14.7574,,,15.875,,,,,,12064.492,155254321.74879995,19646123.288319997,873430.5112,386734.7104,1197894.3784,467031.324,61602250.98879998,,861959.5664,,,,,,,,,,
HSS14X4X1/2,HSS,1,HSS355.6X101.6X12.7,82.831205099,355.6,101.6,,,11.811,,,12.7,,,,,,9870.948,131945361.91519997,17148734.734719995,742333.9992,337573.5184,999610.904,394928.2424,52861391.05119999,,722669.5224,,,,,,,,,,
HSS14X4X3/8,HSS,1,HSS355.6X101.6X9.5,63.678535145,355.6,101.6,,,8.8646,,,9.525,,,,,,7612.888,104890319.25119998,13985375.900159998,589934.304,275302.6752,783301.6592,312992.9224,42455605.41119999,,566992.4144,,,,,,,,,,
HSS14X4X5/16,HSS,1,HSS355.6X101.6X7.9,53.722718363,355.6,101.6,,,7.3914,,,7.9375,,,,,,6399.9872,89905987.92959999,12153957.627519997,506360.2776,239251.1344,665314.7984,268747.8496,36503496.02511999,,483418.388,,,,,,,,,,
HSS14X4X1/4,HSS,1,HSS355.6X101.6X6.4,43.499032071,355.6,101.6,,,5.9182,,,6.35,,,,,,5180.6348,74089193.75679998,10156046.784639997,416231.4256,199922.1808,544050.5248,221225.364,30135155.213439994,,394928.2424,,,,,,,,,,
HSS14X4X3/16,HSS,1,HSS355.6X101.6X4.8,33.007476268,355.6,101.6,,,4.4196,,,4.7625,,,,,,3909.6696,57023705.307199985,7908397.086399999,319547.748,155349.36672,414592.7192,168786.7592,23225713.548479993,,301521.9776,,,,,,,,,,
HSS12X12X1,HSS,1,HSS304.8X304.8X25.4,209.771589486,304.8,304.8,,,23.622,,,25.4,,,,,,25161.24,321330660.56319994,321330660.56319994,2113931.256,2113931.256,2589156.112,2589156.112,541100853.2799999,,3687089.399999999,,,,,,,,,,
HSS12X12X7/8,HSS,1,HSS304.8X304.8X22.2,187.196142462,304.8,304.8,,,20.6756,,,22.225,,,,,,22387.052,293859386.4735999,293859386.4735999,1933673.552,1933673.552,2343350.152,2343350.152,486990767.9519999,,3310186.928,,,,,,,,,,
HSS12X12X3/4,HSS,1,HSS304.8X304.8X19.0,163.564099038,304.8,304.8,,,17.7292,,,19.05,,,,,,19548.348,262642029.55359992,262642029.55359992,1720641.72,1720641.72,2081157.128,2081157.128,428718368.3679999,,2900510.328,,,,,,,,,,
HSS12X12X5/8,HSS,1,HSS304.8X304.8X15.9,138.905222493,304.8,304.8,,,14.7574,,,15.875,,,,,,16580.612,228094821.22879994,228094821.22879994,1497777.6496,1497777.6496,1786189.976,1786189.976,368364811.6559999,,2474446.664,,,,,,,,,,
HSS12X12X1/2,HSS,1,HSS304.8X304.8X12.7,113.204631187,304.8,304.8,,,11.811,,,12.7,,,,,,13483.844,190217761.49919996,190217761.49919996,1248694.2768,1248694.2768,1468280.9344,1468280.9344,303016477.8367999,,2015608.872,,,,,,,,,,
HSS12X12X3/8,HSS,1,HSS304.8X304.8X9.5,86.462325121,304.8,304.8,,,8.8646,,,9.525,,,,,,10322.56,148594618.93919995,148594618.93919995,975030.308,975030.308,1133984.8288,1133984.8288,233505829.76159996,,1550216.2544,,,,,,,,,,
HSS12X12X5/16,HSS,1,HSS304.8X304.8X7.9,72.711690283,304.8,304.8,,,7.3914,,,7.9375,,,,,,8645.144,126534353.38239998,126534353.38239998,830824.1448,830824.1448,960281.9504,960281.9504,197293695.73439994,,1306049.0008,,,,,,,,,,
HSS12X12X1/4,HSS,1,HSS304.8X304.8X6.4,58.678304295,304.8,304.8,,,5.9182,,,6.35,,,,,,6967.728,103225393.54879998,103225393.54879998,678424.4496,678424.4496,780024.2464,780024.2464,159832867.43039995,,1056965.628,,,,,,,,,,
HSS12X12X3/16,HSS,1,HSS304.8X304.8X4.8,44.406812076,304.8,304.8,,,4.4196,,,4.7625,,,,,,5258.054,78667739.43839999,78667739.43839999,516192.516,516192.516,589934.304,589934.304,120707113.42399997,,796411.3104,,,,,,,,,,
HSS12X10X5/8,HSS,1,HSS304.8X254X15.9,126.255828972,304.8,254,,,14.7574,,,15.875,,,,,,15032.228,196461232.88319996,148178387.51359996,1289661.9368,1166758.9568,1561687.1992,1378152.0824,275128972.32159996,,2031995.936,,,,,,,,,,
HSS12X10X1/2,HSS,1,HSS304.8X254X12.7,103.085116371,304.8,254,,,11.811,,,12.7,,,,,,12258.04,164411413.11199996,124036964.82879996,1079907.5176,978307.7208,1291300.6432,1140539.6544,226846126.95199993,,1671480.528,,,,,,,,,,
HSS12X10X3/8,HSS,1,HSS304.8X254X9.5,78.872689009,304.8,254,,,8.8646,,,9.525,,,,,,9419.336,129031741.93599997,97398153.59039998,845572.5024,768553.3016,1001249.6104,884901.456,175233430.17759997,,1283107.1112,,,,,,,,,,
HSS12X10X5/16,HSS,1,HSS304.8X254X7.9,66.372111883,304.8,254,,,7.3914,,,7.9375,,,,,,7870.952,109885096.35839997,83246285.11999997,721030.816,655482.56,847211.2088,748888.8248,148178387.51359996,,1083184.9304,,,,,,,,,,
HSS12X10X1/4,HSS,1,HSS304.8X254X6.4,53.618546887,304.8,254,,,5.9182,,,6.35,,,,,,6387.084,89905987.92959999,68261953.79839998,589934.304,535856.9928,689895.3944,609598.7808,120290881.99839997,,876707.924,,,,,,,,,,
HSS12X10X3/16,HSS,1,HSS304.8X254X4.8,40.61199402,304.8,254,,,4.4196,,,4.7625,,,,,,4812.8936,68678185.22399998,52028928.19999999,450644.26,409676.6,522747.3416,462115.2048,91154682.20639998,,662037.3856,,,,,,,,,,
HSS12X8X5/8,HSS,1,HSS304.8X203.2X15.9,113.591553813,304.8,203.2,,,14.7574,,,15.875,,,,,,13548.36,165243875.96319997,87408599.37599997,1083184.9304,860320.86,1345377.9544,1014359.2616,188969067.22239995,,1601016.1528,,,,,,,,,,
HSS12X8X1/2,HSS,1,HSS304.8X203.2X12.7,92.950719915,304.8,203.2,,,11.811,,,12.7,,,,,,11096.752,138605064.72479996,74089193.75679998,911120.7584,727585.6416,1115959.0584,843933.796,156919247.45119995,,1317519.9456,,,,,,,,,,
HSS12X8X3/8,HSS,1,HSS304.8X203.2X9.5,71.283052897,304.8,203.2,,,8.8646,,,9.525,,,,,,8516.112,109052633.50719997,58272399.583999984,716114.6968,575185.9464,868514.392,657121.2664,121955807.70079997,,1017636.6744,,,,,,,,,,
HSS12X8X5/16,HSS,1,HSS304.8X203.2X7.9,60.047415123,304.8,203.2,,,7.3914,,,7.9375,,,,,,7161.276,93235839.33439998,49947771.07199999,612876.1936,493250.6264,735779.1736,558798.8824,103225393.54879998,,858682.1536,,,,,,,,,,
HSS12X8X1/4,HSS,1,HSS304.8X203.2X6.4,48.558789479,304.8,203.2,,,5.9182,,,6.35,,,,,,5780.6336,76586582.31039998,41123664.84927999,501444.1584,404760.4808,599766.5424,455560.3792,84078747.97119997,,696450.22,,,,,,,,,,
HSS12X8X3/16,HSS,1,HSS304.8X203.2X4.8,36.802294324,304.8,203.2,,,4.4196,,,4.7625,,,,,,4361.2816,58272399.583999984,31508718.917919993,383457.2976,309715.5096,455560.3792,345767.0504,63683408.11679999,,527663.4608,,,,,,,,,,
HSS12X6X5/8,HSS,1,HSS304.8X152.4X15.9,100.927278653,304.8,152.4,,,14.7574,,,15.875,,,,,,12064.492,133610287.61759996,44536762.53919999,875069.2176,581740.772,1127430.0032,689895.3944,112798716.33759998,,1165120.2504,,,,,,,,,,
HSS12X6X1/2,HSS,1,HSS304.8X152.4X12.7,82.831205099,304.8,152.4,,,11.811,,,12.7,,,,,,9870.948,112798716.33759998,37918682.87215999,740695.2928,498166.7456,940617.4736,576824.6528,94484533.61119998,,966836.776,,,,,,,,,,
HSS12X6X3/8,HSS,1,HSS304.8X152.4X9.5,63.678535145,304.8,152.4,,,8.8646,,,9.525,,,,,,7612.888,89489756.50399998,30343270.926239993,588295.5976,398205.6552,734140.4672,453921.6728,74089193.75679998,,750527.5312,,,,,,,,,,
HSS12X6X5/16,HSS,1,HSS304.8X152.4X7.9,53.722718363,304.8,152.4,,,7.3914,,,7.9375,,,,,,6399.9872,76586582.31039998,26139333.52767999,503082.8648,342489.6376,624347.1384,386734.7104,63267176.69119999,,635818.0832,,,,,,,,,,
HSS12X6X1/4,HSS,1,HSS304.8X152.4X6.4,43.499032071,304.8,152.4,,,5.9182,,,6.35,,,,,,5180.6348,62850945.26559999,21602410.988639995,412954.0128,283496.2072,509637.6904,316270.3352,51612696.77439999,,517831.2224,,,,,,,,,,
HSS12X6X3/16,HSS,1,HSS304.8X152.4X4.8,33.007476268,304.8,152.4,,,4.4196,,,4.7625,,,,,,3909.6696,48282845.36959999,16649257.023999996,317909.0416,217947.9512,388373.4168,240889.8408,39375492.86175999,,393289.536,,,,,,,,,,
HSS12X4X5/8,HSS,1,HSS304.8X101.6X15.9,88.277885133,304.8,101.6,,,14.7574,,,15.875,,,,,,10580.624,101976699.27199997,16815749.594239995,668592.2112,331018.6928,909482.052,401483.068,50780233.92319999,,730863.0544,,,,,,,,,,
HSS12X4X1/2,HSS,1,HSS304.8X101.6X12.7,72.696808643,304.8,101.6,,,11.811,,,12.7,,,,,,8709.66,87408599.37599997,14692969.323679995,571908.5336,290051.0328,765275.8888,342489.6376,43704299.687999986,,614514.9,,,,,,,,,,
HSS12X4X3/8,HSS,1,HSS304.8X101.6X9.5,56.088899033,304.8,101.6,,,8.8646,,,9.525,,,,,,6709.664,69926879.50079998,12029088.199839996,458837.792,237612.428,601405.2488,272025.2624,35005062.89295999,,483418.388,,,,,,,,,,
HSS12X4X5/16,HSS,1,HSS304.8X101.6X7.9,47.383139963,304.8,101.6,,,7.3914,,,7.9375,,,,,,5651.6016,59937325.28639998,10489031.925119998,394928.2424,206477.0064,512915.1032,232696.3088,30135155.213439994,,412954.0128,,,,,,,,,,
HSS12X4X1/4,HSS,1,HSS304.8X101.6X6.4,38.424393023,304.8,101.6,,,5.9182,,,6.35,,,,,,4580.636,49531539.64639999,8740859.937599998,326102.5736,172064.172,419508.8384,191728.6488,24890639.25087999,,337573.5184,,,,,,,,,,
HSS12X4X3/16,HSS,1,HSS304.8X101.6X4.8,29.212658212,304.8,101.6,,,4.4196,,,4.7625,,,,,,3464.5092,38210044.87007999,6826195.379839998,250722.0792,134373.9248,321186.4544,147483.576,19188268.720159996,,257276.9048,,,,,,,,,,
HSS12X3X5/16,HSS,1,HSS304.8X76.2X7.9,44.228232403,304.8,76.2,,,7.3914,,,7.9375,,,,,,5270.9572,51612696.77439999,5452631.675359999,339212.2248,143059.06872,457199.0856,163870.64,17190357.877279993,,301521.9776,,,,,,,,,,
HSS12X3X1/4,HSS,1,HSS304.8X76.2X6.4,35.894514319,304.8,76.2,,,5.9182,,,6.35,,,,,,4277.4108,42871836.83679999,4620168.824159998,281857.5008,120936.53232,375263.7656,135684.88992,14359984.183199996,,247444.6664,,,,,,,,,,
HSS12X3X3/16,HSS,1,HSS304.8X76.2X4.8,27.307808365,304.8,76.2,,,4.4196,,,4.7625,,,,,,3238.7032,33132021.47775999,3629538.031231999,217947.9512,95208.84184,286773.62,104877.2096,11155002.206079997,,190089.9424,,,,,,,,,,
HSS12X2X5/16,HSS,1,HSS304.8X50.8X7.9,41.058443203,304.8,50.8,,,7.3914,,,7.9375,,,,,,4896.7644,43288068.26239999,2122780.270559999,285134.9136,83574.0264,401483.068,99141.7372,7325673.090559999,,190089.9424,,,,,,,,,,
HSS12X2X1/4,HSS,1,HSS304.8X50.8X6.4,33.364635615,304.8,50.8,,,5.9182,,,6.35,,,,,,3980.6372,36170510.88463999,1835580.586896,237612.428,72266.95224,329379.9864,83246.28512,6285094.526559998,,157971.29696,,,,,,,,,,
HSS12X2X3/16,HSS,1,HSS304.8X50.8X4.8,25.417840156,304.8,50.8,,,4.4196,,,4.7625,,,,,,3012.8972,28053998.085439995,1477621.56088,183535.1168,58174.0772,253999.492,65056.64408,4994777.107199999,,122739.10936,,,,,,,,,,
HSS10X10X3/4,HSS,1,HSS254X254X19.0,133.190672949,254,254,,,17.7292,,,19.05,,,,,,15935.452,144432304.68319997,144432304.68319997,1137262.2416,1137262.2416,1387984.3208,1387984.3208,240581763.99679995,,1950060.616,,,,,,,,,,
HSS10X10X5/8,HSS,1,HSS254X254X15.9,113.591553813,254,254,,,14.7574,,,15.875,,,,,,13548.36,126534353.38239998,126534353.38239998,996333.4912,996333.4912,1199533.0848,1199533.0848,207283249.94879994,,1671480.528,,,,,,,,,,
HSS10X10X1/2,HSS,1,HSS254X254X12.7,92.950719915,254,254,,,11.811,,,12.7,,,,,,11096.752,106555244.95359997,106555244.95359997,839017.6768,839017.6768,994694.7848,994694.7848,171487347.34719995,,1379790.7888,,,,,,,,,,
HSS10X10X3/8,HSS,1,HSS254X254X9.5,71.283052897,254,254,,,8.8646,,,9.525,,,,,,8516.112,84078747.97119997,84078747.97119997,662037.3856,662037.3856,773469.4208,773469.4208,133194056.19199997,,1061881.7472,,,,,,,,,,
HSS10X10X5/16,HSS,1,HSS254X254X7.9,60.047415123,254,254,,,7.3914,,,7.9375,,,,,,7161.276,71591805.20319998,71591805.20319998,565353.708,565353.708,657121.2664,657121.2664,112798716.33759998,,898011.1072,,,,,,,,,,
HSS10X10X1/4,HSS,1,HSS254X254X6.4,48.558789479,254,254,,,5.9182,,,6.35,,,,,,5780.6336,58688631.00959998,58688631.00959998,463753.9112,463753.9112,535856.9928,535856.9928,91570913.63199998,,727585.6416,,,,,,,,,,
HSS10X10X3/16,HSS,1,HSS254X254X4.8,36.802294324,254,254,,,4.4196,,,4.7625,,,,,,4361.2816,44952993.96479999,44952993.96479999,353960.5824,353960.5824,406399.1872,406399.1872,69510648.07519998,,550605.3504,,,,,,,,,,
HSS10X8X5/8,HSS,1,HSS254X203.2X15.9,100.927278653,254,203.2,,,14.7574,,,15.875,,,,,,12064.492,105306550.67679997,74089193.75679998,827546.732,729224.348,1019275.3808,873430.5112,144016073.25759998,,1317519.9456,,,,,,,,,,
HSS10X8X1/2,HSS,1,HSS254X203.2X12.7,82.831205099,254,203.2,,,11.811,,,12.7,,,,,,9870.948,89073525.07839999,62850945.26559999,699727.6328,619431.0192,850488.6216,729224.348,119874650.57279997,,1088101.0496,,,,,,,,,,
HSS10X8X3/8,HSS,1,HSS254X203.2X9.5,63.678535145,254,203.2,,,8.8646,,,9.525,,,,,,7612.888,70343110.92639998,49947771.07199999,555521.4696,491611.92,663676.092,570269.8272,93235839.33439998,,842295.0896,,,,,,,,,,
HSS10X8X5/16,HSS,1,HSS254X203.2X7.9,53.722718363,254,203.2,,,7.3914,,,7.9375,,,,,,6399.9872,60353556.71199998,42871836.83679999,475224.856,421147.5448,563715.0016,485057.0944,79083970.86399998,,712837.284,,,,,,,,,,
HSS10X8X1/4,HSS,1,HSS254X203.2X6.4,43.499032071,254,203.2,,,5.9182,,,6.35,,,,,,5180.6348,49531539.64639999,35254801.74831999,390012.1232,347405.7568,460476.4984,396566.9488,64515870.96799999,,578463.3592,,,,,,,,,,
HSS10X8X3/16,HSS,1,HSS254X203.2X4.8,33.007476268,254,203.2,,,4.4196,,,4.7625,,,,,,3909.6696,38043552.299839996,27096665.80655999,299883.2712,267109.1432,350683.1696,301521.9776,49115308.22079999,,437534.6088,,,,,,,,,,
HSS10X6X5/8,HSS,1,HSS254X152.4X15.9,88.277885133,254,152.4,,,14.7574,,,15.875,,,,,,10580.624,83662516.54559998,37211089.44864,658759.9728,488334.5072,840656.3832,586656.8912,86992367.95039998,,960281.9504,,,,,,,,,,
HSS10X6X1/2,HSS,1,HSS254X152.4X12.7,72.696808643,254,152.4,,,11.811,,,12.7,,,,,,8709.66,71175573.77759999,31966573.48607999,562076.2952,419508.8384,704643.752,493250.6264,73256730.90559998,,798050.0168,,,,,,,,,,
HSS10X6X3/8,HSS,1,HSS254X152.4X9.5,56.088899033,254,152.4,,,8.8646,,,9.525,,,,,,6709.664,57023705.307199985,25723102.10207999,449005.5536,337573.5184,553882.7632,388373.4168,57856168.158399984,,621069.7256,,,,,,,,,,
HSS10X6X5/16,HSS,1,HSS254X152.4X7.9,47.383139963,254,152.4,,,7.3914,,,7.9375,,,,,,5651.6016,49115308.22079999,22185134.984479994,385096.004,291689.7392,471947.4432,331018.6928,49115308.22079999,,527663.4608,,,,,,,,,,
HSS10X6X1/4,HSS,1,HSS254X152.4X6.4,38.424393023,254,152.4,,,5.9182,,,6.35,,,,,,4580.636,40332825.14063999,18355805.868959997,317909.0416,240889.8408,386734.7104,272025.2624,40249578.855519995,,429341.0768,,,,,,,,,,
HSS10X6X3/16,HSS,1,HSS254X152.4X4.8,29.212658212,254,152.4,,,4.4196,,,4.7625,,,,,,3464.5092,31050864.34975999,14193491.612959998,244167.2536,186812.5296,294967.152,208115.7128,30717879.20927999,,326102.5736,,,,,,,,,,
HSS10X5X3/8,HSS,1,HSS254X127X9.5,52.279199338,254,127,,,8.8646,,,9.525,,,,,,6238.6972,49947771.07199999,16898995.879359998,394928.2424,265470.4368,498166.7456,306438.0968,41623142.55999999,,511276.3968,,,,,,,,,,
HSS10X5X5/16,HSS,1,HSS254X127X7.9,44.228232403,254,127,,,7.3914,,,7.9375,,,,,,5270.9572,43288068.26239999,14651346.181119997,340850.9312,231057.6024,426063.664,262193.024,35795902.60159999,,434257.196,,,,,,,,,,
HSS10X5X1/4,HSS,1,HSS254X127X6.4,35.894514319,254,127,,,5.9182,,,6.35,,,,,,4277.4108,35712656.31647999,12195580.770079998,281857.5008,191728.6488,349044.4632,216309.2448,29427561.789919995,,353960.5824,,,,,,,,,,
HSS10X4X5/8,HSS,1,HSS254X101.6X15.9,75.613609973,254,101.6,,,14.7574,,,15.875,,,,,,9032.24,62018482.41439998,13943752.757599996,489973.2136,275302.6752,660398.6792,337573.5184,39833347.429919995,,601405.2488,,,,,,,,,,
HSS10X4X1/2,HSS,1,HSS254X101.6X12.7,62.577293827,254,101.6,,,11.811,,,12.7,,,,,,7483.856,53693853.90239999,12278827.055199997,422786.2512,240889.8408,558798.8824,288412.3264,34380715.75455999,,507998.984,,,,,,,,,,
HSS10X4X3/8,HSS,1,HSS254X101.6X9.5,48.484381281,254,101.6,,,8.8646,,,9.525,,,,,,5787.0852,43288068.26239999,10114423.642079998,340850.9312,198283.4744,442450.728,229418.896,27679389.802399993,,399844.3616,,,,,,,,,,
HSS10X4X5/16,HSS,1,HSS254X101.6X7.9,41.058443203,254,101.6,,,7.3914,,,7.9375,,,,,,4896.7644,37502451.44655999,8824106.222719997,294967.152,173702.8784,378541.1784,198283.4744,23850060.686879992,,342489.6376,,,,,,,,,,
HSS10X4X1/4,HSS,1,HSS254X101.6X6.4,33.364635615,254,101.6,,,5.9182,,,6.35,,,,,,3980.6372,31092487.492319994,7367296.233119998,244167.2536,145353.25768,311354.216,163870.64,19729369.573439993,,280218.7944,,,,,,,,,,
HSS10X4X3/16,HSS,1,HSS254X101.6X4.8,25.417840156,254,101.6,,,4.4196,,,4.7625,,,,,,3012.8972,24058176.399679992,5785616.815839998,190089.9424,113562.35352,239251.1344,125524.91024,15192447.034399996,,214670.5384,,,,,,,,,,
HSS10X4X1/8,HSS,1,HSS254X101.6X3.2,17.203175188,254,101.6,,,2.9464,,,3.175,,,,,,2038.7056,16566010.738879995,4016633.257039999,130604.90008,79149.51912,163870.64,86195.95664,10447408.782559998,,145844.8696,,,,,,,,,,
HSS10X3-1/2X3/8,HSS,1,HSS254X88.9X9.5,46.594413073,254,88.9,,,8.8646,,,9.525,,,,,,5561.2792,39999840.00015999,7408919.375679999,314631.6288,167148.0528,414592.7192,193367.3552,21435918.418399993,,345767.0504,,,,,,,,,,
HSS10X3-1/2X5/16,HSS,1,HSS254X88.9X7.9,39.480989423,254,88.9,,,7.3914,,,7.9375,,,,,,4709.668,34630454.609919995,6493210.239359998,272025.2624,146172.61088,355599.2888,167148.0528,18563921.581759997,,294967.152,,,,,,,,,,
HSS10X3-1/2X1/4,HSS,1,HSS254X88.9X6.4,32.099696263,254,88.9,,,5.9182,,,6.35,,,,,,3825.7988,28761591.50895999,5452631.675359999,226141.4832,123066.85064,293328.4456,138470.6908,15400562.747199995,,242528.5472,,,,,,,,,,
HSS10X3-1/2X3/16,HSS,1,HSS254X88.9X4.8,24.465415232,254,88.9,,,4.4196,,,4.7625,,,,,,2903.22,22310004.412159994,4287183.683679999,175341.5848,96519.80696,224502.7768,106843.65728,11904218.772159997,,186812.5296,,,,,,,,,,
HSS10X3X3/8,HSS,1,HSS254X76.2X9.5,44.689563225,254,76.2,,,8.8646,,,9.525,,,,,,5335.4732,36628365.45279999,5161269.677439999,288412.3264,135684.88992,388373.4168,159446.13272,15733547.887679996,,290051.0328,,,,,,,,,,
HSS10X3X5/16,HSS,1,HSS254X76.2X7.9,37.888654003,254,76.2,,,7.3914,,,7.9375,,,,,,4522.5716,31758457.77327999,4578545.681599999,250722.0792,119625.5672,332657.3992,137979.07888,13735637.044799997,,249083.3728,,,,,,,,,,
HSS10X3X1/4,HSS,1,HSS254X76.2X6.4,30.834756911,254,76.2,,,5.9182,,,6.35,,,,,,3677.412,26472318.668159995,3862627.629567999,208115.7128,101435.92616,273663.9688,114545.57736,11487987.346559998,,204838.3,,,,,,,,,,
HSS10X3X3/16,HSS,1,HSS254X76.2X4.8,23.512990308,254,76.2,,,4.4196,,,4.7625,,,,,,2787.0912,20561832.424639996,3050976.349647999,161740.32168,80132.74296,209754.4192,88654.01624,8948975.650399998,,157971.29696,,,,,,,,,,
HSS10X3X1/8,HSS,1,HSS254X76.2X3.2,15.938235836,254,76.2,,,2.9464,,,3.175,,,,,,1890.3188,14235114.755519997,2147754.156096,111923.64712,56371.50016,144206.1632,61287.61936,6201848.241439999,,108318.49304,,,,,,,,,,
HSS10X2X3/8,HSS,1,HSS254X50.8X9.5,40.894745169,254,50.8,,,8.8646,,,9.525,,,,,,4890.3128,29843793.215519994,1956287.70032,234335.0152,77019.2008,332657.3992,94389.48864,6618079.667039999,,180257.704,,,,,,,,,,
HSS10X2X5/16,HSS,1,HSS254X50.8X7.9,34.733746443,254,50.8,,,7.3914,,,7.9375,,,,,,4148.3788,26056087.242559996,1764821.244544,204838.3,69481.15136,286773.62,82918.54384,5910486.243519998,,156660.33184,,,,,,,,,,
HSS10X2X1/4,HSS,1,HSS254X50.8X6.4,28.304878207,254,50.8,,,5.9182,,,6.35,,,,,,3380.6384,21852149.843999993,1527569.331952,172064.172,60140.52488,235973.7216,69808.89264,5078023.392319999,,130932.64136,,,,,,,,,,
HSS10X2X3/16,HSS,1,HSS254X50.8X4.8,21.6230221,254,50.8,,,4.4196,,,4.7625,,,,,,2567.7368,17065488.449599996,1236207.334032,134210.05416,48669.58008,181896.4104,54732.79376,4054094.085343999,,101927.53808,,,,,,,,,,
HSS10X2X1/8,HSS,1,HSS254X50.8X3.2,14.673296484,254,50.8,,,2.9464,,,3.175,,,,,,1741.932,11862595.629599998,890735.250784,93406.2648,35068.31696,125361.0396,38181.85912,2871996.836639999,,70628.24584,,,,,,,,,,
HSS9X9X5/8,HSS,1,HSS228.6X228.6X15.9,100.927278653,228.6,228.6,,,14.7574,,,15.875,,,,,,12064.492,89905987.92959999,89905987.92959999,784940.3656,784940.3656,952088.4184,952088.4184,148178387.51359996,,1337184.4224,,,,,,,,,,
HSS9X9X1/2,HSS,1,HSS228.6X228.6X12.7,82.831205099,228.6,228.6,,,11.811,,,12.7,,,,,,9870.948,76170350.88479999,76170350.88479999,665314.7984,665314.7984,793133.8976,793133.8976,123204501.97759996,,1104488.1136,,,,,,,,,,
HSS9X9X3/8,HSS,1,HSS228.6X228.6X9.5,63.678535145,228.6,228.6,,,8.8646,,,9.525,,,,,,7612.888,60353556.71199998,60353556.71199998,527663.4608,527663.4608,619431.0192,619431.0192,96149459.31359997,,853766.0344,,,,,,,,,,
HSS9X9X5/16,HSS,1,HSS228.6X228.6X7.9,53.722718363,228.6,228.6,,,7.3914,,,7.9375,,,,,,6399.9872,51612696.77439999,51612696.77439999,452282.9664,452282.9664,526024.7544,526024.7544,81581359.41759998,,721030.816,,,,,,,,,,
HSS9X9X1/4,HSS,1,HSS228.6X228.6X6.4,43.499032071,228.6,228.6,,,5.9182,,,6.35,,,,,,5180.6348,42455605.41119999,42455605.41119999,371986.3528,371986.3528,429341.0768,429341.0768,66180796.670399986,,586656.8912,,,,,,,,,,
HSS9X9X3/16,HSS,1,HSS228.6X228.6X74.8,33.007476268,228.6,228.6,,,4.4196,,,4.7625,,,,,,3909.6696,32549297.481919993,32549297.481919993,285134.9136,285134.9136,327741.28,327741.28,50364002.49759999,,444089.4344,,,,,,,,,,
HSS9X9X1/8,HSS,1,HSS228.6X228.6X3.2,22.262932596,228.6,228.6,,,2.9464,,,3.175,,,,,,2638.7044,22268381.269599997,22268381.269599997,195006.0616,195006.0616,222864.0704,222864.0704,34130976.89919999,,299883.2712,,,,,,,,,,
HSS9X7X5/8,HSS,1,HSS228.6X177.8X15.9,88.277885133,228.6,177.8,,,14.7574,,,15.875,,,,,,10580.624,72424268.05439998,48699076.79519999,634179.3768,548966.644,791495.1912,663676.092,97814385.01599997,,1015997.968,,,,,,,,,,
HSS9X7X1/2,HSS,1,HSS228.6X177.8X12.7,72.696808643,228.6,177.8,,,11.811,,,12.7,,,,,,8709.66,62018482.41439998,41623142.55999999,540773.112,470308.7368,663676.092,557160.176,81997590.84319998,,843933.796,,,,,,,,,,
HSS9X7X3/8,HSS,1,HSS228.6X177.8X9.5,56.088899033,228.6,177.8,,,8.8646,,,9.525,,,,,,6709.664,49531539.64639999,33465006.618239995,432618.4896,376902.472,521108.6352,437534.6088,64099639.54239999,,655482.56,,,,,,,,,,
HSS9X7X5/16,HSS,1,HSS228.6X177.8X7.9,47.383139963,228.6,177.8,,,7.3914,,,7.9375,,,,,,5651.6016,42455605.41119999,28803214.651519995,370347.6464,324463.8672,444089.4344,373625.0592,54526316.75359999,,555521.4696,,,,,,,,,,
HSS9X7X1/4,HSS,1,HSS228.6X177.8X6.4,38.424393023,228.6,177.8,,,5.9182,,,6.35,,,,,,4580.636,35005062.89295999,23808437.544319995,306438.0968,267109.1432,363792.8208,306438.0968,44536762.53919999,,452282.9664,,,,,,,,,,
HSS9X7X3/16,HSS,1,HSS228.6X177.8X4.8,29.212658212,228.6,177.8,,,4.4196,,,4.7625,,,,,,3464.5092,26930173.236319996,18355805.868959997,235973.7216,206477.0064,276941.3816,234335.0152,34006107.47151999,,342489.6376,,,,,,,,,,
HSS9X5X5/8,HSS,1,HSS228.6X127X15.9,75.613609973,228.6,127,,,14.7574,,,15.875,,,,,,9032.24,55358779.604799986,21644034.131199993,485057.0944,340850.9312,630901.964,414592.7192,53277622.47679999,,696450.22,,,,,,,,,,
HSS9X5X1/2,HSS,1,HSS228.6X127X12.7,62.577293827,228.6,127,,,11.811,,,12.7,,,,,,7483.856,47866613.94399999,18813660.437119998,417870.132,296605.8584,532579.58,352321.876,45369225.39039999,,583379.4784,,,,,,,,,,
HSS9X5X3/8,HSS,1,HSS228.6X127X9.5,48.484381281,228.6,127,,,8.8646,,,9.525,,,,,,5787.0852,38501406.86799999,15317316.462079994,335934.812,240889.8408,421147.5448,280218.7944,36170510.88463999,,457199.0856,,,,,,,,,,
HSS9X5X5/16,HSS,1,HSS228.6X127X7.9,41.058443203,228.6,127,,,7.3914,,,7.9375,,,,,,4896.7644,33215267.76287999,13319405.619199997,290051.0328,209754.4192,360515.408,239251.1344,30967618.064639997,,390012.1232,,,,,,,,,,
HSS9X5X1/4,HSS,1,HSS228.6X127X6.4,33.364635615,228.6,127,,,5.9182,,,6.35,,,,,,3980.6372,27512897.23215999,11071755.920959998,240889.8408,173702.8784,296605.8584,196644.768,25473363.246719994,,317909.0416,,,,,,,,,,
HSS9X5X3/16,HSS,1,HSS228.6X127X4.8,25.417840156,228.6,127,,,4.4196,,,4.7625,,,,,,3012.8972,21269425.848159995,8615990.509919997,186812.5296,135684.88992,226141.4832,151580.342,19521253.860639993,,242528.5472,,,,,,,,,,
HSS9X3X1/2,HSS,1,HSS228.6X76.2X12.7,52.442897371,228.6,76.2,,,11.811,,,12.7,,,,,,6283.8584,33631499.18847999,5494254.817919998,294967.152,144370.03384,403121.7744,176980.2912,16649257.023999996,,322825.1608,,,,,,,,,,
HSS9X3X3/8,HSS,1,HSS228.6X76.2X9.5,40.894745169,228.6,76.2,,,8.8646,,,9.525,,,,,,4890.3128,27596143.517279994,4661791.966719999,240889.8408,122083.6268,322825.1608,144206.1632,13777260.187359998,,258915.6112,,,,,,,,,,
HSS9X3X5/16,HSS,1,HSS228.6X76.2X7.9,34.733746443,228.6,76.2,,,7.3914,,,7.9375,,,,,,4148.3788,24016553.257119995,4112366.484927999,209754.4192,107990.75176,276941.3816,125033.29832,12029088.199839996,,222864.0704,,,,,,,,,,
HSS9X3X1/4,HSS,1,HSS228.6X76.2X6.4,28.304878207,228.6,76.2,,,5.9182,,,6.35,,,,,,3380.6384,20062354.713919997,3488019.346527999,175341.5848,91603.68776,229418.896,104057.8564,10072800.499519998,,185173.8232,,,,,,,,,,
HSS9X3X3/16,HSS,1,HSS228.6X76.2X4.8,21.6230221,228.6,76.2,,,4.4196,,,4.7625,,,,,,2567.7368,15650301.602559997,2763776.665983999,136831.9844,72430.82288,176980.2912,80624.35488,7866773.943839998,,141911.97424,,,,,,,,,,
HSS8X8X5/8,HSS,1,HSS203.2X203.2X15.9,88.277885133,203.2,203.2,,,14.7574,,,15.875,,,,,,10580.624,60769788.13759998,60769788.13759998,598127.836,598127.836,732501.7608,732501.7608,101560467.84639998,,1035662.4448,,,,,,,,,,
HSS8X8X1/2,HSS,1,HSS203.2X203.2X12.7,72.696808643,203.2,203.2,,,11.811,,,12.7,,,,,,8709.66,52028928.19999999,52028928.19999999,511276.3968,511276.3968,614514.9,614514.9,84911210.82239997,,858682.1536,,,,,,,,,,
HSS8X8X3/8,HSS,1,HSS203.2X203.2X9.5,56.088899033,203.2,203.2,,,8.8646,,,9.525,,,,,,6709.664,41623142.55999999,41623142.55999999,408037.8936,408037.8936,481779.6816,481779.6816,66597028.095999986,,666953.5048,,,,,,,,,,
HSS8X8X5/16,HSS,1,HSS203.2X203.2X7.9,47.383139963,203.2,203.2,,,7.3914,,,7.9375,,,,,,5651.6016,35629410.031359985,35629410.031359985,350683.1696,350683.1696,411315.3064,411315.3064,56607473.881599985,,565353.708,,,,,,,,,,
HSS8X8X1/4,HSS,1,HSS203.2X203.2X6.4,38.424393023,203.2,203.2,,,5.9182,,,6.35,,,,,,4580.636,29427561.789919995,29427561.789919995,290051.0328,290051.0328,335934.812,335934.812,46201688.24159999,,460476.4984,,,,,,,,,,
HSS8X8X3/16,HSS,1,HSS203.2X203.2X4.8,29.212658212,203.2,203.2,,,4.4196,,,4.7625,,,,,,3464.5092,22642989.552639995,22642989.552639995,222864.0704,222864.0704,257276.9048,257276.9048,35171555.46319999,,349044.4632,,,,,,,,,,
HSS8X8X1/8,HSS,1,HSS203.2X203.2X3.2,19.733053892,203.2,203.2,,,2.9464,,,3.175,,,,,,2335.4792,15567055.317439996,15567055.317439996,153055.17776,153055.17776,175341.5848,175341.5848,23850060.686879992,,235973.7216,,,,,,,,,,
HSS8X6X5/8,HSS,1,HSS203.2X152.4X15.9,75.613609973,203.2,152.4,,,14.7574,,,15.875,,,,,,9032.24,47450382.51839999,30093532.070879992,467031.324,394928.2424,591573.0104,483418.388,62434713.83999999,,753804.944,,,,,,,,,,
HSS8X6X1/2,HSS,1,HSS203.2X152.4X12.7,62.577293827,203.2,152.4,,,11.811,,,12.7,,,,,,7483.856,40873925.99391999,26014464.099999994,403121.7744,340850.9312,499805.452,408037.8936,52861391.05119999,,629263.2576,,,,,,,,,,
HSS8X6X3/8,HSS,1,HSS203.2X152.4X9.5,48.484381281,203.2,152.4,,,8.8646,,,9.525,,,,,,5787.0852,32923905.76495999,21061310.135359995,324463.8672,276941.3816,394928.2424,324463.8672,41623142.55999999,,491611.92,,,,,,,,,,
HSS8X6X5/16,HSS,1,HSS203.2X152.4X7.9,41.058443203,203.2,152.4,,,7.3914,,,7.9375,,,,,,4896.7644,28428606.368479993,18230936.441279996,280218.7944,239251.1344,337573.5184,276941.3816,35712656.31647999,,417870.132,,,,,,,,,,
HSS8X6X1/4,HSS,1,HSS203.2X152.4X6.4,33.364635615,203.2,152.4,,,5.9182,,,6.35,,,,,,3980.6372,23558698.688959993,15150823.891839996,232696.3088,198283.4744,276941.3816,227780.1896,29261069.219679993,,340850.9312,,,,,,,,,,
HSS8X6X3/16,HSS,1,HSS203.2X152.4X4.8,25.417840156,203.2,152.4,,,4.4196,,,4.7625,,,,,,3012.8972,18189313.29872,11737726.201919997,178618.9976,153874.53096,213031.832,175341.5848,22351627.554719996,,258915.6112,,,,,,,,,,
HSS8X4X5/8,HSS,1,HSS203.2X101.6X15.9,62.949334813,203.2,101.6,,,14.7574,,,15.875,,,,,,7548.372,34130976.89919999,11071755.920959998,335934.812,217947.9512,449005.5536,272025.2624,29261069.219679993,,470308.7368,,,,,,,,,,
HSS8X4X1/2,HSS,1,HSS203.2X101.6X12.7,52.442897371,203.2,101.6,,,11.811,,,12.7,,,,,,6283.8584,29885416.358079992,9823061.644159999,293328.4456,193367.3552,385096.004,234335.0152,25431740.104159996,,399844.3616,,,,,,,,,,
HSS8X4X3/8,HSS,1,HSS203.2X101.6X9.5,40.894745169,203.2,101.6,,,8.8646,,,9.525,,,,,,4890.3128,24432784.682719994,8158135.941759999,240889.8408,160593.2272,308076.8032,188451.236,20520209.282079995,,316270.3352,,,,,,,,,,
HSS8X4X5/16,HSS,1,HSS203.2X101.6X7.9,34.733746443,203.2,101.6,,,7.3914,,,7.9375,,,,,,4148.3788,21227802.705599993,7159180.520319998,209754.4192,140601.00912,263831.7304,162395.80424,17731458.730559997,,270386.556,,,,,,,,,,
HSS8X4X1/4,HSS,1,HSS203.2X101.6X6.4,28.304878207,203.2,101.6,,,5.9182,,,6.35,,,,,,3380.6384,17689835.587999996,5993732.528639998,173702.8784,118150.73144,217947.9512,134373.9248,14692969.323679995,,222864.0704,,,,,,,,,,
HSS8X4X3/16,HSS,1,HSS203.2X101.6X4.8,21.6230221,203.2,101.6,,,4.4196,,,4.7625,,,,,,2567.7368,13777260.187359998,4703415.10928,135521.01928,92586.9116,167148.0528,103730.11512,11321494.776319997,,170425.4656,,,,,,,,,,
HSS8X4X1/8,HSS,1,HSS203.2X101.6X3.2,14.673296484,203.2,101.6,,,2.9464,,,3.175,,,,,,1741.932,9531699.646239998,3288228.262239999,93897.87672,64728.9028,115037.18928,71447.59904,7783527.658719998,,116348.1544,,,,,,,,,,
HSS8X3X1/2,HSS,1,HSS203.2X76.2X12.7,47.383139963,203.2,76.2,,,11.811,,,12.7,,,,,,5683.8596,24391161.540159997,4869907.679519999,239251.1344,127982.96984,327741.28,157971.29696,14276737.898079995,,285134.9136,,,,,,,,,,
HSS8X3X3/8,HSS,1,HSS203.2X76.2X9.5,37.099927113,203.2,76.2,,,8.8646,,,9.525,,,,,,4438.7008,20187224.141599994,4162314.255999999,198283.4744,108646.23432,263831.7304,129130.06432,11862595.629599998,,229418.896,,,,,,,,,,
HSS8X3X5/16,HSS,1,HSS203.2X76.2X7.9,31.563957243,203.2,76.2,,,7.3914,,,7.9375,,,,,,3774.186,17648212.445439994,3666998.859535999,173702.8784,96192.06568,227780.1896,112087.51776,10364162.497439997,,198283.4744,,,,,,,,,,
HSS8X3X1/4,HSS,1,HSS203.2X76.2X6.4,25.774999503,203.2,76.2,,,5.9182,,,6.35,,,,,,3077.4132,14776215.608799996,3117573.377743999,145517.12832,81771.44936,188451.236,93406.2648,8657613.652479999,,163870.64,,,,,,,,,,
HSS8X3X3/16,HSS,1,HSS203.2X76.2X4.8,19.718172252,203.2,76.2,,,4.4196,,,4.7625,,,,,,2341.9308,11571233.631679997,2472414.668064,113726.22416,64892.77344,145353.25768,72594.69352,6742949.094719999,,125852.65152,,,,,,,,,,
HSS8X3X1/8,HSS,1,HSS203.2X76.2X3.2,13.408357132,203.2,76.2,,,2.9464,,,3.175,,,,,,1587.0936,8033266.514079998,1748171.98752,79149.51912,45883.7792,100124.96104,50308.28648,4703415.10928,,86359.82728,,,,,,,,,,
HSS8X2X1/2,HSS,1,HSS203.2X50.8X12.7,42.308500916,203.2,50.8,,,11.811,,,12.7,,,,,,5083.8608,18855283.579679996,1744009.673264,185173.8232,68661.79816,270386.556,89637.24008,5660747.388159999,,170425.4656,,,,,,,,,,
HSS8X2X3/8,HSS,1,HSS203.2X50.8X9.5,33.290227418,203.2,50.8,,,8.8646,,,9.525,,,,,,3987.0888,15900040.457919998,1552543.217488,156660.33184,61123.74872,219586.6576,75544.36504,5036400.249759999,,141748.1036,,,,,,,,,,
HSS8X2X5/16,HSS,1,HSS203.2X50.8X7.9,28.394168043,203.2,50.8,,,7.3914,,,7.9375,,,,,,3393.5416,14026999.042719997,1406862.218528,138142.94952,55388.27632,190089.9424,66531.47984,4536922.539039999,,124050.07448,,,,,,,,,,
HSS8X2X1/4,HSS,1,HSS203.2X50.8X6.4,23.245120799,203.2,50.8,,,5.9182,,,6.35,,,,,,2774.188,11862595.629599998,1223720.391264,116675.89568,48177.96816,158626.77952,56207.62952,3895926.143615999,,104057.8564,,,,,,,,,,
HSS8X2X3/16,HSS,1,HSS203.2X50.8X4.8,17.813322405,203.2,50.8,,,4.4196,,,4.7625,,,,,,2116.1248,9323583.933439998,994793.107184,91931.42904,39165.08296,123066.85064,44245.0728,3113411.063488,,81115.9668,,,,,,,,,,
HSS8X2X1/8,HSS,1,HSS203.2X50.8X3.2,12.14341778,203.2,50.8,,,2.9464,,,3.175,,,,,,1438.7068,6534833.381919998,715918.052032,64401.16152,28185.75008,85048.86216,31135.4216,2206026.555679999,,56371.50016,,,,,,,,,,
HSS7X7X5/8,HSS,1,HSS177.8X177.8X15.9,75.613609973,177.8,177.8,,,14.7574,,,15.875,,,,,,9032.24,38876015.151039995,38876015.151039995,437534.6088,437534.6088,542411.8184,542411.8184,65764565.24479999,,771830.7144,,,,,,,,,,
HSS7X7X1/2,HSS,1,HSS177.8X177.8X12.7,62.577293827,177.8,177.8,,,11.811,,,12.7,,,,,,7483.856,33506629.760799993,33506629.760799993,376902.472,376902.472,457199.0856,457199.0856,55358779.604799986,,644011.6152,,,,,,,,,,
HSS7X7X3/8,HSS,1,HSS177.8X177.8X9.5,48.484381281,177.8,177.8,,,8.8646,,,9.525,,,,,,5787.0852,27055042.663999993,27055042.663999993,304799.3904,304799.3904,362154.1144,362154.1144,43704299.687999986,,503082.8648,,,,,,,,,,
HSS7X7X5/16,HSS,1,HSS177.8X177.8X7.9,41.058443203,177.8,177.8,,,7.3914,,,7.9375,,,,,,4896.7644,23350582.976159994,23350582.976159994,262193.024,262193.024,309715.5096,309715.5096,37335958.87631999,,427702.3704,,,,,,,,,,
HSS7X7X1/4,HSS,1,HSS177.8X177.8X6.4,33.364635615,177.8,177.8,,,5.9182,,,6.35,,,,,,3980.6372,19354761.290399995,19354761.290399995,217947.9512,217947.9512,253999.492,253999.492,30593009.78159999,,349044.4632,,,,,,,,,,
HSS7X7X3/16,HSS,1,HSS177.8X177.8X4.8,25.417840156,177.8,177.8,,,4.4196,,,4.7625,,,,,,3012.8972,14984331.321599996,14984331.321599996,168786.7592,168786.7592,195006.0616,195006.0616,23350582.976159994,,265470.4368,,,,,,,,,,
HSS7X7X1/8,HSS,1,HSS177.8X177.8X3.2,17.203175188,177.8,177.8,,,2.9464,,,3.175,,,,,,2038.7056,10322539.354879998,10322539.354879998,116184.28376,116184.28376,133226.83032,133226.83032,15900040.457919998,,180257.704,,,,,,,,,,
HSS7X5X1/2,HSS,1,HSS177.8X127X12.7,52.442897371,177.8,127,,,11.811,,,12.7,,,,,,6283.8584,25223624.391359996,14817838.751359997,283496.2072,232696.3088,358876.7016,283496.2072,31550342.06047999,,445728.1408,,,,,,,,,,
HSS7X5X3/8,HSS,1,HSS177.8X127X9.5,40.894745169,177.8,127,,,8.8646,,,9.525,,,,,,4890.3128,20603455.567199994,12195580.770079998,231057.6024,191728.6488,286773.62,226141.4832,25223624.391359996,,350683.1696,,,,,,,,,,
HSS7X5X5/16,HSS,1,HSS177.8X127X7.9,34.733746443,177.8,127,,,7.3914,,,7.9375,,,,,,4148.3788,17897951.300799996,10613901.352799997,201560.8872,167148.0528,245805.96,195006.0616,21685657.273759995,,299883.2712,,,,,,,,,,
HSS7X5X1/4,HSS,1,HSS177.8X127X6.4,28.304878207,177.8,127,,,5.9182,,,6.35,,,,,,3380.6384,14942708.179039996,8865729.365279999,167148.0528,139781.65592,203199.5936,161084.83912,17856328.158239994,,245805.96,,,,,,,,,,
HSS7X5X3/16,HSS,1,HSS177.8X127X4.8,21.6230221,177.8,127,,,4.4196,,,4.7625,,,,,,2567.7368,11612856.774239996,6909441.664959999,130441.02944,108973.9756,156004.84928,124050.07448,13694013.902239997,,186812.5296,,,,,,,,,,
HSS7X5X1/8,HSS,1,HSS177.8X127X3.2,14.673296484,177.8,127,,,2.9464,,,3.175,,,,,,1741.932,8033266.514079998,4828284.536959998,90456.59328,75872.10632,107007.52792,85212.7328,9365207.075999998,,127655.22856,,,,,,,,,,
HSS7X4X1/2,HSS,1,HSS177.8X101.6X12.7,47.383139963,177.8,101.6,,,11.811,,,12.7,,,,,,5683.8596,21102933.277919997,8615990.509919997,237612.428,170425.4656,308076.8032,206477.0064,21019686.992799994,,345767.0504,,,,,,,,,,
HSS7X4X3/8,HSS,1,HSS177.8X101.6X9.5,37.099927113,177.8,101.6,,,8.8646,,,9.525,,,,,,4438.7008,17398473.590079993,7200803.662879999,195006.0616,141420.36232,247444.6664,167148.0528,17065488.449599996,,275302.6752,,,,,,,,,,
HSS7X4X5/16,HSS,1,HSS177.8X101.6X7.9,31.563957243,177.8,101.6,,,7.3914,,,7.9375,,,,,,3774.186,15192447.034399996,6326717.669119998,170425.4656,124213.94512,214670.5384,144697.77512,14734592.466239996,,235973.7216,,,,,,,,,,
HSS7X4X1/4,HSS,1,HSS177.8X101.6X6.4,25.774999503,177.8,101.6,,,5.9182,,,6.35,,,,,,3077.4132,12695058.480799997,5327762.247679999,142895.19808,104549.46832,176980.2912,120117.17912,12195580.770079998,,193367.3552,,,,,,,,,,
HSS7X4X3/16,HSS,1,HSS177.8X101.6X4.8,19.718172252,177.8,101.6,,,4.4196,,,4.7625,,,,,,2341.9308,9906307.929279998,4162314.255999999,111595.90584,82263.06128,136504.24312,92914.65288,9448453.361119997,,148630.67048,,,,,,,,,,
HSS7X4X1/8,HSS,1,HSS177.8X101.6X3.2,13.408357132,177.8,101.6,,,2.9464,,,3.175,,,,,,1587.0936,6909441.664959999,2926106.921968,77510.81272,57518.59464,93897.87672,64073.42024,6493210.239359998,,101599.7968,,,,,,,,,,
HSS7X3X1/2,HSS,1,HSS177.8X76.2X12.7,42.308500916,177.8,76.2,,,11.811,,,12.7,,,,,,5083.8608,16940619.021919996,4245560.541119998,190089.9424,111432.0352,258915.6112,138634.56144,11904218.772159997,,245805.96,,,,,,,,,,
HSS7X3X3/8,HSS,1,HSS177.8X76.2X9.5,33.290227418,177.8,76.2,,,8.8646,,,9.525,,,,,,3987.0888,14193491.612959998,3625375.716976,159446.13272,95208.84184,209754.4192,113890.0948,9947931.071839998,,198283.4744,,,,,,,,,,
HSS7X3X5/16,HSS,1,HSS177.8X76.2X7.9,28.394168043,177.8,76.2,,,7.3914,,,7.9375,,,,,,3393.5416,12445319.625439996,3221631.234143999,139945.52656,84557.25024,181896.4104,99141.7372,8699236.795039997,,172064.172,,,,,,,,,,
HSS7X3X1/4,HSS,1,HSS177.8X76.2X6.4,23.245120799,177.8,76.2,,,5.9182,,,6.35,,,,,,2774.188,10489031.925119998,2747127.408959999,117822.99016,72103.0816,151088.73008,82918.54384,7284049.947999998,,142239.71552,,,,,,,,,,
HSS7X3X3/16,HSS,1,HSS177.8X76.2X4.8,17.813322405,177.8,76.2,,,4.4196,,,4.7625,,,,,,2116.1248,8241382.226879998,2181052.670144,92586.9116,57354.724,117003.63696,64565.03216,5702370.530719998,,109629.45816,,,,,,,,,,
HSS7X3X1/8,HSS,1,HSS177.8X76.2X3.2,12.14341778,177.8,76.2,,,2.9464,,,3.175,,,,,,1438.7068,5743993.673279999,1544218.588976,64728.9028,40639.91872,80788.22552,44736.68472,3945873.914687999,,75380.4944,,,,,,,,,,
HSS7X2X1/4,HSS,1,HSS177.8X50.8X6.4,20.700360455,177.8,50.8,,,5.9182,,,6.35,,,,,,2477.4144,8241382.226879998,1073877.078048,92914.65288,42278.62512,125197.16896,49488.93328,3309039.833519999,,90456.59328,,,,,,,,,,
HSS7X2X3/16,HSS,1,HSS177.8X50.8X4.8,15.923354196,177.8,50.8,,,4.4196,,,4.7625,,,,,,1890.3188,6534833.381919998,874085.99376,73577.91736,34412.8344,97503.0308,39165.08296,2643069.552559999,,70792.11648,,,,,,,,,,
HSS7X2X1/8,HSS,1,HSS177.8X50.8X3.2,10.878478427,177.8,50.8,,,2.9464,,,3.175,,,,,,1290.32,4620168.824159998,632671.766912,51783.12224,24908.33728,67678.57432,27530.26752,1877203.729456,,49161.192,,,,,,,,,,
HSS6X6X5/8,HSS,1,HSS152.4X152.4X15.9,62.949334813,152.4,152.4,,,14.7574,,,15.875,,,,,,7548.372,22975974.693119995,22975974.693119995,301521.9776,301521.9776,380179.8848,380179.8848,39500362.28943999,,547327.9376,,,,,,,,,,
HSS6X6X1/2,HSS,1,HSS152.4X152.4X12.7,52.442897371,152.4,152.4,,,11.811,,,12.7,,,,,,6283.8584,20103977.856479995,20103977.856479995,263831.7304,263831.7304,324463.8672,324463.8672,33756368.61615999,,460476.4984,,,,,,,,,,
HSS6X6X3/8,HSS,1,HSS152.4X152.4X9.5,40.894745169,152.4,152.4,,,8.8646,,,9.525,,,,,,4890.3128,16441141.311199997,16441141.311199997,216309.2448,216309.2448,258915.6112,258915.6112,26888550.09375999,,362154.1144,,,,,,,,,,
HSS6X6X5/16,HSS,1,HSS152.4X152.4X7.9,34.733746443,152.4,152.4,,,7.3914,,,7.9375,,,,,,4148.3788,14276737.898079995,14276737.898079995,186812.5296,186812.5296,222864.0704,222864.0704,23059220.978239994,,309715.5096,,,,,,,,,,
HSS6X6X1/4,HSS,1,HSS152.4X152.4X6.4,28.304878207,152.4,152.4,,,5.9182,,,6.35,,,,,,3380.6384,11904218.772159997,11904218.772159997,156332.59056,156332.59056,183535.1168,183535.1168,18980153.007359996,,252360.7856,,,,,,,,,,
HSS6X6X3/16,HSS,1,HSS152.4X152.4X4.8,21.6230221,152.4,152.4,,,4.4196,,,4.7625,,,,,,2567.7368,9281960.790879998,9281960.790879998,121592.01488,121592.01488,141420.36232,141420.36232,14568099.895999996,,193367.3552,,,,,,,,,,
HSS6X6X1/8,HSS,1,HSS152.4X152.4X3.2,14.673296484,152.4,152.4,,,2.9464,,,3.175,,,,,,1741.932,6451587.096799999,6451587.096799999,84393.3796,84393.3796,97011.41888,97011.41888,9947931.071839998,,131588.12392,,,,,,,,,,
HSS6X5X1/2,HSS,1,HSS152.4X127X12.7,47.383139963,152.4,127,,,11.811,,,12.7,,,,,,5683.8596,17107111.592159998,12819927.908479998,224502.7768,201560.8872,281857.5008,249083.3728,24890639.25087999,,376902.472,,,,,,,,,,
HSS6X5X3/8,HSS,1,HSS152.4X127X9.5,37.099927113,152.4,127,,,8.8646,,,9.525,,,,,,4438.7008,14110245.327839997,10613901.352799997,185173.8232,167148.0528,226141.4832,199922.1808,20020731.571359996,,298244.5648,,,,,,,,,,
HSS6X5X5/16,HSS,1,HSS152.4X127X7.9,31.563957243,152.4,127,,,7.3914,,,7.9375,,,,,,3774.186,12320450.197759997,9281960.790879998,161412.5804,146008.74024,195006.0616,172064.172,17231981.019839995,,255638.1984,,,,,,,,,,
HSS6X5X1/4,HSS,1,HSS152.4X127X6.4,25.774999503,152.4,127,,,5.9182,,,6.35,,,,,,3077.4132,10280916.212319998,7783527.658719998,135193.278,122411.36808,161740.32168,142895.19808,14235114.755519997,,209754.4192,,,,,,,,,,
HSS6X5X3/16,HSS,1,HSS152.4X127X4.8,19.718172252,152.4,127,,,4.4196,,,4.7625,,,,,,2341.9308,8033266.514079998,6076978.813759998,105532.69216,95700.45376,124869.42768,110284.94072,10946886.493279997,,159937.74464,,,,,,,,,,
HSS6X5X1/8,HSS,1,HSS152.4X127X3.2,13.408357132,152.4,127,,,2.9464,,,3.175,,,,,,1587.0936,5577501.103039999,4245560.541119998,73414.04672,66695.35048,85868.21536,75872.10632,7492165.660799998,,109137.84624,,,,,,,,,,
HSS6X4X1/2,HSS,1,HSS152.4X101.6X12.7,42.308500916,152.4,101.6,,,11.811,,,12.7,,,,,,5083.8608,14151868.470399996,7408919.375679999,185173.8232,145680.99896,239251.1344,180257.704,16774126.451679995,,291689.7392,,,,,,,,,,
HSS6X4X3/8,HSS,1,HSS152.4X101.6X9.5,33.290227418,152.4,101.6,,,8.8646,,,9.525,,,,,,3987.0888,11779349.344479997,6201848.241439999,154530.01352,122411.36808,195006.0616,146500.35216,13652390.759679995,,232696.3088,,,,,,,,,,
HSS6X4X5/16,HSS,1,HSS152.4X101.6X7.9,28.394168043,152.4,101.6,,,7.3914,,,7.9375,,,,,,3393.5416,10322539.354879998,5494254.817919998,135521.01928,107826.88112,168786.7592,126999.746,11820972.487039996,,199922.1808,,,,,,,,,,
HSS6X4X1/4,HSS,1,HSS152.4X101.6X6.4,23.245120799,152.4,101.6,,,5.9182,,,6.35,,,,,,2774.188,8699236.795039997,4620168.824159998,114053.96544,91112.07584,139781.65592,105696.5628,9823061.644159999,,165509.3464,,,,,,,,,,
HSS6X4X3/16,HSS,1,HSS152.4X101.6X4.8,17.813322405,152.4,101.6,,,4.4196,,,4.7625,,,,,,2116.1248,6826195.379839998,3646187.288255999,89473.36944,71775.34032,108154.6224,81935.32,7575411.945919998,,126835.87536,,,,,,,,,,
HSS6X4X1/8,HSS,1,HSS152.4X101.6X3.2,12.14341778,152.4,101.6,,,2.9464,,,3.175,,,,,,1438.7068,4745038.251839999,2559823.26744,62434.71384,50472.15712,74725.01184,56699.24144,5244515.962559999,,86851.4392,,,,,,,,,,
HSS6X3X1/2,HSS,1,HSS152.4X76.2X12.7,37.248743508,152.4,76.2,,,11.811,,,12.7,,,,,,4483.862,11155002.206079997,3617051.088463999,146664.2228,94881.10056,198283.4744,119297.82592,9614945.931359999,,208115.7128,,,,,,,,,,
HSS6X3X3/8,HSS,1,HSS152.4X76.2X9.5,29.495409362,152.4,76.2,,,8.8646,,,9.525,,,,,,3535.4768,9448453.361119997,3113411.063488,124050.07448,81771.44936,162231.9336,98813.99592,8033266.514079998,,168786.7592,,,,,,,,,,
HSS6X3X5/16,HSS,1,HSS152.4X76.2X7.9,25.239260483,152.4,76.2,,,7.3914,,,7.9375,,,,,,3019.3488,8366251.654559999,2776263.608751999,109629.45816,72922.4348,141092.62104,86359.82728,7034311.092639998,,146008.74024,,,,,,,,,,
HSS6X3X1/4,HSS,1,HSS152.4X76.2X6.4,20.700360455,152.4,76.2,,,5.9182,,,6.35,,,,,,2477.4144,7075934.235199998,2372519.12592,92750.78224,62270.8432,117822.99016,72266.95224,5910486.243519998,,121100.40296,,,,,,,,,,
HSS6X3X3/16,HSS,1,HSS152.4X76.2X4.8,15.923354196,152.4,76.2,,,4.4196,,,4.7625,,,,,,1890.3188,5577501.103039999,1893852.986479999,73250.17608,49652.80392,91603.68776,56535.3708,4620168.824159998,,93570.13544,,,,,,,,,,
HSS6X3X1/8,HSS,1,HSS152.4X76.2X3.2,10.878478427,152.4,76.2,,,2.9464,,,3.175,,,,,,1290.32,3925062.343407999,1344427.504688,51455.38096,35232.1876,63417.93768,39328.9536,3217468.919888,,64401.16152,,,,,,,,,,
HSS6X2X3/8,HSS,1,HSS152.4X50.8X9.5,25.700591305,152.4,50.8,,,8.8646,,,9.525,,,,,,3083.8648,7117557.377759999,1152961.048912,93570.13544,45392.16728,129949.41752,56699.24144,3504668.603551999,,104057.8564,,,,,,,,,,
HSS6X2X5/16,HSS,1,HSS152.4X50.8X7.9,22.069471283,152.4,50.8,,,7.3914,,,7.9375,,,,,,2645.156,6368340.811679998,1048903.192512,83737.89704,41295.40128,113890.0948,50308.28648,3163358.834559999,,91439.81712,,,,,,,,,,
HSS6X2X1/4,HSS,1,HSS152.4X50.8X6.4,18.170481751,152.4,50.8,,,5.9182,,,6.35,,,,,,2174.1892,5452631.675359999,919871.450576,71611.46968,36215.41144,95700.45376,42770.23704,2726315.837679999,,77019.2008,,,,,,,,,,
HSS6X2X3/16,HSS,1,HSS152.4X50.8X4.8,14.018504348,152.4,50.8,,,4.4196,,,4.7625,,,,,,1664.5128,4370429.968799999,749216.56608,57190.85336,29496.7152,75052.75312,33921.22248,2181052.670144,,60304.39552,,,,,,,,,,
HSS6X2X1/8,HSS,1,HSS152.4X50.8X3.2,9.613539075,152.4,50.8,,,2.9464,,,3.175,,,,,,1141.9332,3088437.177951999,545263.167536,40476.04808,21467.05384,52274.73416,23925.11344,1548380.903232,,42114.75448,,,,,,,,,,
HSS5-1/2X5-1/2X3/8,HSS,1,HSS139.7X139.7X9.5,37.099927113,139.7,139.7,,,8.8646,,,9.525,,,,,,4438.7008,12362073.340319997,12362073.340319997,176980.2912,176980.2912,214670.5384,214670.5384,20395339.854399994,,301521.9776,,,,,,,,,,
HSS5-1/2X5-1/2X5/16,HSS,1,HSS139.7X139.7X7.9,31.563957243,139.7,139.7,,,7.3914,,,7.9375,,,,,,3774.186,10780393.923039997,10780393.923039997,154530.01352,154530.01352,185173.8232,185173.8232,17564966.160319995,,257276.9048,,,,,,,,,,
HSS5-1/2X5-1/2X1/4,HSS,1,HSS139.7X139.7X6.4,25.774999503,139.7,139.7,,,5.9182,,,6.35,,,,,,3077.4132,9032221.935519997,9032221.935519997,129457.8056,129457.8056,152727.43648,152727.43648,14484853.610879995,,211393.1256,,,,,,,,,,
HSS5-1/2X5-1/2X3/16,HSS,1,HSS139.7X139.7X4.8,19.718172252,139.7,139.7,,,4.4196,,,4.7625,,,,,,2341.9308,7075934.235199998,7075934.235199998,101108.18488,101108.18488,117822.99016,117822.99016,11113379.063519998,,161412.5804,,,,,,,,,,
HSS5-1/2X5-1/2X1/8,HSS,1,HSS139.7X139.7X3.2,13.408357132,139.7,139.7,,,2.9464,,,3.175,,,,,,1587.0936,4911530.822079999,4911530.822079999,70464.3752,70464.3752,81115.9668,81115.9668,7617035.088479999,,110121.07008,,,,,,,,,,
HSS5X5X1/2,HSS,1,HSS127X127X12.7,42.308500916,127,127,,,11.811,,,12.7,,,,,,5083.8608,10822017.065599997,10822017.065599997,170425.4656,170425.4656,214670.5384,214670.5384,18563921.581759997,,306438.0968,,,,,,,,,,
HSS5X5X3/8,HSS,1,HSS127X127X9.5,33.290227418,127,127,,,8.8646,,,9.525,,,,,,3987.0888,9032221.935519997,9032221.935519997,142239.71552,142239.71552,173702.8784,173702.8784,15025954.464159997,,244167.2536,,,,,,,,,,
HSS5X5X5/16,HSS,1,HSS127X127X7.9,28.394168043,127,127,,,7.3914,,,7.9375,,,,,,3393.5416,7908397.086399999,7908397.086399999,124869.42768,124869.42768,150105.50624,150105.50624,12986420.478719996,,209754.4192,,,,,,,,,,
HSS5X5X1/4,HSS,1,HSS127X127X6.4,23.245120799,127,127,,,5.9182,,,6.35,,,,,,2774.188,6659702.809599998,6659702.809599998,105041.08024,105041.08024,124705.55704,124705.55704,10738770.780479997,,172064.172,,,,,,,,,,
HSS5X5X3/16,HSS,1,HSS127X127X4.8,17.813322405,127,127,,,4.4196,,,4.7625,,,,,,2116.1248,5244515.962559999,5244515.962559999,82426.93192,82426.93192,96519.80696,96519.80696,8283005.369439998,,132407.47712,,,,,,,,,,
HSS5X5X1/8,HSS,1,HSS127X127X3.2,12.14341778,127,127,,,2.9464,,,3.175,,,,,,1438.7068,3662836.545279999,3662836.545279999,57682.46528,57682.46528,66695.35048,66695.35048,5702370.530719998,,90620.46392,,,,,,,,,,
HSS5X4X1/2,HSS,1,HSS127X101.6X12.7,37.248743508,127,101.6,,,11.811,,,12.7,,,,,,4483.862,8824106.222719997,6201848.241439999,139126.17336,121755.88552,178618.9976,153219.0484,12611812.195679998,,237612.428,,,,,,,,,,
HSS5X4X3/8,HSS,1,HSS127X101.6X9.5,29.495409362,127,101.6,,,8.8646,,,9.525,,,,,,3535.4768,7450542.518239997,5244515.962559999,117495.24888,103238.5032,146828.09344,125688.78088,10364162.497439997,,191728.6488,,,,,,,,,,
HSS5X4X5/16,HSS,1,HSS127X101.6X7.9,25.239260483,127,101.6,,,7.3914,,,7.9375,,,,,,3019.3488,6576456.524479998,4620168.824159998,103566.24448,91275.94648,127655.22856,109301.71688,9032221.935519997,,165509.3464,,,,,,,,,,
HSS5X4X1/4,HSS,1,HSS127X101.6X6.4,20.700360455,127,101.6,,,5.9182,,,6.35,,,,,,2477.4144,5577501.103039999,3937549.286175999,87670.7924,77510.81272,106352.04536,91275.94648,7492165.660799998,,136340.37248,,,,,,,,,,
HSS5X4X3/16,HSS,1,HSS127X101.6X4.8,15.923354196,127,101.6,,,4.4196,,,4.7625,,,,,,1890.3188,4412053.111359999,3113411.063488,69153.41008,61287.61936,82754.6732,71119.85776,5827239.958399999,,105041.08024,,,,,,,,,,
HSS5X4X1/8,HSS,1,HSS127X101.6X3.2,10.878478427,127,101.6,,,2.9464,,,3.175,,,,,,1290.32,3088437.177951999,2193539.612911999,48669.58008,43261.84896,57354.724,49325.06264,4020795.571295999,,71939.21096,,,,,,,,,,
HSS5X3X1/2,HSS,1,HSS127X76.2X12.7,32.188986099,127,76.2,,,11.811,,,12.7,,,,,,3883.8632,6826195.379839998,2988541.635807999,107663.01048,78330.16592,144697.77512,99961.0904,7325673.090559999,,168786.7592,,,,,,,,,,
HSS5X3X3/8,HSS,1,HSS127X76.2X9.5,25.700591305,127,76.2,,,8.8646,,,9.525,,,,,,3083.8648,5868863.100959999,2601446.409999999,92586.9116,68170.18624,120281.04976,83574.0264,6201848.241439999,,138306.82016,,,,,,,,,,
HSS5X3X5/16,HSS,1,HSS127X76.2X7.9,22.069471283,127,76.2,,,7.3914,,,7.9375,,,,,,2645.156,5244515.962559999,2330895.983359999,82426.93192,61123.74872,105204.95088,73414.04672,5452631.675359999,,120117.17912,,,,,,,,,,
HSS5X3X1/4,HSS,1,HSS127X76.2X6.4,18.170481751,127,76.2,,,5.9182,,,6.35,,,,,,2174.1892,4453676.253919998,2002073.157135999,70300.50456,52602.47544,88162.40432,61779.23128,4578545.681599999,,99961.0904,,,,,,,,,,
HSS5X3X3/16,HSS,1,HSS127X76.2X4.8,14.018504348,127,76.2,,,4.4196,,,4.7625,,,,,,1664.5128,3550454.060367999,1602490.98856,55879.88824,42114.75448,68989.53944,48505.70944,3596239.517184,,77510.81272,,,,,,,,,,
HSS5X3X1/8,HSS,1,HSS127X76.2X3.2,9.613539075,127,76.2,,,2.9464,,,3.175,,,,,,1141.9332,2509875.496367999,1144636.4204,39492.82424,29988.32712,48014.09752,33921.22248,2505713.182111999,,53421.82864,,,,,,,,,,
HSS5X2-1/2X1/4,HSS,1,HSS127X63.5X6.4,16.905542399,127,63.5,,,5.9182,,,6.35,,,,,,2025.8024,3912575.400639999,1302804.362128,61615.36064,40967.66,79149.51912,48341.8388,3300715.205007999,,81771.44936,,,,,,,,,,
HSS5X2-1/2X3/16,HSS,1,HSS127X63.5X4.8,13.066079425,127,63.5,,,4.4196,,,4.7625,,,,,,1554.8356,3125898.006255999,1053065.506768,49325.06264,33265.73992,62106.97256,38181.85912,2605608.724255999,,63745.67896,,,,,,,,,,
HSS5X2-1/2X1/8,HSS,1,HSS127X63.5X3.2,8.97362858,127,63.5,,,2.9464,,,3.175,,,,,,1064.514,2222675.812703999,757541.194592,35068.31696,23925.11344,43425.7196,26874.78496,1831418.27264,,44245.0728,,,,,,,,,,
HSS5X2X3/8,HSS,1,HSS127X50.8X9.5,21.905773249,127,50.8,,,8.8646,,,9.525,,,,,,2638.7044,4328806.826239999,949007.650368,67842.44496,37362.50592,93570.13544,47194.74432,2751289.723216,,85212.7328,,,,,,,,,,
HSS5X2X5/16,HSS,1,HSS127X50.8X7.9,18.899682083,127,50.8,,,7.3914,,,7.9375,,,,,,2270.9632,3891763.829359999,874085.99376,61287.61936,34412.8344,82754.6732,42114.75448,2493226.239343999,,75216.62376,,,,,,,,,,
HSS5X2X1/4,HSS,1,HSS127X50.8X6.4,15.640603047,127,50.8,,,5.9182,,,6.35,,,,,,1877.4156,3363149.918847999,765865.823104,52930.21672,30152.19776,69972.76328,36051.5408,2151916.470352,,63581.80832,,,,,,,,,,
HSS5X2X3/16,HSS,1,HSS127X50.8X4.8,12.12853614,127,50.8,,,4.4196,,,4.7625,,,,,,1445.1584,2705504.266399999,628509.452656,42606.3664,24744.46664,55224.40568,28677.362,1727360.41624,,49980.5452,,,,,,,,,,
HSS5X2X1/8,HSS,1,HSS127X50.8X3.2,8.348599723,127,50.8,,,2.9464,,,3.175,,,,,,993.5464,1935476.12904,457854.56816,30479.93904,18025.7704,38837.34168,20319.95936,1227882.70552,,34904.44632,,,,,,,,,,
HSS4-1/2X4-1/2X1/2,HSS,1,HSS114.3X114.3X12.7,37.248743508,114.3,114.3,,,11.811,,,12.7,,,,,,4483.862,7533788.803359998,7533788.803359998,131588.12392,131588.12392,167148.0528,167148.0528,13028043.621279998,,242528.5472,,,,,,,,,,
HSS4-1/2X4-1/2X3/8,HSS,1,HSS114.3X114.3X9.5,29.495409362,114.3,114.3,,,8.8646,,,9.525,,,,,,3535.4768,6368340.811679998,6368340.811679998,111268.16456,111268.16456,136995.85504,136995.85504,10697147.637919998,,195006.0616,,,,,,,,,,
HSS4-1/2X4-1/2X5/16,HSS,1,HSS114.3X114.3X7.9,25.239260483,114.3,114.3,,,7.3914,,,7.9375,,,,,,3019.3488,5619124.245599999,5619124.245599999,98322.384,98322.384,119133.95528,119133.95528,9281960.790879998,,167148.0528,,,,,,,,,,
HSS4-1/2X4-1/2X1/4,HSS,1,HSS114.3X114.3X6.4,20.700360455,114.3,114.3,,,5.9182,,,6.35,,,,,,2477.4144,4745038.251839999,4745038.251839999,83246.28512,83246.28512,99305.60784,99305.60784,7700281.373599998,,138306.82016,,,,,,,,,,
HSS4-1/2X4-1/2X3/16,HSS,1,HSS114.3X114.3X4.8,15.923354196,114.3,114.3,,,4.4196,,,4.7625,,,,,,1890.3188,3754407.458911999,3754407.458911999,65712.12664,65712.12664,77183.07144,77183.07144,5993732.528639998,,106352.04536,,,,,,,,,,
HSS4-1/2X4-1/2X1/8,HSS,1,HSS114.3X114.3X3.2,10.878478427,114.3,114.3,,,2.9464,,,3.175,,,,,,1290.32,2643069.552559999,2643069.552559999,46211.52048,46211.52048,53585.69928,53585.69928,4129015.741951999,,72922.4348,,,,,,,,,,
HSS4X4X1/2,HSS,1,HSS101.6X101.6X12.7,32.188986099,101.6,101.6,,,11.811,,,12.7,,,,,,3883.8632,4953153.964639999,4953153.964639999,97830.77208,97830.77208,126180.3928,126180.3928,8740859.937599998,,183535.1168,,,,,,,,,,
HSS4X4X3/8,HSS,1,HSS101.6X101.6X9.5,25.700591305,101.6,101.6,,,8.8646,,,9.525,,,,,,3083.8648,4287183.683679999,4287183.683679999,84065.63832,84065.63832,104713.33896,104713.33896,7284049.947999998,,149777.76496,,,,,,,,,,
HSS4X4X5/16,HSS,1,HSS101.6X101.6X7.9,22.069471283,101.6,101.6,,,7.3914,,,7.9375,,,,,,2645.156,3804355.229983999,3804355.229983999,74888.88248,74888.88248,91603.68776,91603.68776,6368340.811679998,,129621.67624,,,,,,,,,,
HSS4X4X1/4,HSS,1,HSS101.6X101.6X6.4,18.170481751,101.6,101.6,,,5.9182,,,6.35,,,,,,2174.1892,3246605.119679999,3246605.119679999,63909.5496,63909.5496,76855.33016,76855.33016,5327762.247679999,,107499.13984,,,,,,,,,,
HSS4X4X3/16,HSS,1,HSS101.6X101.6X4.8,14.018504348,101.6,101.6,,,4.4196,,,4.7625,,,,,,1664.5128,2584797.152975999,2584797.152975999,50799.8984,50799.8984,60140.52488,60140.52488,4162314.255999999,,83082.41448,,,,,,,,,,
HSS4X4X1/8,HSS,1,HSS101.6X101.6X3.2,9.613539075,101.6,101.6,,,2.9464,,,3.175,,,,,,1141.9332,1831418.27264,1831418.27264,36051.5408,36051.5408,41950.88384,41950.88384,2876159.150895999,,57190.85336,,,,,,,,,,
HSS4X3X3/8,HSS,1,HSS101.6X76.2X9.5,21.905773249,101.6,76.2,,,8.8646,,,9.525,,,,,,2638.7044,3300715.205007999,2085319.442255999,65056.64408,54732.79376,83901.76768,68497.92752,4412053.111359999,,107990.75176,,,,,,,,,,
HSS4X3X5/16,HSS,1,HSS101.6X76.2X7.9,18.899682083,101.6,76.2,,,7.3914,,,7.9375,,,,,,2270.9632,2971892.378783999,1881366.043711999,58501.81848,49488.93328,73905.65864,60468.26616,3916737.714895999,,94225.618,,,,,,,,,,
HSS4X3X1/4,HSS,1,HSS101.6X76.2X6.4,15.640603047,101.6,76.2,,,5.9182,,,6.35,,,,,,1877.4156,2559823.26744,1627464.874096,50308.28648,42770.23704,62434.71384,51127.63968,3313202.147775999,,78821.77784,,,,,,,,,,
HSS4X3X3/16,HSS,1,HSS101.6X76.2X4.8,12.12853614,101.6,76.2,,,4.4196,,,4.7625,,,,,,1445.1584,2052020.928207999,1315291.304896,40476.04808,34412.8344,49161.192,40312.17744,2605608.724255999,,61287.61936,,,,,,,,,,
HSS4X3X1/8,HSS,1,HSS101.6X76.2X3.2,8.348599723,101.6,76.2,,,2.9464,,,3.175,,,,,,993.5464,1465134.618112,944845.336112,28841.23264,24744.46664,34576.70504,28349.62072,1823093.644127999,,42442.49576,,,,,,,,,,
HSS4X2-1/2X1/4,HSS,1,HSS101.6X63.5X6.4,14.375663695,101.6,63.5,,,5.9182,,,6.35,,,,,,1722.5772,2214351.184191999,1053065.506768,43589.59024,33101.86928,55388.27632,39820.56552,2405817.639967999,,64401.16152,,,,,,,,,,
HSS4X2-1/2X3/16,HSS,1,HSS101.6X63.5X4.8,11.176111216,101.6,63.5,,,4.4196,,,4.7625,,,,,,1329.0296,1789795.13008,857436.736736,35232.1876,27038.6556,43753.46088,31627.03352,1910502.243503999,,50472.15712,,,,,,,,,,
HSS4X2-1/2X1/8,HSS,1,HSS101.6X63.5X3.2,7.708689228,101.6,63.5,,,2.9464,,,3.175,,,,,,916.1272,1286155.105104,620184.824144,25236.07856,19500.60616,30807.68032,22286.40704,1344427.504688,,35068.31696,,,,,,,,,,
HSS4X2X3/8,HSS,1,HSS101.6X50.8X9.5,18.110955193,101.6,50.8,,,8.8646,,,9.525,,,,,,2187.0924,2330895.983359999,749216.56608,45883.7792,29496.7152,62926.32576,37854.11784,2010397.785647999,,66203.73856,,,,,,,,,,
HSS4X2X5/16,HSS,1,HSS101.6X50.8X7.9,15.744774523,101.6,50.8,,,7.3914,,,7.9375,,,,,,1896.7704,2135267.213327999,695106.480752,41950.88384,27366.39688,56207.62952,34085.09312,1831418.27264,,58829.55976,,,,,,,,,,
HSS4X2X1/4,HSS,1,HSS101.6X50.8X6.4,13.110724343,101.6,50.8,,,5.9182,,,6.35,,,,,,1574.1904,1868879.100944,616022.509888,36870.894,24252.85472,48177.96816,29332.84456,1590004.045791999,,49980.5452,,,,,,,,,,
HSS4X2X3/16,HSS,1,HSS101.6X50.8X4.8,10.223686292,101.6,50.8,,,4.4196,,,4.7625,,,,,,1219.3524,1523407.017696,507802.339232,29988.32712,19992.21808,38345.72976,23433.50152,1281992.790848,,39492.82424,,,,,,,,,,
HSS4X2X1/8,HSS,1,HSS101.6X50.8X3.2,7.068778732,101.6,50.8,,,2.9464,,,3.175,,,,,,838.708,1103013.27784,373775.8201888,21630.92448,14715.583472,27202.52624,16714.80528,915709.13632,,27694.13816,,,,,,,,,,
HSS4X1-1/2X1/4,HSS,1,HSS101.6X38.1X6.4,11.845784991,101.6,38.1,,,5.9182,,,6.35,,,,,,1425.8036,1523407.017696,305097.6349648,29988.32712,16010.161528,40967.66,19828.34744,890735.250784,,35723.79952,,,,,,,,,,
HSS4X1-1/2X3/16,HSS,1,HSS101.6X38.1X4.8,9.271261368,101.6,38.1,,,4.4196,,,4.7625,,,,,,1103.2236,1257018.905312,258479.7152976,24744.46664,13552.101928,32937.99864,16092.096848,740891.937568,,28677.362,,,,,,,,,,
HSS4X1-1/2X1/8,HSS,1,HSS101.6X38.1X3.2,6.443749876,101.6,38.1,,,2.9464,,,3.175,,,,,,767.7404,919871.450576,194380.0757552,18189.64104,10192.753808,23433.50152,11634.81544,541100.85328,,20319.95936,,,,,,,,,,
HSS3-1/2X3-1/2X3/8,HSS,1,HSS88.9X88.9X9.5,21.905773249,88.9,88.9,,,8.8646,,,9.525,,,,,,2638.7044,2701341.952143999,2701341.952143999,60796.00744,60796.00744,76855.33016,76855.33016,4661791.966719999,,110940.42328,,,,,,,,,,
HSS3-1/2X3-1/2X5/16,HSS,1,HSS88.9X88.9X7.9,18.899682083,88.9,88.9,,,7.3914,,,7.9375,,,,,,2270.9632,2430791.525504,2430791.525504,54732.79376,54732.79376,67842.44496,67842.44496,4116528.799183999,,96683.6776,,,,,,,,,,
HSS3-1/2X3-1/2X1/4,HSS,1,HSS88.9X88.9X6.4,15.640603047,88.9,88.9,,,5.9182,,,6.35,,,,,,1877.4156,2097806.385023999,2097806.385023999,47194.74432,47194.74432,57354.724,57354.724,3475532.403759999,,80624.35488,,,,,,,,,,
HSS3-1/2X3-1/2X3/16,HSS,1,HSS88.9X88.9X4.8,12.12853614,88.9,88.9,,,4.4196,,,4.7625,,,,,,1445.1584,1685737.27368,1685737.27368,37854.11784,37854.11784,45228.29664,45228.29664,2730478.151935999,,62762.45512,,,,,,,,,,
HSS3-1/2X3-1/2X1/8,HSS,1,HSS88.9X88.9X3.2,8.348599723,88.9,88.9,,,2.9464,,,3.175,,,,,,993.5464,1207071.13424,1207071.13424,27202.52624,27202.52624,31627.03352,31627.03352,1906339.929248,,43425.7196,,,,,,,,,,
HSS3-1/2X2-1/2X3/8,HSS,1,HSS88.9X63.5X9.5,18.110955193,88.9,63.5,,,8.8646,,,9.525,,,,,,2187.0924,1977099.2716,1152961.048912,44572.81408,36215.41144,58829.55976,46211.52048,2563985.581695999,,74888.88248,,,,,,,,,,
HSS3-1/2X2-1/2X5/16,HSS,1,HSS88.9X63.5X7.9,15.744774523,88.9,63.5,,,7.3914,,,7.9375,,,,,,1896.7704,1806444.387103999,1057227.821024,40639.91872,33265.73992,52438.6048,41295.40128,2301759.783567999,,66039.86792,,,,,,,,,,
HSS3-1/2X2-1/2X1/4,HSS,1,HSS88.9X63.5X6.4,13.110724343,88.9,63.5,,,5.9182,,,6.35,,,,,,1574.1904,1577517.103024,928196.079088,35559.92888,29168.97392,44900.55536,35396.05824,1977099.2716,,55716.0176,,,,,,,,,,
HSS3-1/2X2-1/2X3/16,HSS,1,HSS88.9X63.5X4.8,10.223686292,88.9,63.5,,,4.4196,,,4.7625,,,,,,1219.3524,1286155.105104,757541.194592,28841.23264,23925.11344,35723.79952,28185.75008,1573354.788768,,43753.46088,,,,,,,,,,
HSS3-1/2X2-1/2X1/8,HSS,1,HSS88.9X63.5X3.2,7.068778732,88.9,63.5,,,2.9464,,,3.175,,,,,,838.708,928196.079088,553587.796048,20975.44192,17370.28784,25236.07856,19992.21808,1111337.906352,,30643.80968,,,,,,,,,,
HSS3-1/2X2X1/4,HSS,1,HSS88.9X50.8X6.4,11.845784991,88.9,50.8,,,5.9182,,,6.35,,,,,,1425.8036,1319453.619152,541100.85328,29660.58584,21303.1832,38673.47104,25891.56112,1315291.304896,,43261.84896,,,,,,,,,,
HSS3-1/2X2X3/16,HSS,1,HSS88.9X50.8X4.8,9.271261368,88.9,50.8,,,4.4196,,,4.7625,,,,,,1103.2236,1086364.020816,449529.939648,24416.72536,17698.02912,30971.55096,20811.57128,1061390.13528,,34248.96376,,,,,,,,,,
HSS3-1/2X2X1/8,HSS,1,HSS88.9X50.8X3.2,6.443749876,88.9,50.8,,,2.9464,,,3.175,,,,,,767.7404,790839.70864,330903.983352,17861.89976,13027.71588,21958.66576,14945.002368,761703.508848,,24088.98408,,,,,,,,,,
HSS3-1/2X1-1/2X1/4,HSS,1,HSS88.9X38.1X6.4,10.580845639,88.9,38.1,,,5.9182,,,6.35,,,,,,1270.9652,1061390.13528,265555.6495328,23925.11344,13945.391464,32446.38672,17370.28784,745054.251824,,30807.68032,,,,,,,,,,
HSS3-1/2X1-1/2X3/16,HSS,1,HSS88.9X38.1X4.8,8.318836445,88.9,38.1,,,4.4196,,,4.7625,,,,,,993.5464,882410.622272,226429.8955264,19828.34744,11880.6214,26219.3024,14207.584488,620184.824144,,24744.46664,,,,,,,,,,
HSS3-1/2X1-1/2X1/8,HSS,1,HSS88.9X38.1X3.2,5.80383938,88.9,38.1,,,2.9464,,,3.175,,,,,,690.3212,653483.338192,171071.1159216,14682.809344,8980.111072,18845.1236,10323.85032,453692.253904,,17698.02912,,,,,,,,,,
HSS3X3X3/8,HSS,1,HSS76.2X76.2X9.5,18.110955193,76.2,76.2,,,8.8646,,,9.525,,,,,,2187.0924,1573354.788768,1573354.788768,41295.40128,41295.40128,53257.958,53257.958,2763776.665983999,,77674.68336,,,,,,,,,,
HSS3X3X5/16,HSS,1,HSS76.2X76.2X7.9,15.744774523,76.2,76.2,,,7.3914,,,7.9375,,,,,,1896.7704,1435998.41832,1435998.41832,37690.2472,37690.2472,47522.4856,47522.4856,2472414.668064,,68497.92752,,,,,,,,,,
HSS3X3X1/4,HSS,1,HSS76.2X76.2X6.4,13.110724343,76.2,76.2,,,5.9182,,,6.35,,,,,,1574.1904,1257018.905312,1257018.905312,32937.99864,32937.99864,40639.91872,40639.91872,2114455.642047999,,57682.46528,,,,,,,,,,
HSS3X3X3/16,HSS,1,HSS76.2X76.2X4.8,10.223686292,76.2,76.2,,,4.4196,,,4.7625,,,,,,1219.3524,1023929.306976,1023929.306976,26874.78496,26874.78496,32282.51608,32282.51608,1677412.645168,,45228.29664,,,,,,,,,,
HSS3X3X1/8,HSS,1,HSS76.2X76.2X3.2,7.068778732,76.2,76.2,,,2.9464,,,3.175,,,,,,838.708,740891.937568,740891.937568,19500.60616,19500.60616,22941.8896,22941.8896,1182097.248704,,31463.16288,,,,,,,,,,
HSS3X2-1/2X5/16,HSS,1,HSS76.2X63.5X7.9,14.152439103,76.2,63.5,,,7.3914,,,7.9375,,,,,,1703.2224,1215395.762752,907384.507808,31790.90416,28513.49136,41131.53064,36051.5408,1806444.387103999,,55552.14696,,,,,,,,,,
HSS3X2-1/2X1/4,HSS,1,HSS76.2X63.5X6.4,11.845784991,76.2,63.5,,,5.9182,,,6.35,,,,,,1425.8036,1069714.763792,803326.651408,28185.75008,25236.07856,35396.05824,31135.4216,1556705.531744,,47030.87368,,,,,,,,,,
HSS3X2-1/2X3/16,HSS,1,HSS76.2X63.5X4.8,9.271261368,76.2,63.5,,,4.4196,,,4.7625,,,,,,1103.2236,878248.308016,661807.966704,23105.76024,20811.57128,28349.62072,24908.33728,1248694.2768,,37198.63528,,,,,,,,,,
HSS3X2-1/2X1/8,HSS,1,HSS76.2X63.5X3.2,6.443749876,76.2,63.5,,,2.9464,,,3.175,,,,,,767.7404,640996.395424,482828.453696,16878.67592,15256.356584,20156.08872,17861.89976,886572.936528,,26055.43176,,,,,,,,,,
HSS3X2X5/16,HSS,1,HSS76.2X50.8X7.9,12.574985323,76.2,50.8,,,7.3914,,,7.9375,,,,,,1516.126,990630.792928,516126.967744,26055.43176,20319.95936,34576.70504,25891.56112,1194584.191472,,42606.3664,,,,,,,,,,
HSS3X2X1/4,HSS,1,HSS76.2X50.8X6.4,10.580845639,76.2,50.8,,,5.9182,,,6.35,,,,,,1270.9652,886572.936528,462016.882416,23269.63088,18189.64104,29988.32712,22614.14832,1048903.192512,,36543.15272,,,,,,,,,,
HSS3X2X3/16,HSS,1,HSS76.2X50.8X4.8,8.318836445,76.2,50.8,,,4.4196,,,4.7625,,,,,,993.5464,736729.623312,387927.6886592,19336.73552,15272.743648,24252.85472,18353.51168,853274.42248,,29168.97392,,,,,,,,,,
HSS3X2X1/8,HSS,1,HSS76.2X50.8X3.2,5.80383938,76.2,50.8,,,2.9464,,,3.175,,,,,,690.3212,541100.85328,288032.1465152,14207.584488,11339.848288,17370.28784,13158.812392,611860.195632,,20483.83,,,,,,,,,,
HSS3X1-1/2X1/4,HSS,1,HSS76.2X38.1X6.4,9.315906287,76.2,38.1,,,5.9182,,,6.35,,,,,,1122.5784,699268.795008,226013.6641008,18353.51168,11880.6214,24744.46664,14928.615304,599373.252864,,25891.56112,,,,,,,,,,
HSS3X1-1/2X3/16,HSS,1,HSS76.2X38.1X4.8,7.38129316,76.2,38.1,,,4.4196,,,4.7625,,,,,,883.8692,591048.624352,194380.0757552,15485.77548,10192.753808,20319.95936,12323.072128,503640.024976,,20975.44192,,,,,,,,,,
HSS3X1-1/2X1/8,HSS,1,HSS76.2X38.1X3.2,5.178810524,76.2,38.1,,,2.9464,,,3.175,,,,,,616.77296,441205.311136,147762.156088,11569.267184,7767.468336,14666.42228,9012.8852,368781.0430816,,15076.09888,,,,,,,,,,
HSS3X1X3/16,HSS,1,HSS76.2X25.4X4.8,6.428868236,76.2,25.4,,,4.4196,,,4.7625,,,,,,767.7404,445367.625392,72008.0366288,11683.976632,5653.53708,16206.806296,7079.211648,218937.7298656,,12978.554688,,,,,,,,,,
HSS3X1X1/8,HSS,1,HSS76.2X25.4X3.2,4.538900028,76.2,25.4,,,2.9464,,,3.175,,,,,,541.9344,340061.0747152,57439.9367328,8930.94988,4522.829664,11929.782592,5325.7958,169822.4216448,,9586.43244,,,,,,,,,,
HSS2-1/2X2-1/2X5/16,HSS,1,HSS63.5X63.5X7.9,12.574985323,63.5,63.5,,,7.3914,,,7.9375,,,,,,1516.126,757541.194592,757541.194592,23925.11344,23925.11344,30807.68032,30807.68032,1331940.56192,,44900.55536,,,,,,,,,,
HSS2-1/2X2-1/2X1/4,HSS,1,HSS63.5X63.5X6.4,10.580845639,63.5,63.5,,,5.9182,,,6.35,,,,,,1270.9652,678457.223728,678457.223728,21303.1832,21303.1832,26710.91432,26710.91432,1161285.677424,,38509.6004,,,,,,,,,,
HSS2-1/2X2-1/2X3/16,HSS,1,HSS63.5X63.5X4.8,8.318836445,63.5,63.5,,,4.4196,,,4.7625,,,,,,993.5464,561912.42456,561912.42456,17698.02912,17698.02912,21630.92448,21630.92448,936520.7076,,30479.93904,,,,,,,,,,
HSS2-1/2X2-1/2X1/8,HSS,1,HSS63.5X63.5X3.2,5.80383938,63.5,63.5,,,2.9464,,,3.175,,,,,,690.3212,415398.9627488,415398.9627488,13093.264136,13093.264136,15518.549608,15518.549608,670132.595216,,21467.05384,,,,,,,,,,
HSS2-1/2X2X1/4,HSS,1,HSS63.5X50.8X6.4,9.315906287,63.5,50.8,,,5.9182,,,6.35,,,,,,1122.5784,553587.796048,387095.225808,17370.28784,15239.96952,22450.27768,19172.86488,790839.70864,,29824.45648,,,,,,,,,,
HSS2-1/2X2X3/16,HSS,1,HSS63.5X50.8X4.8,7.38129316,63.5,50.8,,,4.4196,,,4.7625,,,,,,883.8692,466179.196672,327157.9005216,14650.035216,12880.232304,18353.51168,15666.033184,645158.70968,,23925.11344,,,,,,,,,,
HSS2-1/2X2X1/8,HSS,1,HSS63.5X50.8X3.2,5.178810524,63.5,50.8,,,2.9464,,,3.175,,,,,,616.77296,346720.7775248,245160.3096784,10930.171688,9651.980696,13257.134776,11372.622416,466179.196672,,17042.54656,,,,,,,,,,
HSS2-1/2X1-1/2X1/4,HSS,1,HSS63.5X38.1X6.4,8.050966935,63.5,38.1,,,5.9182,,,6.35,,,,,,974.1916,428718.368368,186887.9100944,13470.166608,9815.851336,18189.64104,12519.716896,457854.56816,,21139.31256,,,,,,,,,,
HSS2-1/2X1-1/2X3/16,HSS,1,HSS63.5X38.1X4.8,6.428868236,63.5,38.1,,,4.4196,,,4.7625,,,,,,767.7404,367116.1173792,162330.255984,11552.88012,8521.27328,14994.16356,10422.172704,386678.9943824,,17206.4172,,,,,,,,,,
HSS2-1/2X1-1/2X1/8,HSS,1,HSS63.5X38.1X3.2,4.538900028,63.5,38.1,,,2.9464,,,3.175,,,,,,541.9344,278042.5923008,124869.42768,8767.07924,6538.438536,10995.719944,7685.533016,285950.9893872,,12437.781576,,,,,,,,,,
HSS2-1/2X1X3/16,HSS,1,HSS63.5X25.4X4.8,5.476443312,63.5,25.4,,,4.4196,,,4.7625,,,,,,658.0632,268885.5009376,59521.0938608,8472.112088,4670.31324,11683.976632,5899.34304,171487.3473472,,10618.817472,,,,,,,,,,
HSS2-1/2X1X1/8,HSS,1,HSS63.5X25.4X3.2,3.913871172,63.5,25.4,,,2.9464,,,3.175,,,,,,467.09584,209364.4070768,47866.613944,6603.986792,3769.02472,8717.918048,4490.055536,134026.5190432,,7914.951912,,,,,,,,,,
HSS2-1/4X2-1/4X1/4,HSS,1,HSS57.2X57.2X6.4,9.315906287,57.15,57.15,,,5.9182,,,6.35,,,,,,1122.5784,470341.510928,470341.510928,16550.93464,16550.93464,20975.44192,20975.44192,815813.594176,,30316.0684,,,,,,,,,,
HSS2-1/4X2-1/4X3/16,HSS,1,HSS57.2X57.2X4.8,7.38129316,57.15,57.15,,,4.4196,,,4.7625,,,,,,883.8692,396668.5485968,396668.5485968,13879.843208,13879.843208,17042.54656,17042.54656,665970.28096,,24252.85472,,,,,,,,,,
HSS2-1/4X2-1/4X1/8,HSS,1,HSS57.2X57.2X3.2,5.178810524,57.15,57.15,,,2.9464,,,3.175,,,,,,616.77296,296356.7750272,296356.7750272,10373.011512,10373.011512,12372.23332,12372.23332,478666.13944,,17206.4172,,,,,,,,,,
HSS2X2X1/4,HSS,1,HSS50.8X50.8X6.4,8.050966935,50.8,50.8,,,5.9182,,,6.35,,,,,,974.1916,310924.8749232,310924.8749232,12241.136808,12241.136808,15797.129696,15797.129696,545263.167536,,23105.76024,,,,,,,,,,
HSS2X2X3/16,HSS,1,HSS50.8X50.8X4.8,6.428868236,50.8,50.8,,,4.4196,,,4.7625,,,,,,767.7404,266804.3438096,266804.3438096,10504.108024,10504.108024,13060.490008,13060.490008,453692.253904,,18681.25296,,,,,,,,,,
HSS2X2X1/8,HSS,1,HSS50.8X50.8X3.2,4.538900028,50.8,50.8,,,2.9464,,,3.175,,,,,,541.9344,202288.4728416,202288.4728416,7964.113104,7964.113104,9570.045376,9570.045376,331320.2147776,,13388.231288,,,,,,,,,,
HSS2X1-1/2X3/16,HSS,1,HSS50.8X38.1X4.8,5.476443312,50.8,38.1,,,4.4196,,,4.7625,,,,,,658.0632,206034.555672,130280.4362128,8111.59668,6833.405688,10471.333896,8537.660344,276377.6665984,,13470.166608,,,,,,,,,,
HSS2X1-1/2X1/8,HSS,1,HSS50.8X38.1X3.2,3.913871172,50.8,38.1,,,2.9464,,,3.175,,,,,,467.09584,159416.6360048,101560.4678464,6276.245512,5325.7958,7783.8554,6374.567896,206450.7870976,,9815.851336,,,,,,,,,,
HSS2X1X3/16,HSS,1,HSS50.8X25.4X4.8,4.524018388,50.8,25.4,,,4.4196,,,4.7625,,,,,,545.1602,145680.99896,46617.9196672,5735.4724,3687.0894,7865.79072,4719.474432,125285.6591056,,8275.46732,,,,,,,,,,
HSS2X1X1/8,HSS,1,HSS50.8X25.4X3.2,3.273960676,50.8,25.4,,,2.9464,,,3.175,,,,,,392.25728,116544.799168,38376.53744032,4588.37792,3015.219776,5997.665424,3654.315272,99063.0792928,,6227.08432,,,,,,,,,,
HSS1-1/2X1-1/2X1/4,HSS,1,HSS38.1X38.1X6.4,5.521088231,38.1,38.1,,,5.9182,,,6.35,,,,,,670.9664,108220.170656,108220.170656,5669.924144,5669.924144,7685.533016,7685.533016,195628.770032,,11454.557736,,,,,,,,,,
HSS1-1/2X1-1/2X3/16,HSS,1,HSS38.1X38.1X4.8,4.524018388,38.1,38.1,,,4.4196,,,4.7752,,,,,,545.1602,98230.6164416,98230.6164416,5161.92516,5161.92516,6653.147984,6653.147984,172319.8101984,,9701.141888,,,,,,,,,,
HSS1-1/2X1-1/2X1/8,HSS,1,HSS38.1X38.1X3.2,3.273960676,38.1,38.1,,,2.9464,,,3.175,,,,,,392.25728,78251.5080128,78251.5080128,4113.153064,4113.153064,5063.602776,5063.602776,131529.1304896,,7177.534032,,,,,,,,,,
HSS28.000X1.000,HSS round,1,HSS711.2X25.4,429.528759032,,,,,23.622,,711.2,25.4,,,,,,51032.156,,,,,,,6035355671.199999,,,3017677835.5999994,8488499.151999999,11175977.647999998,,,,,,,
HSS28.000X0.875,HSS round,1,HSS711.2X22.2,377.576955762,,,,,20.6756,,711.2,22.225,,,,,,44838.62,,,,,,,5369385390.239999,,,2676368066.6079993,7521662.375999999,9865012.527999999,,,,,,,
HSS28.000X0.750,HSS round,1,HSS711.2X19.0,325.134058391,,,,,17.7292,,711.2,19.05,,,,,,38580.568,,,,,,,4661791966.719999,,,2322571354.8479996,6522051.471999999,8521273.28,,,,,,,
HSS28.000X0.625,HSS round,1,HSS711.2X15.9,272.185185279,,,,,14.7574,,711.2,15.875,,,,,,32322.516,,,,,,,3916737714.895999,,,1960450014.5759995,5506053.504,7161146.967999999,,,,,,,
HSS28.000X0.500,HSS round,1,HSS711.2X12.7,218.745218065,,,,,11.811,,711.2,12.7,,,,,,25935.432,,,,,,,3175845777.327999,,,1585841731.5359995,4457281.408,5784633.591999999,,,,,,,
HSS28.000X0.375,HSS round,1,HSS711.2X9.5,164.799275111,,,,,8.8646,,711.2,9.525,,,,,,19548.348,,,,,,,2409979954.2239995,,,1207071134.2399998,3392122.248,4375346.088,,,,,,,
HSS26.000X0.750,HSS round,1,HSS660.4X19.0,301.263908736,,,,,17.7292,,660.4,19.05,,,,,,35741.864,,,,,,,3696135059.327999,,,1848067529.6639996,5604375.887999999,7325017.607999999,,,,,,,
HSS26.000X0.625,HSS round,1,HSS660.4X15.9,252.303314993,,,,,14.7574,,660.4,15.875,,,,,,29935.424,,,,,,,3121735691.999999,,,1560867845.9999995,4735861.495999999,6161536.063999999,,,,,,,
HSS26.000X0.500,HSS round,1,HSS660.4X12.7,202.836745509,,,,,11.811,,660.4,12.7,,,,,,24064.468,,,,,,,2530687067.6479993,,,1265343533.8239996,3834572.976,4965280.392,,,,,,,
HSS26.000X0.375,HSS round,1,HSS660.4X9.5,152.879081923,,,,,8.8646,,660.4,9.525,,,,,,18128.996,,,,,,,1922989186.2719996,,,961494593.1359998,2916897.392,3752637.655999999,,,,,,,
HSS26.000X0.313,HSS round,1,HSS660.4X7.9,127.699347998,,,,,7.3914,,660.4,7.9502,,,,,,15161.26,,,,,,,1614977931.3279996,,,807488965.6639998,2441672.536,3146316.288,,,,,,,
HSS24.000X1.000,HSS round,1,HSS609.6X25.4,365.894868805,,,,,23.622,,609.6,25.4,,,,,,43483.784,,,,,,,3737758201.887999,,,1868879100.9439995,6128761.936,8111596.68,,,,,,,
HSS24.000X0.875,HSS round,1,HSS609.6X22.2,321.904742634,,,,,20.6756,,609.6,22.225,,,,,,38257.988,,,,,,,3321526776.287999,,,1660763388.1439996,5440505.248,7177534.032,,,,,,,
HSS24.000X0.750,HSS round,1,HSS609.6X19.0,277.408640721,,,,,17.7292,,609.6,19.05,,,,,,32967.676,,,,,,,2888646093.663999,,,1444323046.8319995,4735861.495999999,6210697.255999999,,,,,,,
HSS24.000X0.625,HSS round,1,HSS609.6X15.9,232.421444707,,,,,14.7574,,609.6,15.875,,,,,,27612.848,,,,,,,2443278468.2719994,,,1219558077.0079997,3998443.615999999,5227473.415999999,,,,,,,
HSS24.000X0.500,HSS round,1,HSS609.6X12.7,186.928272952,,,,,11.811,,609.6,12.7,,,,,,22193.504,,,,,,,1981261585.8559995,,,990630792.9279997,3244638.672,4227862.511999999,,,,,,,
HSS24.000X0.375,HSS round,1,HSS609.6X9.5,140.944007095,,,,,8.8646,,609.6,9.525,,,,,,16709.644,,,,,,,1506757760.6719997,,,753378880.3359998,2474446.664,3195477.48,,,,,,,
HSS24.000X0.313,HSS round,1,HSS609.6X7.9,117.758412855,,,,,7.3914,,609.6,7.9502,,,,,,13935.456,,,,,,,1265343533.8239996,,,632671766.9119998,2081157.128,2671091.432,,,,,,,
HSS22.000X0.750,HSS round,1,HSS558.8X19.0,253.538491066,,,,,17.7292,,558.8,19.05,,,,,,30128.972,,,,,,,2206026555.6799994,,,1103013277.8399997,3949282.424,5194699.288,,,,,,,
HSS22.000X0.625,HSS round,1,HSS558.8X15.9,212.524692781,,,,,14.7574,,558.8,15.875,,,,,,25225.756,,,,,,,1868879100.9439995,,,932358393.3439997,3342961.056,4375346.088,,,,,,,
HSS22.000X0.500,HSS round,1,HSS558.8X12.7,171.019800395,,,,,11.811,,558.8,12.7,,,,,,20322.54,,,,,,,1519244703.4399996,,,757541194.5919998,2720252.624,3539605.824,,,,,,,
HSS22.000X0.375,HSS round,1,HSS558.8X9.5,129.008932268,,,,,8.8646,,558.8,9.525,,,,,,15290.292,,,,,,,1157123363.1679997,,,578561681.5839999,2064770.064,2671091.432,,,,,,,
HSS22.000X0.313,HSS round,1,HSS558.8X7.9,107.817477712,,,,,7.3914,,558.8,7.9502,,,,,,12774.168,,,,,,,973981535.9039998,,,486990767.9519999,1737028.784,2245027.768,,,,,,,
HSS20.000X1.000,HSS round,1,HSS508X25.4,302.260978578,,,,,23.622,,508,25.4,,,,,,35935.412,,,,,,,2114455642.0479994,,,1057227821.0239997,4162314.256,5538827.631999999,,,,,,,
HSS20.000X0.875,HSS round,1,HSS508X22.2,266.217647865,,,,,20.6756,,508,22.225,,,,,,31612.84,,,,,,,1881366043.7119997,,,940683021.8559998,3703476.464,4916119.199999999,,,,,,,
HSS20.000X0.750,HSS round,1,HSS508X19.0,229.683223051,,,,,17.7292,,508,19.05,,,,,,27290.268,,,,,,,1639951816.8639996,,,819975908.4319998,3228251.608,4260636.64,,,,,,,
HSS20.000X0.625,HSS round,1,HSS508X15.9,192.642822495,,,,,14.7574,,508,15.875,,,,,,22903.18,,,,,,,1394375275.7599998,,,695106480.7519999,2736639.688,3588767.016,,,,,,,
HSS20.000X0.500,HSS round,1,HSS508X12.7,154.769050131,,,,,11.811,,508,12.7,,,,,,18387.06,,,,,,,1132149477.6319997,,,566074738.8159999,2228640.704,2900510.328,,,,,,,
HSS20.000X0.375,HSS round,1,HSS508X9.5,117.073857441,,,,,8.8646,,508,9.525,,,,,,13870.94,,,,,,,865761365.2479998,,,432880682.6239999,1704254.656,2212253.64,,,,,,,
HSS20.000X0.313,HSS round,1,HSS508X7.9,97.876542569,,,,,7.3914,,508,7.9502,,,,,,11612.88,,,,,,,728404994.7999998,,,363786265.9743999,1432229.3936,1851738.232,,,,,,,
HSS20.000X0.250,HSS round,1,HSS508X6.4,78.545292942,,,,,5.9182,,508,6.35,,,,,,9290.304,,,,,,,586886310.0959998,,,293443155.0479999,1155288.012,1489584.1176,,,,,,,
HSS18.000X1.000,HSS round,1,HSS457.2X25.4,270.444033465,,,,,23.622,,457.2,25.4,,,,,,32193.484,,,,,,,1515082389.1839995,,,757541194.5919998,3310186.928,4440894.344,,,,,,,
HSS18.000X0.875,HSS round,1,HSS457.2X22.2,238.38898212,,,,,20.6756,,457.2,22.225,,,,,,28322.524,,,,,,,1352752133.1999996,,,678457223.7279998,2966058.584,3949282.424,,,,,,,
HSS18.000X0.750,HSS round,1,HSS457.2X19.0,205.813073396,,,,,17.7292,,457.2,19.05,,,,,,24451.564,,,,,,,1182097248.7039998,,,591048624.3519999,2589156.112,3424896.376,,,,,,,
HSS18.000X0.625,HSS round,1,HSS457.2X15.9,172.760952209,,,,,14.7574,,457.2,15.875,,,,,,20516.088,,,,,,,1007280049.9519998,,,503640024.9759999,2195866.576,2884123.264,,,,,,,
HSS18.000X0.500,HSS round,1,HSS457.2X12.7,139.202855281,,,,,11.811,,457.2,12.7,,,,,,16516.096,,,,,,,819975908.4319998,,,409987954.2159999,1786189.976,2343350.152,,,,,,,
HSS18.000X0.375,HSS round,1,HSS457.2X9.5,105.153664253,,,,,8.8646,,457.2,9.525,,,,,,12516.104,,,,,,,628509452.6559999,,,313838494.9023999,1373235.9632,1786189.976,,,,,,,
HSS18.000X0.313,HSS round,1,HSS457.2X7.9,87.935607426,,,,,7.3914,,457.2,7.9502,,,,,,10451.592,,,,,,,528613910.51199985,,,263890723.83039993,1153649.3056,1494500.2368,,,,,,,
HSS18.000X0.250,HSS round,1,HSS457.2X6.4,70.598497483,,,,,5.9182,,457.2,6.35,,,,,,8387.08,,,,,,,424556054.11199987,,,213110489.90719995,932423.9416,1202810.4976,,,,,,,
HSS16.000X1.000,HSS round,1,HSS406.4X25.4,238.627088351,,,,,23.622,,406.4,25.4,,,,,,28387.04,,,,,,,1044740878.2559998,,,520289281.9999999,2572769.048,3457670.504,,,,,,,
HSS16.000X0.875,HSS round,1,HSS406.4X22.2,210.545434736,,,,,20.6756,,406.4,22.225,,,,,,25032.208,,,,,,,932358393.3439997,,,466179196.6719999,2294188.96,3080768.032,,,,,,,
HSS16.000X0.750,HSS round,1,HSS406.4X19.0,181.95780538,,,,,17.7292,,406.4,19.05,,,,,,21612.86,,,,,,,819975908.4319998,,,409571722.7903999,2015608.872,2671091.432,,,,,,,
HSS16.000X0.625,HSS round,1,HSS406.4X15.9,153.280886188,,,,,14.7574,,406.4,15.875,,,,,,18128.996,,,,,,,699268795.0079998,,,348801934.6527999,1720641.72,2261414.832,,,,,,,
HSS16.000X0.500,HSS round,1,HSS406.4X12.7,123.294382725,,,,,11.811,,406.4,12.7,,,,,,14645.132,,,,,,,570237053.0719999,,,285118526.53599995,1404371.3848,1835351.168,,,,,,,
HSS16.000X0.438,HSS round,1,HSS406.4X11.1,108.442506568,,,,,10.3378,,406.4,11.1252,,,,,,12838.684,,,,,,,503640024.9759999,,,252236243.91359994,1242139.4512,1622319.336,,,,,,,
HSS16.000X0.375,HSS round,1,HSS406.4X9.5,93.218589425,,,,,8.8646,,406.4,9.525,,,,,,11096.752,,,,,,,437042996.8799999,,,218937729.86559996,1076630.1048,1401093.972,,,,,,,
HSS16.000X0.312,HSS round,1,HSS406.4X7.9,77.860737528,,,,,7.3914,,406.4,7.9248,,,,,,9290.304,,,,,,,368781043.0815999,,,184390521.54079995,907843.3456,1176591.1952,,,,,,,
HSS16.000X0.250,HSS round,1,HSS406.4X6.4,62.636820385,,,,,5.9182,,406.4,6.35,,,,,,7419.34,,,,,,,298437932.15519994,,,149427081.79039997,734140.4672,948811.0056,,,,,,,
HSS14.000X1.000,HSS round,1,HSS355.6X25.4,206.810143238,,,,,23.622,,355.6,25.4,,,,,,24645.112,,,,,,,682619537.9839998,,,341309768.9919999,1917286.488,2605543.176,,,,,,,
HSS14.000X0.875,HSS round,1,HSS355.6X22.2,182.701887352,,,,,20.6756,,355.6,22.225,,,,,,21741.892,,,,,,,611860195.6319999,,,305930097.8159999,1720641.72,2326963.088,,,,,,,
HSS14.000X0.750,HSS round,1,HSS355.6X19.0,158.087655725,,,,,17.7292,,355.6,19.05,,,,,,18774.156,,,,,,,536938539.0239999,,,269301732.36319995,1514164.7136,2031995.936,,,,,,,
HSS14.000X0.625,HSS round,1,HSS355.6X15.9,132.982329997,,,,,14.7574,,355.6,15.875,,,,,,15806.42,,,,,,,457854568.1599999,,,229759746.93119994,1292939.3496,1720641.72,,,,,,,
HSS14.000X0.500,HSS round,1,HSS355.6X12.7,107.385910168,,,,,11.811,,355.6,12.7,,,,,,12774.168,,,,,,,377521903.0191999,,,188552835.79679996,1061881.7472,1396177.8528,,,,,,,
HSS14.000X0.375,HSS round,1,HSS355.6X9.5,81.283514598,,,,,8.8646,,355.6,9.525,,,,,,9677.4,,,,,,,290529535.0687999,,,145264767.53439996,816075.7872,1066797.8664,,,,,,,
HSS14.000X0.312,HSS round,1,HSS355.6X7.9,67.934684024,,,,,7.3914,,355.6,7.9248,,,,,,8064.5,,,,,,,245160309.67839995,,,122788270.55199997,689895.3944,896372.4008,,,,,,,
HSS14.000X0.250,HSS round,1,HSS355.6X6.4,54.690024926,,,,,5.9182,,355.6,6.35,,,,,,6516.116,,,,,,,198958621.43679994,,,99479310.71839997,558798.8824,724308.2288,,,,,,,
HSS14.000X0.188,HSS round,1,HSS355.6X4.8,41.207259597,,,,,4.4196,,355.6,4.7752,,,,,,4883.8612,,,,,,,150675776.06719998,,,75337888.03359999,424424.9576,545689.2312,,,,,,,
HSS13.375X0.625,HSS round,1,HSS340.36X15.9,126.776686353,,,,,14.7574,,340.36,15.875,,,,,,15096.744,,,,,,,398749705.72479993,,,199374852.86239997,1173313.7824,1560048.4928,,,,,,,
HSS13.375X0.500,HSS round,1,HSS340.36X12.7,102.415442596,,,,,11.811,,340.36,12.7,,,,,,12193.524,,,,,,,327574131.94719994,,,163578950.26079997,963559.3632,1269997.46,,,,,,,
HSS13.375X0.375,HSS round,1,HSS340.36X9.5,77.548223099,,,,,8.8646,,340.36,9.525,,,,,,9225.788,,,,,,,252236243.91359994,,,126118121.95679997,742333.9992,970114.1888,,,,,,,
HSS13.375X0.313,HSS round,1,HSS340.36X7.9,64.943474497,,,,,7.3914,,340.36,7.9502,,,,,,7677.404,,,,,,,213110489.90719995,,,106555244.95359997,625985.8448,816075.7872,,,,,,,
HSS13.375X0.250,HSS round,1,HSS340.36X6.4,52.20479114,,,,,5.9182,,340.36,6.35,,,,,,6193.536,,,,,,,172736041.62399995,,,86159905.09919998,507998.984,658759.9728,,,,,,,
HSS13.375X0.188,HSS round,1,HSS340.36X4.8,39.332173029,,,,,4.4196,,340.36,4.7752,,,,,,4664.5068,,,,,,,131112899.06399997,,,65764565.24479999,386734.7104,498166.7456,,,,,,,
HSS12.750X0.750,HSS round,1,HSS323.9X19.0,143.176253011,,,,,17.7292,,325.12,19.05,,,,,,17032.224,,,,,,,400414631.4271999,,,200207315.71359995,1237223.332,1655093.464,,,,,,,
HSS12.750X0.625,HSS round,1,HSS323.9X15.9,120.556161069,,,,,14.7574,,325.12,15.875,,,,,,14322.552,,,,,,,342974694.6943999,,,171487347.34719995,1060243.0408,1410926.2104,,,,,,,
HSS12.750X0.500,HSS round,1,HSS323.9X12.7,97.444975025,,,,,11.811,,325.12,12.7,,,,,,11548.364,,,,,,,282204906.55679995,,,141102453.27839997,871791.8048,1150371.8928,,,,,,,
HSS12.750X0.375,HSS round,1,HSS323.9X9.5,73.82781324,,,,,8.8646,,325.12,9.525,,,,,,8774.176,,,,,,,217689035.58879995,,,109052633.50719997,671869.624,879985.3368,,,,,,,
HSS12.750X0.250,HSS round,1,HSS323.9X6.4,49.719557355,,,,,5.9182,,325.12,6.35,,,,,,5909.6656,,,,,,,149427081.79039997,,,74921656.60799998,462115.2048,598127.836,,,,,,,
HSS12.750X0.188,HSS round,1,HSS323.9X4.8,37.471968099,,,,,4.4196,,325.12,4.7752,,,,,,4445.1524,,,,,,,113214947.76319997,,,56607473.881599985,350683.1696,452282.9664,,,,,,,
HSS12.000X0.625,HSS round,1,HSS304.8X15.9,113.100459711,,,,,14.7574,,304.8,15.875,,,,,,13483.844,,,,,,,283453600.8335999,,,141934916.12959996,930785.2352,1243778.1576,,,,,,,
HSS12.000X0.500,HSS round,1,HSS304.8X12.7,91.477437611,,,,,11.811,,304.8,12.7,,,,,,10903.204,,,,,,,233505829.76159996,,,116961030.59359998,766914.5952,1014359.2616,,,,,,,
HSS12.000X0.375,HSS round,1,HSS304.8X9.5,69.34843977,,,,,8.8646,,304.8,9.525,,,,,,8258.048,,,,,,,180644438.71039996,,,90322219.35519998,591573.0104,776746.8336,,,,,,,
HSS12.000X0.250,HSS round,1,HSS304.8X6.4,46.728347828,,,,,5.9182,,304.8,6.35,,,,,,5548.376,,,,,,,124036964.82879996,,,62018482.41439998,406399.1872,527663.4608,,,,,,,
HSS11.750X0.625,HSS round,1,HSS299.72X15.9,110.615225926,,,,,14.7574,,299.72,15.875,,,,,,13161.264,,,,,,,265555649.53279993,,,132777824.76639996,889817.5752,1189700.8464,,,,,,,
HSS11.750X0.500,HSS round,1,HSS299.72X12.7,89.483297927,,,,,11.811,,299.72,12.7,,,,,,10645.14,,,,,,,218937729.86559996,,,109468864.93279998,732501.7608,971752.8952,,,,,,,
HSS11.750X0.375,HSS round,1,HSS299.72X9.5,67.860275827,,,,,8.8646,,299.72,9.525,,,,,,8064.5,,,,,,,168989958.79359996,,,84494979.39679998,566992.4144,742333.9992,,,,,,,
HSS11.750X0.337,HSS round,1,HSS299.72X8.6,61.19330136,,,,,7.9502,,299.72,8.5598,,,,,,7290.308,,,,,,,153173164.62079996,,,76586582.31039998,514553.8096,671869.624,,,,,,,
HSS11.750X0.250,HSS round,1,HSS299.72X6.4,45.731277986,,,,,5.9182,,299.72,6.35,,,,,,5425.7956,,,,,,,116128567.74239998,,,58272399.583999984,390012.1232,504721.5712,,,,,,,
HSS10.750X0.625,HSS round,1,HSS273.1X15.9,100.674290782,,,,,14.7574,,274.32,15.875,,,,,,11999.976,,,,,,,200623547.13919994,,,100311773.56959997,734140.4672,986501.2528,,,,,,,
HSS10.750X0.500,HSS round,1,HSS273.1X12.7,81.536502468,,,,,11.811,,274.32,12.7,,,,,,9677.4,,,,,,,165660107.38879997,,,82830053.69439998,606321.368,806243.5488,,,,,,,
HSS10.750X0.375,HSS round,1,HSS273.1X9.5,61.892738413,,,,,8.8646,,274.32,9.525,,,,,,7354.824,,,,,,,128615510.51039997,,,64099639.54239999,470308.7368,619431.0192,,,,,,,
HSS10.750X0.313,HSS round,1,HSS273.1X7.9,51.892276712,,,,,7.3914,,274.32,7.9502,,,,,,6161.278,,,,,,,108636402.08159998,,,54526316.75359999,398205.6552,521108.6352,,,,,,,
HSS10.750X0.250,HSS round,1,HSS273.1X6.4,41.757880257,,,,,5.9182,,274.32,6.35,,,,,,4967.732,,,,,,,88657293.65279998,,,44120531.113599986,324463.8672,422786.2512,,,,,,,
HSS10.750X0.188,HSS round,1,HSS273.1X4.8,31.504430685,,,,,4.4196,,274.32,4.7752,,,,,,3735.4764,,,,,,,67429490.94719999,,,33714745.47359999,247444.6664,319547.748,,,,,,,
HSS10.000X0.625,HSS round,1,HSS254X15.9,93.218589425,,,,,14.7574,,254,15.875,,,,,,11096.752,,,,,,,159416636.00479996,,,79500202.28959998,627624.5512,845572.5024,,,,,,,
HSS10.000X0.500,HSS round,1,HSS254X12.7,75.568965054,,,,,11.811,,254,12.7,,,,,,8967.724,,,,,,,131945361.91519997,,,66180796.670399986,519469.9288,693172.8072,,,,,,,
HSS10.000X0.375,HSS round,1,HSS254X9.5,57.413364943,,,,,8.8646,,254,9.525,,,,,,6838.696,,,,,,,102809162.12319997,,,51196465.34879999,404760.4808,532579.58,,,,,,,
HSS10.000X0.312,HSS round,1,HSS254X7.9,48.082577017,,,,,7.3914,,254,7.9248,,,,,,5729.0208,,,,,,,86992367.95039998,,,43704299.687999986,342489.6376,449005.5536,,,,,,,
HSS10.000X0.250,HSS round,1,HSS254X6.4,38.781552369,,,,,5.9182,,254,6.35,,,,,,4612.894,,,,,,,71175573.77759999,,,35504540.60367999,280218.7944,363792.8208,,,,,,,
HSS10.000X0.188,HSS round,1,HSS254X4.8,29.346592967,,,,,4.4196,,254,4.7752,,,,,,3464.5092,,,,,,,54110085.32799999,,,26971796.378879994,213031.832,275302.6752,,,,,,,
HSS9.625X0.625,HSS round,1,HSS244.5X15.9,89.483297927,,,,,14.7574,,244.602,15.875,,,,,,10645.14,,,,,,,141102453.27839997,,,70759342.35199998,576824.6528,780024.2464,,,,,,,
HSS9.625X0.500,HSS round,1,HSS244.5X12.7,72.577755528,,,,,11.811,,244.602,12.7,,,,,,8645.144,,,,,,,116961030.59359998,,,58688631.00959998,478502.2688,639095.496,,,,,,,
HSS9.625X0.375,HSS round,1,HSS244.5X9.5,55.181119028,,,,,8.8646,,244.602,9.525,,,,,,6580.632,,,,,,,91154682.20639998,,,45785456.81599999,373625.0592,491611.92,,,,,,,
HSS9.625X0.312,HSS round,1,HSS244.5X7.9,46.222372087,,,,,7.3914,,244.602,7.9248,,,,,,5503.2148,,,,,,,77419045.16159998,,,38709522.58079999,316270.3352,416231.4256,,,,,,,
HSS9.625X0.250,HSS round,1,HSS244.5X6.4,37.293388426,,,,,5.9182,,244.602,6.35,,,,,,4432.2492,,,,,,,63267176.69119999,,,31591965.203039996,258915.6112,337573.5184,,,,,,,
HSS9.625X0.188,HSS round,1,HSS244.5X4.8,28.23047001,,,,,4.4196,,244.602,4.7752,,,,,,3335.4772,,,,,,,47866613.94399999,,,24016553.257119995,196644.768,253999.492,,,,,,,
HSS8.625X0.625,HSS round,1,HSS219.1X15.9,79.542362784,,,,,14.7574,,219.202,15.875,,,,,,9483.852,,,,,,,99479310.71839997,,,49531539.64639999,453921.6728,617792.3128,,,,,,,
HSS8.625X0.500,HSS round,1,HSS219.1X12.7,64.630960069,,,,,11.811,,219.202,12.7,,,,,,7677.404,,,,,,,82830053.69439998,,,41623142.55999999,378541.1784,507998.984,,,,,,,
HSS8.625X0.375,HSS round,1,HSS219.1X9.5,49.213581614,,,,,8.8646,,219.202,9.525,,,,,,5851.6012,,,,,,,64932102.39359999,,,32382804.91167999,294967.152,391650.8296,,,,,,,
HSS8.625X0.322,HSS round,1,HSS219.1X8.2,42.531725507,,,,,7.62,,219.202,8.1788,,,,,,5064.506,,,,,,,56607473.881599985,,,28345360.08335999,258915.6112,340850.9312,,,,,,,
HSS8.625X0.250,HSS round,1,HSS219.1X6.4,33.305109057,,,,,5.9182,,219.202,6.35,,,,,,3961.2824,,,,,,,44952993.96479999,,,22518120.124959994,204838.3,268747.8496,,,,,,,
HSS8.625X0.188,HSS round,1,HSS219.1X4.8,25.239260483,,,,,4.4196,,219.202,4.7752,,,,,,2980.6392,,,,,,,34339092.61199999,,,17190357.877279993,156824.20248,203199.5936,,,,,,,
HSS7.500X0.500,HSS round,1,HSS190.5X12.7,55.687094768,,,,,11.811,,190.5,12.7,,,,,,6645.148,,,,,,,53277622.47679999,,,26597188.095839992,278580.088,376902.472,,,,,,,
HSS7.500X0.375,HSS round,1,HSS190.5X9.5,42.501962228,,,,,8.8646,,190.5,9.525,,,,,,5058.0544,,,,,,,41623142.55999999,,,20894817.565119997,219586.6576,293328.4456,,,,,,,
HSS7.500X0.312,HSS round,1,HSS190.5X7.9,35.671289727,,,,,7.3914,,190.5,7.9248,,,,,,4251.6044,,,,,,,35712656.31647999,,,17856328.158239994,186812.5296,247444.6664,,,,,,,
HSS7.500X0.250,HSS round,1,HSS190.5X6.4,28.840617226,,,,,5.9182,,190.5,6.35,,,,,,3432.2512,,,,,,,29261069.219679993,,,14651346.181119997,153546.78968,201560.8872,,,,,,,
HSS7.500X0.188,HSS round,1,HSS190.5X4.8,21.87600997,,,,,4.4196,,190.5,4.7752,,,,,,2580.64,,,,,,,22393250.697279993,,,11196625.348639997,117495.24888,153055.17776,,,,,,,
HSS7.000X0.500,HSS round,1,HSS177.8X12.7,51.6988154,,,,,11.811,,177.8,12.7,,,,,,6161.278,,,,,,,42455605.41119999,,,21311048.990719996,239251.1344,326102.5736,,,,,,,
HSS7.000X0.375,HSS round,1,HSS177.8X9.5,39.525634341,,,,,8.8646,,177.8,9.525,,,,,,4703.2164,,,,,,,33673122.331039995,,,16815749.594239995,190089.9424,253999.492,,,,,,,
HSS7.000X0.312,HSS round,1,HSS177.8X7.9,33.200937581,,,,,7.3914,,177.8,7.9248,,,,,,3954.8308,,,,,,,28761591.50895999,,,14401607.325759998,161904.19232,214670.5384,,,,,,,
HSS7.000X0.250,HSS round,1,HSS177.8X6.4,26.846477542,,,,,5.9182,,177.8,6.35,,,,,,3193.542,,,,,,,23641944.974079993,,,11820972.487039996,132899.08904,175341.5848,,,,,,,
HSS7.000X0.188,HSS round,1,HSS177.8X4.8,20.372964387,,,,,4.4196,,177.8,4.7752,,,,,,2406.4468,,,,,,,18106067.013599996,,,9032221.935519997,101763.66744,132899.08904,,,,,,,
HSS7.000X0.125,HSS round,1,HSS177.8X3.2,13.676226641,,,,,2.9464,,177.8,3.175,,,,,,1619.3516,,,,,,,12362073.340319997,,,6201848.241439999,69645.022,90128.852,,,,,,,
HSS6.875X0.375,HSS round,1,HSS174.6X9.5,38.781552369,,,,,8.8646,,174.752,9.525,,,,,,4619.3456,,,,,,,31800080.915839996,,,15900040.457919998,181896.4104,244167.2536,,,,,,,
HSS6.875X0.312,HSS round,1,HSS174.6X7.9,32.575908725,,,,,7.3914,,174.752,7.9248,,,,,,3883.8632,,,,,,,27221535.234239995,,,13610767.617119998,155840.97864,206477.0064,,,,,,,
HSS6.875X0.250,HSS round,1,HSS174.6X6.4,26.355383441,,,,,5.9182,,174.752,6.35,,,,,,3135.4776,,,,,,,22351627.554719996,,,11155002.206079997,127982.96984,168786.7592,,,,,,,
HSS6.875X0.188,HSS round,1,HSS174.6X4.8,20.000923402,,,,,4.4196,,174.752,4.7752,,,,,,2361.2856,,,,,,,17107111.592159998,,,8574367.367359998,98158.51336,127982.96984,,,,,,,
HSS6.625X0.500,HSS round,1,HSS168.3X12.7,48.722487512,,,,,11.811,,168.402,12.7,,,,,,5806.44,,,,,,,35754279.45903999,,,17856328.158239994,213031.832,290051.0328,,,,,,,
HSS6.625X0.432,HSS round,1,HSS168.3X11,42.561488786,,,,,10.2108,,168.402,10.9728,,,,,,5070.9576,,,,,,,31800080.915839996,,,15900040.457919998,188451.236,255638.1984,,,,,,,
HSS6.625X0.375,HSS round,1,HSS168.3X9.5,37.293388426,,,,,8.8646,,168.402,9.525,,,,,,4438.7008,,,,,,,28303736.940799993,,,14151868.470399996,168786.7592,226141.4832,,,,,,,
HSS6.625X0.312,HSS round,1,HSS168.3X7.9,31.340732652,,,,,7.3914,,168.402,7.9248,,,,,,3735.4764,,,,,,,24224668.969919994,,,12112334.484959997,144042.29256,191728.6488,,,,,,,
HSS6.625X0.280,HSS round,1,HSS168.3X7.1,28.260233288,,,,,6.604,,168.402,7.112,,,,,,3354.832,,,,,,,21935396.129119996,,,10988509.635839997,130441.02944,172064.172,,,,,,,
HSS6.625X0.250,HSS round,1,HSS168.3X6.4,25.358313598,,,,,5.9182,,168.402,6.35,,,,,,3019.3488,,,,,,,19937485.286239993,,,9947931.071839998,118314.60208,156004.84928,,,,,,,
HSS6.625X0.188,HSS round,1,HSS168.3X4.8,19.25684143,,,,,4.4196,,168.402,4.7752,,,,,,2277.4148,,,,,,,15275693.319519997,,,7658658.231039997,90784.33456,118642.34336,,,,,,,
HSS6.625X0.125,HSS round,1,HSS168.3X3.2,12.93214467,,,,,2.9464,,168.402,3.175,,,,,,1529.0292,,,,,,,10447408.782559998,,,5244515.962559999,62106.97256,80624.35488,,,,,,,
HSS6.000X0.500,HSS round,1,HSS152.4X12.7,43.752019941,,,,,11.811,,152.4,12.7,,,,,,5219.3444,,,,,,,25972840.957439993,,,12986420.478719996,170425.4656,234335.0152,,,,,,,
HSS6.000X0.375,HSS round,1,HSS152.4X9.5,33.558096927,,,,,8.8646,,152.4,9.525,,,,,,3999.992,,,,,,,20686701.852319997,,,10322539.354879998,135684.88992,183535.1168,,,,,,,
HSS6.000X0.312,HSS round,1,HSS152.4X7.9,28.23047001,,,,,7.3914,,152.4,7.9248,,,,,,3367.7352,,,,,,,17731458.730559997,,,8865729.365279999,116512.02504,155513.23736,,,,,,,
HSS6.000X0.280,HSS round,1,HSS152.4X7.1,25.477366714,,,,,6.604,,152.4,7.112,,,,,,3025.8004,,,,,,,16108156.170719998,,,8033266.514079998,105696.5628,140437.13848,,,,,,,
HSS6.000X0.250,HSS round,1,HSS152.4X6.4,22.873079813,,,,,5.9182,,152.4,6.35,,,,,,2722.5752,,,,,,,14651346.181119997,,,7325673.090559999,96028.19504,126999.746,,,,,,,
HSS6.000X0.188,HSS round,1,HSS152.4X4.8,17.381754861,,,,,4.4196,,152.4,4.7752,,,,,,2051.6088,,,,,,,11238248.491199998,,,5619124.245599999,73905.65864,96847.54824,,,,,,,
HSS6.000X0.125,HSS round,1,HSS152.4X3.2,11.682086957,,,,,2.9464,,152.4,3.175,,,,,,1380.6424,,,,,,,7741904.516159999,,,3862627.629567999,50636.02776,65875.99728,,,,,,,
HSS5.563X0.500,HSS round,1,HSS141.3X12.7,40.269716313,,,,,11.811,,141.224,12.7,,,,,,4806.442,,,,,,,20312093.569279995,,,10156046.784639997,143714.55128,198283.4744,,,,,,,
HSS5.563X0.375,HSS round,1,HSS141.3X9.5,30.953810026,,,,,8.8646,,141.224,9.525,,,,,,3690.3152,,,,,,,16233025.598399997,,,8116512.799199998,115037.18928,155677.108,,,,,,,
HSS5.563X0.258,HSS round,1,HSS141.3X6.6,21.771838494,,,,,6.096,,141.224,6.5532,,,,,,2587.0916,,,,,,,11862595.629599998,,,5910486.243519998,83901.76768,111432.0352,,,,,,,
HSS5.563X0.188,HSS round,1,HSS141.3X4.8,16.072170591,,,,,4.4196,,141.224,4.7752,,,,,,1903.222,,,,,,,8907352.507839996,,,4453676.253919998,63090.1964,82754.6732,,,,,,,
HSS5.563X0.134,HSS round,1,HSS141.3X3.4,11.577915481,,,,,3.1496,,141.224,3.4036,,,,,,1367.7392,,,,,,,6534833.381919998,,,3263254.376703999,46211.52048,60140.52488,,,,,,,
HSS5.500X0.500,HSS round,1,HSS139.7X12.7,39.778622212,,,,,11.811,,139.7,12.7,,,,,,4748.3776,,,,,,,19562877.003199995,,,9781438.501599997,140109.3972,193367.3552,,,,,,,
HSS5.500X0.375,HSS round,1,HSS139.7X9.5,30.58176904,,,,,8.8646,,139.7,9.525,,,,,,3645.154,,,,,,,15650301.602559997,,,7825150.801279998,112087.51776,151908.08328,,,,,,,
HSS5.500X0.258,HSS round,1,HSS139.7X6.6,21.518850624,,,,,6.096,,139.7,6.5532,,,,,,2561.2852,,,,,,,11446364.203999998,,,5702370.530719998,81935.32,108810.10496,,,,,,,
HSS5.000X0.500,HSS round,1,HSS127X12.7,35.790342843,,,,,11.811,,127,12.7,,,,,,4270.9592,,,,,,,14318361.040639997,,,7159180.520319998,112743.00032,157315.8144,,,,,,,
HSS5.000X0.375,HSS round,1,HSS127X9.5,27.590559514,,,,,8.8646,,127,9.525,,,,,,3290.316,,,,,,,11529610.489119997,,,5785616.815839998,90948.2052,123886.20384,,,,,,,
HSS5.000X0.312,HSS round,1,HSS127X7.9,23.274884077,,,,,7.3914,,127,7.9248,,,,,,2774.188,,,,,,,9989554.214399997,,,4994777.107199999,78494.03656,105860.43344,,,,,,,
HSS5.000X0.258,HSS round,1,HSS127X6.6,19.465184382,,,,,6.096,,127,6.5532,,,,,,2316.1244,,,,,,,8491121.082239997,,,4245560.541119998,66859.22112,89145.62816,,,,,,,
HSS5.000X0.250,HSS round,1,HSS127X6.4,18.884800444,,,,,5.9182,,127,6.35,,,,,,2251.6084,,,,,,,8283005.369439998,,,4137340.370463999,65056.64408,86851.4392,,,,,,,
HSS5.000X0.188,HSS round,1,HSS127X4.8,14.390545334,,,,,4.4196,,127,4.7752,,,,,,1703.2224,,,,,,,6409963.954239999,,,3200819.662864,50472.15712,66367.6092,,,,,,,
HSS5.000X0.125,HSS round,1,HSS127X3.2,9.687947273,,,,,2.9464,,127,3.175,,,,,,1148.3848,,,,,,,4412053.111359999,,,2210188.869935999,34740.57568,45392.16728,,,,,,,
HSS4.500X0.375,HSS round,1,HSS114.3X9.5,24.614231627,,,,,8.8646,,114.3,9.525,,,,,,2935.478,,,,,,,8199759.084319998,,,4108204.170671999,71939.21096,98813.99592,,,,,,,
HSS4.500X0.337,HSS round,1,HSS114.3X8.6,22.322459154,,,,,7.9502,,114.3,8.5598,,,,,,2658.0592,,,,,,,7533788.803359998,,,3775219.030191999,66039.86792,90128.852,,,,,,,
HSS4.500X0.237,HSS round,1,HSS114.3X6,16.072170591,,,,,5.588,,114.3,6.0198,,,,,,1909.6736,,,,,,,5660747.388159999,,,2826211.379823999,49488.93328,66039.86792,,,,,,,
HSS4.500X0.188,HSS round,1,HSS114.3X4.8,12.902381391,,,,,4.4196,,114.3,4.7752,,,,,,1522.5776,,,,,,,4620168.824159998,,,2305922.097823999,40312.17744,53421.82864,,,,,,,
HSS4.500X0.125,HSS round,1,HSS114.3X3.2,8.70575907,,,,,2.9464,,114.3,3.175,,,,,,1032.256,,,,,,,3196657.348607999,,,1598328.674304,28021.87944,36543.15272,,,,,,,
HSS4.000X0.313,HSS round,1,HSS101.6X8,18.363943064,,,,,7.3914,,101.6,7.9502,,,,,,2187.0924,,,,,,,4869907.679519999,,,2443278.468272,48014.09752,65712.12664,,,,,,,
HSS4.000X0.250,HSS round,1,HSS101.6X6.4,14.881639436,,,,,5.9182,,101.6,6.35,,,,,,1780.6416,,,,,,,4087392.599391999,,,2043696.299696,40148.3068,54241.18184,,,,,,,
HSS4.000X0.237,HSS round,1,HSS101.6X6,14.182202382,,,,,5.588,,101.6,6.0198,,,,,,1683.8676,,,,,,,3895926.143615999,,,1947963.071807999,38345.72976,51619.2516,,,,,,,
HSS4.000X0.226,HSS round,1,HSS101.6X5.7,13.572055165,,,,,5.334,,101.6,5.7404,,,,,,1612.9,,,,,,,3750245.144655999,,,1873041.415199999,36870.894,49488.93328,,,,,,,
HSS4.000X0.220,HSS round,1,HSS101.6X5.6,13.229777458,,,,,5.207,,101.6,5.588,,,,,,1574.1904,,,,,,,3675323.488047999,,,1835580.586896,36215.41144,48505.70944,,,,,,,
HSS4.000X0.188,HSS round,1,HSS101.6X4.8,11.399335808,,,,,4.4196,,101.6,4.7752,,,,,,1348.3844,,,,,,,3192495.034351999,,,1594166.360048,31463.16288,41787.0132,,,,,,,
HSS4.000X0.125,HSS round,1,HSS101.6X3.2,7.708689228,,,,,2.9464,,101.6,3.175,,,,,,916.1272,,,,,,,2222675.812703999,,,1111337.906352,21958.66576,28677.362,,,,,,,
HSS3.500X0.313,HSS round,1,HSS88.9X8,15.863827638,,,,,7.3914,,88.9,7.9502,,,,,,1890.3188,,,,,,,3167521.148815999,,,1585841.731536,35723.79952,49161.192,,,,,,,
HSS3.500X0.300,HSS round,1,HSS88.9X7.6,15.268562061,,,,,7.0866,,88.9,7.62,,,,,,1819.3512,,,,,,,3071787.920927999,,,1535893.960464,34576.70504,47522.4856,,,,,,,
HSS3.500X0.250,HSS round,1,HSS88.9X6.4,12.93214467,,,,,5.9182,,88.9,6.35,,,,,,1541.9324,,,,,,,2668043.438095999,,,1336102.876176,29988.32712,40803.78936,,,,,,,
HSS3.500X0.216,HSS round,1,HSS88.9X5.5,11.280282692,,,,,5.1054,,88.9,5.4864,,,,,,1341.9328,,,,,,,2368356.811664,,,1182097.248704,26710.91432,35887.67016,,,,,,,
HSS3.500X0.203,HSS round,1,HSS88.9X5.2,10.640372197,,,,,4.8006,,88.9,5.1562,,,,,,1270.9652,,,,,,,2251812.012496,,,1123824.84912,25236.07856,33921.22248,,,,,,,
HSS3.500X0.188,HSS round,1,HSS88.9X4.8,9.911171864,,,,,4.4196,,88.9,4.7752,,,,,,1174.1912,,,,,,,2097806.385023999,,,1048903.192512,23597.37216,31627.03352,,,,,,,
HSS3.500X0.125,HSS round,1,HSS88.9X3.2,6.711619385,,,,,2.9464,,88.9,3.175,,,,,,793.5468,,,,,,,1469296.932368,,,736729.623312,16550.93464,21794.79512,,,,,,,
HSS3.000X0.250,HSS round,1,HSS76.2X6.4,10.938004985,,,,,5.9182,,76.2,6.35,,,,,,1309.6748,,,,,,,1623302.55984,,,811651.27992,21303.1832,29332.84456,,,,,,,
HSS3.000X0.216,HSS round,1,HSS76.2X5.5,9.568894157,,,,,5.1054,,76.2,5.4864,,,,,,1141.9332,,,,,,,1448485.361088,,,724242.680544,19008.99424,25891.56112,,,,,,,
HSS3.000X0.203,HSS round,1,HSS76.2X5.2,9.033155137,,,,,4.8006,,76.2,5.1562,,,,,,1077.4172,,,,,,,1377726.018736,,,690944.166496,18025.7704,24580.596,,,,,,,
HSS3.000X0.188,HSS round,1,HSS76.2X4.8,8.408126281,,,,,4.4196,,76.2,4.7752,,,,,,993.5464,,,,,,,1290317.41936,,,645158.70968,16878.67592,22778.01896,,,,,,,
HSS3.000X0.152,HSS round,1,HSS76.2X3.9,6.890199059,,,,,3.5814,,76.2,3.8608,,,,,,819.3532,,,,,,,1078039.392304,,,541100.85328,14174.81036,18845.1236,,,,,,,
HSS3.000X0.134,HSS round,1,HSS76.2X3.4,6.116353808,,,,,3.1496,,76.2,3.4036,,,,,,722.5792,,,,,,,965656.907392,,,482828.453696,12683.587536,16878.67592,,,,,,,
HSS3.000X0.125,HSS round,1,HSS76.2X3.2,5.714549543,,,,,2.9464,,76.2,3.175,,,,,,677.418,,,,,,,911546.822064,,,453692.253904,11962.55672,15813.51676,,,,,,,
HSS2.875X0.250,HSS round,1,HSS73X6.4,10.446910884,,,,,5.9182,,73.152,6.35,,,,,,1245.1588,,,,,,,1415186.84704,,,707593.42352,19336.73552,26710.91432,,,,,,,
HSS2.875X0.203,HSS round,1,HSS73X5.2,8.631350873,,,,,4.8006,,73.152,5.1562,,,,,,1025.8044,,,,,,,1202908.819984,,,603535.56712,16550.93464,22450.27768,,,,,,,
HSS2.875X0.188,HSS round,1,HSS73X4.8,8.036085295,,,,,4.4196,,73.152,4.7752,,,,,,954.8368,,,,,,,1123824.84912,,,561912.42456,15420.227224,20811.57128,,,,,,,
HSS2.875X0.125,HSS round,1,HSS73X3.2,5.461561673,,,,,2.9464,,73.152,3.175,,,,,,651.6116,,,,,,,799164.337152,,,398749.7057248,10930.171688,14486.164576,,,,,,,
HSS2.500X0.250,HSS round,1,HSS63.5X6.4,8.943865301,,,,,5.9182,,63.5,6.35,,,,,,1070.9656,,,,,,,894897.56504,,,449529.939648,14125.649168,19664.4768,,,,,,,
HSS2.500X0.188,HSS round,1,HSS63.5X4.8,6.919962338,,,,,4.4196,,63.5,4.7752,,,,,,819.3532,,,,,,,720080.366288,,,360040.183144,11339.848288,15453.001352,,,,,,,
HSS2.500X0.125,HSS round,1,HSS63.5X3.2,4.717479701,,,,,2.9464,,63.5,3.175,,,,,,560.64404,,,,,,,516126.967744,,,257647.2524464,8111.59668,10815.46224,,,,,,,
HSS2.375X0.250,HSS round,1,HSS60.3X6.4,8.452771199,,,,,5.9182,,60.452,6.35,,,,,,1012.9012,,,,,,,757541.194592,,,378770.597296,12552.491024,17534.15848,,,,,,,
HSS2.375X0.218,HSS round,1,HSS60.3X5.5,7.485464636,,,,,5.1562,,60.452,5.5372,,,,,,896.7724,,,,,,,686781.85224,,,342974.6946944,11372.622416,15731.58144,,,,,,,
HSS2.375X0.188,HSS round,1,HSS60.3X4.8,6.547921352,,,,,4.4196,,60.452,4.7752,,,,,,774.192,,,,,,,611860.195632,,,305097.6349648,10110.818488,13847.06908,,,,,,,
HSS2.375X0.154,HSS round,1,HSS60.3X3.9,5.446680033,,,,,3.6322,,60.452,3.9116,,,,,,645.16,,,,,,,520289.282,,,260977.1038512,8652.369792,11683.976632,,,,,,,
HSS2.375X0.125,HSS round,1,HSS60.3X3.2,4.47937347,,,,,2.9464,,60.452,3.175,,,,,,530.96668,,,,,,,437042.99688,,,219353.9612912,7259.469352,9701.141888,,,,,,,
HSS1.900X0.188,HSS round,1,HSS48.3X4.8,5.119283966,,,,,4.4196,,48.26,4.7752,,,,,,608.38588,,,,,,,295524.312176,,,147762.156088,6128.761936,8521.27328,,,,,,,
HSS1.900X0.145,HSS round,1,HSS48.3X3.7,4.047805927,,,,,3.429,,48.26,3.683,,,,,,483.22484,,,,,,,243911.6154016,,,121955.8077008,5063.602776,6898.953944,,,,,,,
HSS1.900X0.120,HSS round,1,HSS48.3X3.0,3.393013791,,,,,2.8194,,48.26,3.048,,,,,,402.57984,,,,,,,208531.9442256,,,104474.0878256,4326.184896,5833.794784,,,,,,,
HSS1.660X0.140,HSS round,1,HSS42.2X3.6,3.378132152,,,,,3.302,,42.164,3.556,,,,,,403.225,,,,,,,153173.1646208,,,76586.5823104,3637.928208,4998.05452,,,,,,,
Pipe26STD,PIPE,1,Pipe650STD,153.280886188,,,,,8.8646,,660.4,9.525,,,,,,18193.512,,,,,,,1931313814.7839994,,,965656907.3919997,2916897.392,3769024.72,,,,,,,
Pipe24STD,PIPE,1,Pipe600STD,140.929125456,,,,,8.8646,,609.6,9.525,,,,,,16774.16,,,,,,,1515082389.1839995,,,757541194.5919998,2490833.728,3211864.544,,,,,,,
Pipe20STD,PIPE,1,Pipe500STD,117.118502359,,,,,8.8646,,508,9.525,,,,,,13935.456,,,,,,,869923679.5039998,,,432880682.6239999,1704254.656,2212253.64,,,,,,,
Pipe18STD,PIPE,1,Pipe450STD,105.21319081,,,,,8.8646,,457.2,9.525,,,,,,12516.104,,,,,,,628509452.6559999,,,314670957.75359994,1376513.376,1786189.976,,,,,,,
Pipe16STD,PIPE,1,Pipe400STD,93.159062867,,,,,8.8646,,406.4,9.525,,,,,,11096.752,,,,,,,437042996.8799999,,,219353961.29119995,1079907.5176,1404371.3848,,,,,,,
Pipe14STD,PIPE,1,Pipe350STD,81.253751319,,,,,8.8646,,355.6,9.525,,,,,,9677.4,,,,,,,291361997.91999996,,,145680998.95999998,819353.2,1068436.5728,,,,,,,
Pipe12STD,PIPE,1,Pipe300STD,73.812931601,,,,,8.8646,,323.85,9.525,,,,,,8838.692,,,,,,,217689035.58879995,,,109052633.50719997,671869.624,879985.3368,,,,,,,
Pipe10STD,PIPE,1,Pipe250STD,60.270639715,,,,,8.636,,273.05,9.271,,,,,,7419.34,,,,,,,125701890.53119998,,,62850945.26559999,460476.4984,604682.6616,,,,,,,
Pipe8STD,PIPE,1,Pipe200STD,42.561488786,,,,,7.62,,219.075,8.1788,,,,,,5064.506,,,,,,,56607473.881599985,,,28345360.08335999,258915.6112,340850.9312,,,,,,,
Pipe6STD,PIPE,1,Pipe150STD,28.275114928,,,,,6.6294,,168.275,7.112,,,,,,3354.832,,,,,,,22018642.414239995,,,11030132.778399996,130932.64136,173702.8784,,,,,,,
Pipe5STD,PIPE,1,Pipe125STD,21.727193576,,,,,6.1214,,141.3002,6.5532,,,,,,2587.0916,,,,,,,11904218.772159997,,,5952109.386079999,84229.50896,111923.64712,,,,,,,
Pipe4STD,PIPE,1,Pipe100STD,16.072170591,,,,,5.6134,,114.3,6.0198,,,,,,1909.6736,,,,,,,5660747.388159999,,,2838698.322592,49652.80392,66367.6092,,,,,,,
Pipe3-1/2STD,PIPE,1,Pipe90STD,13.572055165,,,,,5.3594,,101.6,5.7404,,,,,,1612.9,,,,,,,3762732.087423999,,,1881366.043711999,37034.76464,49652.80392,,,,,,,
Pipe3STD,PIPE,1,Pipe80STD,11.280282692,,,,,5.1054,,88.9,5.4864,,,,,,1335.4812,,,,,,,2368356.811664,,,1186259.56296,26710.91432,35887.67016,,,,,,,
Pipe2-1/2STD,PIPE,1,Pipe65STD,8.631350873,,,,,4.8006,,73.025,5.1562,,,,,,1038.7076,,,,,,,1202908.819984,,,603535.56712,16550.93464,22450.27768,,,,,,,
Pipe2STD,PIPE,1,Pipe50STD,5.446680033,,,,,3.6322,,60.325,3.9116,,,,,,658.0632,,,,,,,520289.282,,,260977.1038512,8652.369792,11683.976632,,,,,,,
Pipe1-1/2STD,PIPE,1,Pipe40STD,4.047805927,,,,,3.429,,48.26,3.683,,,,,,483.22484,,,,,,,243911.6154016,,,121955.8077008,5063.602776,6898.953944,,,,,,,
Pipe1-1/4STD,PIPE,1,Pipe32STD,3.378132152,,,,,3.302,,42.164,3.556,,,,,,403.225,,,,,,,153173.1646208,,,76586.5823104,3637.928208,4998.05452,,,,,,,
Pipe1STD,PIPE,1,Pipe25STD,2.500115425,,,,,3.1496,,33.401,3.3782,,,,,,302.58004,,,,,,,69094.4166496,,,34547.2083248,2064.770064,2900.510328,,,,,,,
Pipe3/4STD,PIPE,1,Pipe20STD,1.681625256,,,,,2.667,,26.67,2.8702,,,,,,201.28992,,,,,,,29136.199792,,,14568.099896,1099.5719944,1543.6614288,,,,,,,
Pipe1/2STD,PIPE,1,Pipe15STD,1.264939352,,,,,2.5654,,21.336,2.7686,,,,,,150.96744,,,,,,,13319.4056192,,,6659.7028096,635.8180832,909.482052,,,,,,,
Pipe26XS,PIPE,1,Pipe650XS,202.390296325,,,,,11.811,,660.4,12.7,,,,,,23290.276,,,,,,,2455765411.0399995,,,1227882705.5199997,3719863.527999999,4817796.816,,,,,,,
Pipe24XS,PIPE,1,Pipe600XS,187.50865689,,,,,11.811,,609.6,12.7,,,,,,21483.828,,,,,,,1922989186.2719996,,,961494593.1359998,3146316.288,4096766,,,,,,,
Pipe20XS,PIPE,1,Pipe500XS,154.769050131,,,,,11.811,,508,12.7,,,,,,17806.416,,,,,,,1098850963.5839996,,,549425481.7919998,2163092.448,2818575.008,,,,,,,
Pipe18XS,PIPE,1,Pipe450XS,139.143328724,,,,,11.811,,457.2,12.7,,,,,,15999.968,,,,,,,795002022.8959998,,,397917242.8735999,1737028.784,2277801.896,,,,,,,
Pipe16XS,PIPE,1,Pipe400XS,123.368790922,,,,,11.811,,406.4,12.7,,,,,,14193.52,,,,,,,553587796.0479999,,,276793898.0239999,1361765.0184,1786189.976,,,,,,,
Pipe14XS,PIPE,1,Pipe350XS,107.445436726,,,,,11.811,,355.6,12.7,,,,,,12387.072,,,,,,,366283654.52799994,,,183141827.26399997,1030746.3256,1355210.1928,,,,,,,
Pipe12XS,PIPE,1,Pipe300XS,97.474738304,,,,,11.811,,323.85,12.7,,,,,,11290.3,,,,,,,282204906.55679995,,,141102453.27839997,871791.8048,1150371.8928,,,,,,,
Pipe10XS,PIPE,1,Pipe250XS,81.551384108,,,,,11.811,,273.05,12.7,,,,,,9741.916,,,,,,,165660107.38879997,,,82830053.69439998,606321.368,806243.5488,,,,,,,
Pipe8XS,PIPE,1,Pipe200XS,64.586315151,,,,,11.811,,219.075,12.7,,,,,,7677.404,,,,,,,82830053.69439998,,,41623142.55999999,378541.1784,507998.984,,,,,,,
Pipe6XS,PIPE,1,Pipe150XS,42.561488786,,,,,10.2362,,168.275,10.9728,,,,,,5051.6028,,,,,,,31883327.20095999,,,15941663.600479996,190089.9424,255638.1984,,,,,,,
Pipe5XS,PIPE,1,Pipe125XS,30.953810026,,,,,8.8646,,141.3002,9.525,,,,,,3696.7668,,,,,,,16233025.598399997,,,8116512.799199998,115037.18928,155677.108,,,,,,,
Pipe4XS,PIPE,1,Pipe100XS,22.322459154,,,,,8.001,,114.3,8.5598,,,,,,2670.9624,,,,,,,7575411.945919998,,,3796030.601471999,66367.6092,90620.46392,,,,,,,
Pipe3-1/2XS,PIPE,1,Pipe90XS,18.602049295,,,,,7.5184,,101.6,8.0772,,,,,,2212.8988,,,,,,,4953153.964639999,,,2472414.668064,48669.58008,66695.35048,,,,,,,
Pipe3XS,PIPE,1,Pipe80XS,15.328088619,,,,,7.112,,88.9,7.62,,,,,,1825.8028,,,,,,,3080112.549439999,,,1540056.27472,34576.70504,47686.35624,,,,,,,
Pipe2-1/2XS,PIPE,1,Pipe65XS,11.414217447,,,,,6.5278,,73.025,7.0104,,,,,,1354.836,,,,,,,1523407.017696,,,761703.508848,20811.57128,29005.10328,,,,,,,
Pipe2XS,PIPE,1,Pipe50XS,7.485464636,,,,,5.1816,,60.325,5.5372,,,,,,903.224,,,,,,,686781.85224,,,344223.3889712,11405.396544,15797.129696,,,,,,,
Pipe1-1/2XS,PIPE,1,Pipe40XS,5.402035115,,,,,4.7244,,48.26,5.08,,,,,,645.16,,,,,,,309676.1806464,,,154838.0903232,6423.729088,8996.498136,,,,,,,
Pipe1-1/4XS,PIPE,1,Pipe32XS,4.464491831,,,,,4.5212,,42.164,4.8514,,,,,,539.99892,,,,,,,192298.9186272,,,96149.4593136,4555.603792,6440.116152,,,,,,,
Pipe1XS,PIPE,1,Pipe25XS,3.229315758,,,,,4.2164,,33.401,4.5466,,,,,,388.38632,,,,,,,84078.7479712,,,42039.3739856,2523.607856,3621.541144,,,,,,,
Pipe3/4XS,PIPE,1,Pipe20XS,2.202482636,,,,,3.6322,,26.67,3.9116,,,,,,262.58012,,,,,,,35795.9026016,,,17897.9513008,1340.4618352,1950.060616,,,,,,,
Pipe1/2XS,PIPE,1,Pipe15XS,1.622098698,,,,,3.4798,,21.336,3.7338,,,,,,195.48348,,,,,,,15816.7941728,,,7908.3970864,757.0823568,1124.1525904,,,,,,,
Pipe12XXS,PIPE,1,Pipe300XXS,187.50865689,,,,,23.622,,323.85,25.4,,,,,,22838.664,,,,,,,520289281.9999999,,,260144640.99999994,1599377.4464,2195866.576,,,,,,,
Pipe10XXS,PIPE,1,Pipe250XXS,154.769050131,,,,,23.622,,273.05,25.4,,,,,,18580.608,,,,,,,295108080.75039995,,,147345924.66239998,1074991.3984,1489584.1176,,,,,,,
Pipe8XXS,PIPE,1,Pipe200XXS,107.891885909,,,,,20.7264,,219.075,22.225,,,,,,12903.2,,,,,,,128199279.08479998,,,64099639.54239999,586656.8912,817714.4936,,,,,,,
Pipe6XXS,PIPE,1,Pipe150XXS,79.170321798,,,,,20.447,,168.275,21.9456,,,,,,9483.852,,,,,,,52861391.05119999,,,26430695.525599994,314631.6288,449005.5536,,,,,,,
Pipe5XXS,PIPE,1,Pipe125XXS,57.443128222,,,,,17.7546,,141.3002,19.05,,,,,,6903.212,,,,,,,26805303.808639996,,,13402651.904319998,190089.9424,273663.9688,,,,,,,
Pipe4XXS,PIPE,1,Pipe100XXS,41.073324843,,,,,15.9512,,114.3,17.1196,,,,,,4941.9256,,,,,,,12237203.912639996,,,6118601.956319998,107007.52792,155677.108,,,,,,,
Pipe3XXS,PIPE,1,Pipe80XXS,27.67984935,,,,,14.1986,,88.9,15.24,,,,,,3335.4772,,,,,,,4828284.536959998,,,2409979.954223999,54241.18184,80132.74296,,,,,,,
Pipe2-1/2XXS,PIPE,1,Pipe65XXS,20.387846027,,,,,13.0556,,73.025,14.0208,,,,,,2470.9628,,,,,,,2314246.726335999,,,1157123.363168,31790.90416,47686.35624,,,,,,,
Pipe2XXS,PIPE,1,Pipe50XXS,13.45300205,,,,,10.3124,,60.325,11.0744,,,,,,1619.3516,,,,,,,1057227.821024,,,528613.910512,17534.15848,26219.3024,,,,,,,
